ticker,title,event_ticker,event_title,category,close_time,strike_date,days_to_expiry,yes_bid,no_bid,yes_ask,no_ask,yes_price,no_price,total_price,edge,opportunity_type,capital_required,profit,roi_percent,annualized_roi_percent,min_spread,liquidity_score
KXHIGHAUS-25OCT30-T76,"Will the **high temp in Austin** be >76° on Oct 30, 2025?",KXHIGHAUS-25OCT30,,,2025-10-31T04:59:00Z,,1,2.0,97.0,3.0,98.0,2.5,97.5,100.0,-99.0,sell_both,10000.0,9900.0,99.0,36135.0,1.0,0.0
KXHIGHAUS-25OCT30-T69,"Will the **high temp in Austin** be <69° on Oct 30, 2025?",KXHIGHAUS-25OCT30,,,2025-10-31T04:59:00Z,,1,2.0,95.0,5.0,98.0,3.5,96.5,100.0,-99.0,sell_both,10000.0,9900.0,99.0,36135.0,3.0,0.0
KXHIGHAUS-25OCT30-B75.5,"Will the **high temp in Austin** be 75-76° on Oct 30, 2025?",KXHIGHAUS-25OCT30,,,2025-10-31T04:59:00Z,,1,4.0,92.0,8.0,96.0,6.0,94.0,100.0,-99.0,sell_both,10000.0,9900.0,99.0,36135.0,4.0,0.0
KXHIGHAUS-25OCT30-B73.5,"Will the **high temp in Austin** be 73-74° on Oct 30, 2025?",KXHIGHAUS-25OCT30,,,2025-10-31T04:59:00Z,,1,32.0,65.0,35.0,68.0,33.5,66.5,100.0,-99.0,sell_both,10000.0,9900.0,99.0,36135.0,3.0,0.0
KXHIGHAUS-25OCT30-B71.5,"Will the **high temp in Austin** be 71-72° on Oct 30, 2025?",KXHIGHAUS-25OCT30,,,2025-10-31T04:59:00Z,,1,37.0,61.0,39.0,63.0,38.0,62.0,100.0,-99.0,sell_both,10000.0,9900.0,99.0,36135.0,2.0,0.0
KXHIGHAUS-25OCT30-B69.5,"Will the **high temp in Austin** be 69-70° on Oct 30, 2025?",KXHIGHAUS-25OCT30,,,2025-10-31T04:59:00Z,,1,19.0,80.0,20.0,81.0,19.5,80.5,100.0,-99.0,sell_both,10000.0,9900.0,99.0,36135.0,1.0,0.0
KXHIGHCHI-25OCT30-B57.5,"Will the high temp in Chicago be 57-58° on Oct 30, 2025?",KXHIGHCHI-25OCT30,,,2025-10-31T04:59:00Z,,1,39.0,58.0,42.0,61.0,40.5,59.5,100.0,-99.0,sell_both,10000.0,9900.0,99.0,36135.0,3.0,0.0
KXHIGHCHI-25OCT30-B55.5,"Will the high temp in Chicago be 55-56° on Oct 30, 2025?",KXHIGHCHI-25OCT30,,,2025-10-31T04:59:00Z,,1,39.0,59.0,41.0,61.0,40.0,60.0,100.0,-99.0,sell_both,10000.0,9900.0,99.0,36135.0,2.0,0.0
KXHIGHCHI-25OCT30-B53.5,"Will the high temp in Chicago be 53-54° on Oct 30, 2025?",KXHIGHCHI-25OCT30,,,2025-10-31T04:59:00Z,,1,11.0,85.0,15.0,89.0,13.0,87.0,100.0,-99.0,sell_both,10000.0,9900.0,99.0,36135.0,4.0,0.0
KXHIGHDEN-25OCT30-T52,"Will the **high temp in Denver** be <52° on Oct 30, 2025?",KXHIGHDEN-25OCT30,,,2025-10-31T05:59:00Z,,1,2.0,95.0,5.0,98.0,3.5,96.5,100.0,-99.0,sell_both,10000.0,9900.0,99.0,36135.0,3.0,0.0
KXHIGHDEN-25OCT30-B58.5,"Will the **high temp in Denver** be 58-59° on Oct 30, 2025?",KXHIGHDEN-25OCT30,,,2025-10-31T05:59:00Z,,1,4.0,95.0,5.0,96.0,4.5,95.5,100.0,-99.0,sell_both,10000.0,9900.0,99.0,36135.0,1.0,0.0
KXHIGHDEN-25OCT30-B56.5,"Will the **high temp in Denver** be 56-57° on Oct 30, 2025?",KXHIGHDEN-25OCT30,,,2025-10-31T05:59:00Z,,1,31.0,63.0,37.0,69.0,34.0,66.0,100.0,-99.0,sell_both,10000.0,9900.0,99.0,36135.0,6.0,0.0
KXHIGHDEN-25OCT30-B54.5,"Will the **high temp in Denver** be 54-55° on Oct 30, 2025?",KXHIGHDEN-25OCT30,,,2025-10-31T05:59:00Z,,1,37.0,58.0,42.0,63.0,39.5,60.5,100.0,-99.0,sell_both,10000.0,9900.0,99.0,36135.0,5.0,0.0
KXHIGHLAX-25OCT30-T84,"Will the **high temp in LA** be >84° on Oct 30, 2025?",KXHIGHLAX-25OCT30,,,2025-10-31T06:59:00Z,,1,11.0,85.0,15.0,89.0,13.0,87.0,100.0,-99.0,sell_both,10000.0,9900.0,99.0,36135.0,4.0,0.0
KXHIGHLAX-25OCT30-T77,"Will the **high temp in LA** be <77° on Oct 30, 2025?",KXHIGHLAX-25OCT30,,,2025-10-31T06:59:00Z,,1,1.0,98.0,2.0,99.0,1.5,98.5,100.0,-99.0,sell_both,10000.0,9900.0,99.0,36135.0,1.0,0.0
KXHIGHLAX-25OCT30-B83.5,"Will the **high temp in LA** be 83-84° on Oct 30, 2025?",KXHIGHLAX-25OCT30,,,2025-10-31T06:59:00Z,,1,25.0,73.0,27.0,75.0,26.0,74.0,100.0,-99.0,sell_both,10000.0,9900.0,99.0,36135.0,2.0,0.0
KXHIGHLAX-25OCT30-B81.5,"Will the **high temp in LA** be 81-82° on Oct 30, 2025?",KXHIGHLAX-25OCT30,,,2025-10-31T06:59:00Z,,1,41.0,54.0,46.0,59.0,43.5,56.5,100.0,-99.0,sell_both,10000.0,9900.0,99.0,36135.0,5.0,0.0
KXHIGHLAX-25OCT30-B79.5,"Will the **high temp in LA** be 79-80° on Oct 30, 2025?",KXHIGHLAX-25OCT30,,,2025-10-31T06:59:00Z,,1,18.0,79.0,21.0,82.0,19.5,80.5,100.0,-99.0,sell_both,10000.0,9900.0,99.0,36135.0,3.0,0.0
KXHIGHLAX-25OCT30-B77.5,"Will the **high temp in LA** be 77-78° on Oct 30, 2025?",KXHIGHLAX-25OCT30,,,2025-10-31T06:59:00Z,,1,2.0,97.0,3.0,98.0,2.5,97.5,100.0,-99.0,sell_both,10000.0,9900.0,99.0,36135.0,1.0,0.0
KXHIGHMIA-25OCT30-T85,"Will the **high temp in Miami** be >85° on Oct 30, 2025?",KXHIGHMIA-25OCT30,,,2025-10-31T03:59:00Z,,1,2.0,97.0,3.0,98.0,2.5,97.5,100.0,-99.0,sell_both,10000.0,9900.0,99.0,36135.0,1.0,0.0
KXHIGHMIA-25OCT30-T78,"Will the **high temp in Miami** be <78° on Oct 30, 2025?",KXHIGHMIA-25OCT30,,,2025-10-31T03:59:00Z,,1,3.0,95.0,5.0,97.0,4.0,96.0,100.0,-99.0,sell_both,10000.0,9900.0,99.0,36135.0,2.0,0.0
KXHIGHMIA-25OCT30-B84.5,"Will the **high temp in Miami** be 84-85° on Oct 30, 2025?",KXHIGHMIA-25OCT30,,,2025-10-31T03:59:00Z,,1,3.0,95.0,5.0,97.0,4.0,96.0,100.0,-99.0,sell_both,10000.0,9900.0,99.0,36135.0,2.0,0.0
KXHIGHMIA-25OCT30-B82.5,"Will the **high temp in Miami** be 82-83° on Oct 30, 2025?",KXHIGHMIA-25OCT30,,,2025-10-31T03:59:00Z,,1,21.0,75.0,25.0,79.0,23.0,77.0,100.0,-99.0,sell_both,10000.0,9900.0,99.0,36135.0,4.0,0.0
KXHIGHMIA-25OCT30-B80.5,"Will the **high temp in Miami** be 80-81° on Oct 30, 2025?",KXHIGHMIA-25OCT30,,,2025-10-31T03:59:00Z,,1,49.0,49.0,51.0,51.0,50.0,50.0,100.0,-99.0,sell_both,10000.0,9900.0,99.0,36135.0,2.0,0.0
KXHIGHMIA-25OCT30-B78.5,"Will the **high temp in Miami** be 78-79° on Oct 30, 2025?",KXHIGHMIA-25OCT30,,,2025-10-31T03:59:00Z,,1,23.0,72.0,28.0,77.0,25.5,74.5,100.0,-99.0,sell_both,10000.0,9900.0,99.0,36135.0,5.0,0.0
KXHIGHNY-25OCT30-T65,"Will the **high temp in NYC** be >65° on Oct 30, 2025?",KXHIGHNY-25OCT30,,,2025-10-31T03:59:00Z,,1,1.0,97.0,3.0,99.0,2.0,98.0,100.0,-99.0,sell_both,10000.0,9900.0,99.0,36135.0,2.0,0.0
KXHIGHNY-25OCT30-T58,"Will the **high temp in NYC** be <58° on Oct 30, 2025?",KXHIGHNY-25OCT30,,,2025-10-31T03:59:00Z,,1,2.0,97.0,3.0,98.0,2.5,97.5,100.0,-99.0,sell_both,10000.0,9900.0,99.0,36135.0,1.0,0.0
KXHIGHNY-25OCT30-B64.5,"Will the **high temp in NYC** be 64-65° on Oct 30, 2025?",KXHIGHNY-25OCT30,,,2025-10-31T03:59:00Z,,1,14.0,84.0,16.0,86.0,15.0,85.0,100.0,-99.0,sell_both,10000.0,9900.0,99.0,36135.0,2.0,0.0
KXHIGHNY-25OCT30-B62.5,"Will the **high temp in NYC** be 62-63° on Oct 30, 2025?",KXHIGHNY-25OCT30,,,2025-10-31T03:59:00Z,,1,40.0,57.0,43.0,60.0,41.5,58.5,100.0,-99.0,sell_both,10000.0,9900.0,99.0,36135.0,3.0,0.0
KXHIGHNY-25OCT30-B60.5,"Will the **high temp in NYC** be 60-61° on Oct 30, 2025?",KXHIGHNY-25OCT30,,,2025-10-31T03:59:00Z,,1,37.0,58.0,42.0,63.0,39.5,60.5,100.0,-99.0,sell_both,10000.0,9900.0,99.0,36135.0,5.0,0.0
KXHIGHNY-25OCT30-B58.5,"Will the **high temp in NYC** be 58-59° on Oct 30, 2025?",KXHIGHNY-25OCT30,,,2025-10-31T03:59:00Z,,1,6.0,91.0,9.0,94.0,7.5,92.5,100.0,-99.0,sell_both,10000.0,9900.0,99.0,36135.0,3.0,0.0
KXHIGHPHIL-25OCT30-T68,"Will the **high temp in Philadelphia** be >68° on Oct 30, 2025?",KXHIGHPHIL-25OCT30,,,2025-10-31T03:59:00Z,,1,9.0,87.0,13.0,91.0,11.0,89.0,100.0,-99.0,sell_both,10000.0,9900.0,99.0,36135.0,4.0,0.0
KXHIGHPHIL-25OCT30-B67.5,"Will the **high temp in Philadelphia** be 67-68° on Oct 30, 2025?",KXHIGHPHIL-25OCT30,,,2025-10-31T03:59:00Z,,1,33.0,61.0,39.0,67.0,36.0,64.0,100.0,-99.0,sell_both,10000.0,9900.0,99.0,36135.0,6.0,0.0
KXHIGHPHIL-25OCT30-B65.5,"Will the **high temp in Philadelphia** be 65-66° on Oct 30, 2025?",KXHIGHPHIL-25OCT30,,,2025-10-31T03:59:00Z,,1,34.0,62.0,38.0,66.0,36.0,64.0,100.0,-99.0,sell_both,10000.0,9900.0,99.0,36135.0,4.0,0.0
KXHIGHPHIL-25OCT30-B63.5,"Will the **high temp in Philadelphia** be 63-64° on Oct 30, 2025?",KXHIGHPHIL-25OCT30,,,2025-10-31T03:59:00Z,,1,11.0,87.0,13.0,89.0,12.0,88.0,100.0,-99.0,sell_both,10000.0,9900.0,99.0,36135.0,2.0,0.0
KXHIGHPHIL-25OCT30-B61.5,"Will the **high temp in Philadelphia** be 61-62° on Oct 30, 2025?",KXHIGHPHIL-25OCT30,,,2025-10-31T03:59:00Z,,1,2.0,94.0,6.0,98.0,4.0,96.0,100.0,-99.0,sell_both,10000.0,9900.0,99.0,36135.0,4.0,0.0
KXETH-25OCT3017-B4100,"Ethereum price at Oct 30, 2025 at 5pm EDT?",KXETH-25OCT3017,,,2025-10-30T21:00:00Z,,1,1.0,93.0,7.0,99.0,4.0,96.0,100.0,-99.0,sell_both,10000.0,9900.0,99.0,36135.0,6.0,0.0
KXETH-25OCT3017-B4060,"Ethereum price at Oct 30, 2025 at 5pm EDT?",KXETH-25OCT3017,,,2025-10-30T21:00:00Z,,1,2.0,91.0,9.0,98.0,5.5,94.5,100.0,-99.0,sell_both,10000.0,9900.0,99.0,36135.0,7.0,0.0
KXETH-25OCT3017-B4020,"Ethereum price at Oct 30, 2025 at 5pm EDT?",KXETH-25OCT3017,,,2025-10-30T21:00:00Z,,1,4.0,90.0,10.0,96.0,7.0,93.0,100.0,-99.0,sell_both,10000.0,9900.0,99.0,36135.0,6.0,0.0
KXETH-25OCT3017-B3980,"Ethereum price at Oct 30, 2025 at 5pm EDT?",KXETH-25OCT3017,,,2025-10-30T21:00:00Z,,1,4.0,88.0,12.0,96.0,8.0,92.0,100.0,-99.0,sell_both,10000.0,9900.0,99.0,36135.0,8.0,0.0
KXETH-25OCT3017-B3940,"Ethereum price at Oct 30, 2025 at 5pm EDT?",KXETH-25OCT3017,,,2025-10-30T21:00:00Z,,1,6.0,86.0,14.0,94.0,10.0,90.0,100.0,-99.0,sell_both,10000.0,9900.0,99.0,36135.0,8.0,0.0
KXETH-25OCT3017-B3900,"Ethereum price at Oct 30, 2025 at 5pm EDT?",KXETH-25OCT3017,,,2025-10-30T21:00:00Z,,1,6.0,86.0,14.0,94.0,10.0,90.0,100.0,-99.0,sell_both,10000.0,9900.0,99.0,36135.0,8.0,0.0
KXETH-25OCT3017-B3860,"Ethereum price at Oct 30, 2025 at 5pm EDT?",KXETH-25OCT3017,,,2025-10-30T21:00:00Z,,1,6.0,86.0,14.0,94.0,10.0,90.0,100.0,-99.0,sell_both,10000.0,9900.0,99.0,36135.0,8.0,0.0
KXETH-25OCT3017-B3820,"Ethereum price at Oct 30, 2025 at 5pm EDT?",KXETH-25OCT3017,,,2025-10-30T21:00:00Z,,1,5.0,88.0,12.0,95.0,8.5,91.5,100.0,-99.0,sell_both,10000.0,9900.0,99.0,36135.0,7.0,0.0
KXETH-25OCT3017-B3780,"Ethereum price at Oct 30, 2025 at 5pm EDT?",KXETH-25OCT3017,,,2025-10-30T21:00:00Z,,1,3.0,90.0,10.0,97.0,6.5,93.5,100.0,-99.0,sell_both,10000.0,9900.0,99.0,36135.0,7.0,0.0
KXETH-25OCT3017-B3740,"Ethereum price at Oct 30, 2025 at 5pm EDT?",KXETH-25OCT3017,,,2025-10-30T21:00:00Z,,1,2.0,90.0,10.0,98.0,6.0,94.0,100.0,-99.0,sell_both,10000.0,9900.0,99.0,36135.0,8.0,0.0
KXETH-25OCT3017-B3700,"Ethereum price at Oct 30, 2025 at 5pm EDT?",KXETH-25OCT3017,,,2025-10-30T21:00:00Z,,1,1.0,93.0,7.0,99.0,4.0,96.0,100.0,-99.0,sell_both,10000.0,9900.0,99.0,36135.0,6.0,0.0
KXETHD-25OCT3017-T4279.99,"Ethereum price at Oct 30, 2025 at 5pm EDT?",KXETHD-25OCT3017,,,2025-10-30T21:00:00Z,,1,1.0,93.0,7.0,99.0,4.0,96.0,100.0,-99.0,sell_both,10000.0,9900.0,99.0,36135.0,6.0,0.0
KXETHD-25OCT3017-T4239.99,"Ethereum price at Oct 30, 2025 at 5pm EDT?",KXETHD-25OCT3017,,,2025-10-30T21:00:00Z,,1,1.0,93.0,7.0,99.0,4.0,96.0,100.0,-99.0,sell_both,10000.0,9900.0,99.0,36135.0,6.0,0.0
KXETHD-25OCT3017-T4199.99,"Ethereum price at Oct 30, 2025 at 5pm EDT?",KXETHD-25OCT3017,,,2025-10-30T21:00:00Z,,1,2.0,92.0,8.0,98.0,5.0,95.0,100.0,-99.0,sell_both,10000.0,9900.0,99.0,36135.0,6.0,0.0
KXETHD-25OCT3017-T4159.99,"Ethereum price at Oct 30, 2025 at 5pm EDT?",KXETHD-25OCT3017,,,2025-10-30T21:00:00Z,,1,4.0,91.0,9.0,96.0,6.5,93.5,100.0,-99.0,sell_both,10000.0,9900.0,99.0,36135.0,5.0,0.0
KXETHD-25OCT3017-T4119.99,"Ethereum price at Oct 30, 2025 at 5pm EDT?",KXETHD-25OCT3017,,,2025-10-30T21:00:00Z,,1,7.0,88.0,12.0,93.0,9.5,90.5,100.0,-99.0,sell_both,10000.0,9900.0,99.0,36135.0,5.0,0.0
KXETHD-25OCT3017-T4079.99,"Ethereum price at Oct 30, 2025 at 5pm EDT?",KXETHD-25OCT3017,,,2025-10-30T21:00:00Z,,1,11.0,85.0,15.0,89.0,13.0,87.0,100.0,-99.0,sell_both,10000.0,9900.0,99.0,36135.0,4.0,0.0
KXETHD-25OCT3017-T4039.99,"Ethereum price at Oct 30, 2025 at 5pm EDT?",KXETHD-25OCT3017,,,2025-10-30T21:00:00Z,,1,16.0,80.0,20.0,84.0,18.0,82.0,100.0,-99.0,sell_both,10000.0,9900.0,99.0,36135.0,4.0,0.0
KXETHD-25OCT3017-T3999.99,"Ethereum price at Oct 30, 2025 at 5pm EDT?",KXETHD-25OCT3017,,,2025-10-30T21:00:00Z,,1,23.0,73.0,27.0,77.0,25.0,75.0,100.0,-99.0,sell_both,10000.0,9900.0,99.0,36135.0,4.0,0.0
KXETHD-25OCT3017-T3959.99,"Ethereum price at Oct 30, 2025 at 5pm EDT?",KXETHD-25OCT3017,,,2025-10-30T21:00:00Z,,1,31.0,64.0,36.0,69.0,33.5,66.5,100.0,-99.0,sell_both,10000.0,9900.0,99.0,36135.0,5.0,0.0
KXETHD-25OCT3017-T3919.99,"Ethereum price at Oct 30, 2025 at 5pm EDT?",KXETHD-25OCT3017,,,2025-10-30T21:00:00Z,,1,40.0,54.0,46.0,60.0,43.0,57.0,100.0,-99.0,sell_both,10000.0,9900.0,99.0,36135.0,6.0,0.0
KXETHD-25OCT3017-T3879.99,"Ethereum price at Oct 30, 2025 at 5pm EDT?",KXETHD-25OCT3017,,,2025-10-30T21:00:00Z,,1,49.0,45.0,55.0,51.0,52.0,48.0,100.0,-99.0,sell_both,10000.0,9900.0,99.0,36135.0,6.0,0.0
KXETHD-25OCT3017-T3839.99,"Ethereum price at Oct 30, 2025 at 5pm EDT?",KXETHD-25OCT3017,,,2025-10-30T21:00:00Z,,1,60.0,34.0,66.0,40.0,63.0,37.0,100.0,-99.0,sell_both,10000.0,9900.0,99.0,36135.0,6.0,0.0
KXETHD-25OCT3017-T3799.99,"Ethereum price at Oct 30, 2025 at 5pm EDT?",KXETHD-25OCT3017,,,2025-10-30T21:00:00Z,,1,69.0,25.0,75.0,31.0,72.0,28.0,100.0,-99.0,sell_both,10000.0,9900.0,99.0,36135.0,6.0,0.0
KXETHD-25OCT3017-T3759.99,"Ethereum price at Oct 30, 2025 at 5pm EDT?",KXETHD-25OCT3017,,,2025-10-30T21:00:00Z,,1,78.0,18.0,82.0,22.0,80.0,20.0,100.0,-99.0,sell_both,10000.0,9900.0,99.0,36135.0,4.0,0.0
KXETHD-25OCT3017-T3719.99,"Ethereum price at Oct 30, 2025 at 5pm EDT?",KXETHD-25OCT3017,,,2025-10-30T21:00:00Z,,1,84.0,12.0,88.0,16.0,86.0,14.0,100.0,-99.0,sell_both,10000.0,9900.0,99.0,36135.0,4.0,0.0
KXETHD-25OCT3017-T3679.99,"Ethereum price at Oct 30, 2025 at 5pm EDT?",KXETHD-25OCT3017,,,2025-10-30T21:00:00Z,,1,89.0,8.0,92.0,11.0,90.5,9.5,100.0,-99.0,sell_both,10000.0,9900.0,99.0,36135.0,3.0,0.0
KXETHD-25OCT3017-T3639.99,"Ethereum price at Oct 30, 2025 at 5pm EDT?",KXETHD-25OCT3017,,,2025-10-30T21:00:00Z,,1,91.0,5.0,95.0,9.0,93.0,7.0,100.0,-99.0,sell_both,10000.0,9900.0,99.0,36135.0,4.0,0.0
KXETHD-25OCT3017-T3599.99,"Ethereum price at Oct 30, 2025 at 5pm EDT?",KXETHD-25OCT3017,,,2025-10-30T21:00:00Z,,1,93.0,2.0,98.0,7.0,95.5,4.5,100.0,-99.0,sell_both,10000.0,9900.0,99.0,36135.0,5.0,0.0
KXETHD-25OCT3017-T3559.99,"Ethereum price at Oct 30, 2025 at 5pm EDT?",KXETHD-25OCT3017,,,2025-10-30T21:00:00Z,,1,94.0,1.0,99.0,6.0,96.5,3.5,100.0,-99.0,sell_both,10000.0,9900.0,99.0,36135.0,5.0,0.0
KXBTC-25OCT3017-T103500,"Bitcoin price range  on Oct 30, 2025?",KXBTC-25OCT3017,,,2025-10-30T21:00:00Z,,1,1.0,93.0,7.0,99.0,4.0,96.0,100.0,-99.0,sell_both,10000.0,9900.0,99.0,36135.0,6.0,0.0
KXBTC-25OCT3017-B112750,"Bitcoin price range  on Oct 30, 2025?",KXBTC-25OCT3017,,,2025-10-30T21:00:00Z,,1,2.0,91.0,9.0,98.0,5.5,94.5,100.0,-99.0,sell_both,10000.0,9900.0,99.0,36135.0,7.0,0.0
KXBTC-25OCT3017-B112250,"Bitcoin price range  on Oct 30, 2025?",KXBTC-25OCT3017,,,2025-10-30T21:00:00Z,,1,2.0,91.0,9.0,98.0,5.5,94.5,100.0,-99.0,sell_both,10000.0,9900.0,99.0,36135.0,7.0,0.0
KXBTC-25OCT3017-B111750,"Bitcoin price range  on Oct 30, 2025?",KXBTC-25OCT3017,,,2025-10-30T21:00:00Z,,1,2.0,90.0,10.0,98.0,6.0,94.0,100.0,-99.0,sell_both,10000.0,9900.0,99.0,36135.0,8.0,0.0
KXBTC-25OCT3017-B111250,"Bitcoin price range  on Oct 30, 2025?",KXBTC-25OCT3017,,,2025-10-30T21:00:00Z,,1,3.0,89.0,11.0,97.0,7.0,93.0,100.0,-99.0,sell_both,10000.0,9900.0,99.0,36135.0,8.0,0.0
KXBTC-25OCT3017-B110750,"Bitcoin price range  on Oct 30, 2025?",KXBTC-25OCT3017,,,2025-10-30T21:00:00Z,,1,3.0,89.0,11.0,97.0,7.0,93.0,100.0,-99.0,sell_both,10000.0,9900.0,99.0,36135.0,8.0,0.0
KXBTC-25OCT3017-B110250,"Bitcoin price range  on Oct 30, 2025?",KXBTC-25OCT3017,,,2025-10-30T21:00:00Z,,1,3.0,89.0,11.0,97.0,7.0,93.0,100.0,-99.0,sell_both,10000.0,9900.0,99.0,36135.0,8.0,0.0
KXBTC-25OCT3017-B109250,"Bitcoin price range  on Oct 30, 2025?",KXBTC-25OCT3017,,,2025-10-30T21:00:00Z,,1,2.0,90.0,10.0,98.0,6.0,94.0,100.0,-99.0,sell_both,10000.0,9900.0,99.0,36135.0,8.0,0.0
KXBTC-25OCT3017-B108750,"Bitcoin price range  on Oct 30, 2025?",KXBTC-25OCT3017,,,2025-10-30T21:00:00Z,,1,1.0,91.0,9.0,99.0,5.0,95.0,100.0,-99.0,sell_both,10000.0,9900.0,99.0,36135.0,8.0,0.0
KXBTC-25OCT3017-B108250,"Bitcoin price range  on Oct 30, 2025?",KXBTC-25OCT3017,,,2025-10-30T21:00:00Z,,1,1.0,92.0,8.0,99.0,4.5,95.5,100.0,-99.0,sell_both,10000.0,9900.0,99.0,36135.0,7.0,0.0
KXBTCD-25OCT3017-T117999.99,"Bitcoin price  on Oct 30, 2025?",KXBTCD-25OCT3017,,,2025-10-30T21:00:00Z,,1,1.0,94.0,6.0,99.0,3.5,96.5,100.0,-99.0,sell_both,10000.0,9900.0,99.0,36135.0,5.0,0.0
KXBTCD-25OCT3017-T117499.99,"Bitcoin price  on Oct 30, 2025?",KXBTCD-25OCT3017,,,2025-10-30T21:00:00Z,,1,1.0,93.0,7.0,99.0,4.0,96.0,100.0,-99.0,sell_both,10000.0,9900.0,99.0,36135.0,6.0,0.0
KXBTCD-25OCT3017-T116999.99,"Bitcoin price  on Oct 30, 2025?",KXBTCD-25OCT3017,,,2025-10-30T21:00:00Z,,1,2.0,93.0,7.0,98.0,4.5,95.5,100.0,-99.0,sell_both,10000.0,9900.0,99.0,36135.0,5.0,0.0
KXBTCD-25OCT3017-T116499.99,"Bitcoin price  on Oct 30, 2025?",KXBTCD-25OCT3017,,,2025-10-30T21:00:00Z,,1,2.0,92.0,8.0,98.0,5.0,95.0,100.0,-99.0,sell_both,10000.0,9900.0,99.0,36135.0,6.0,0.0
KXBTCD-25OCT3017-T115999.99,"Bitcoin price  on Oct 30, 2025?",KXBTCD-25OCT3017,,,2025-10-30T21:00:00Z,,1,4.0,92.0,8.0,96.0,6.0,94.0,100.0,-99.0,sell_both,10000.0,9900.0,99.0,36135.0,4.0,0.0
KXBTCD-25OCT3017-T115499.99,"Bitcoin price  on Oct 30, 2025?",KXBTCD-25OCT3017,,,2025-10-30T21:00:00Z,,1,5.0,91.0,9.0,95.0,7.0,93.0,100.0,-99.0,sell_both,10000.0,9900.0,99.0,36135.0,4.0,0.0
KXBTCD-25OCT3017-T114999.99,"Bitcoin price  on Oct 30, 2025?",KXBTCD-25OCT3017,,,2025-10-30T21:00:00Z,,1,7.0,89.0,11.0,93.0,9.0,91.0,100.0,-99.0,sell_both,10000.0,9900.0,99.0,36135.0,4.0,0.0
KXBTCD-25OCT3017-T114499.99,"Bitcoin price  on Oct 30, 2025?",KXBTCD-25OCT3017,,,2025-10-30T21:00:00Z,,1,9.0,84.0,16.0,91.0,12.5,87.5,100.0,-99.0,sell_both,10000.0,9900.0,99.0,36135.0,7.0,2.23606797749979
KXBTCD-25OCT3017-T113999.99,"Bitcoin price  on Oct 30, 2025?",KXBTCD-25OCT3017,,,2025-10-30T21:00:00Z,,1,12.0,82.0,18.0,88.0,15.0,85.0,100.0,-99.0,sell_both,10000.0,9900.0,99.0,36135.0,6.0,2.23606797749979
KXBTCD-25OCT3017-T113499.99,"Bitcoin price  on Oct 30, 2025?",KXBTCD-25OCT3017,,,2025-10-30T21:00:00Z,,1,15.0,79.0,21.0,85.0,18.0,82.0,100.0,-99.0,sell_both,10000.0,9900.0,99.0,36135.0,6.0,2.258317958127243
KXBTCD-25OCT3017-T112999.99,"Bitcoin price  on Oct 30, 2025?",KXBTCD-25OCT3017,,,2025-10-30T21:00:00Z,,1,19.0,76.0,24.0,81.0,21.5,78.5,100.0,-99.0,sell_both,10000.0,9900.0,99.0,36135.0,5.0,2.3021728866442674
KXBTCD-25OCT3017-T112499.99,"Bitcoin price  on Oct 30, 2025?",KXBTCD-25OCT3017,,,2025-10-30T21:00:00Z,,1,25.0,73.0,27.0,75.0,26.0,74.0,100.0,-99.0,sell_both,10000.0,9900.0,99.0,36135.0,2.0,1.2349089035228469
KXBTCD-25OCT3017-T111999.99,"Bitcoin price  on Oct 30, 2025?",KXBTCD-25OCT3017,,,2025-10-30T21:00:00Z,,1,31.0,63.0,37.0,69.0,34.0,66.0,100.0,-99.0,sell_both,10000.0,9900.0,99.0,36135.0,6.0,2.280350850198276
KXBTCD-25OCT3017-T111499.99,"Bitcoin price  on Oct 30, 2025?",KXBTCD-25OCT3017,,,2025-10-30T21:00:00Z,,1,35.0,62.0,38.0,65.0,36.5,63.5,100.0,-99.0,sell_both,10000.0,9900.0,99.0,36135.0,3.0,2.307596151842865
KXBTCD-25OCT3017-T110999.99,"Bitcoin price  on Oct 30, 2025?",KXBTCD-25OCT3017,,,2025-10-30T21:00:00Z,,1,44.0,54.0,46.0,56.0,45.0,55.0,100.0,-99.0,sell_both,10000.0,9900.0,99.0,36135.0,2.0,1.2747548783981961
KXBTCD-25OCT3017-T110499.99,"Bitcoin price  on Oct 30, 2025?",KXBTCD-25OCT3017,,,2025-10-30T21:00:00Z,,1,52.0,41.0,59.0,48.0,55.5,44.5,100.0,-99.0,sell_both,10000.0,9900.0,99.0,36135.0,7.0,2.3130067012440754
KXBTCD-25OCT3017-T109999.99,"Bitcoin price  on Oct 30, 2025?",KXBTCD-25OCT3017,,,2025-10-30T21:00:00Z,,1,56.0,39.0,61.0,44.0,58.5,41.5,100.0,-99.0,sell_both,10000.0,9900.0,99.0,36135.0,5.0,1.3228756555322954
KXBTCD-25OCT3017-T109499.99,"Bitcoin price  on Oct 30, 2025?",KXBTCD-25OCT3017,,,2025-10-30T21:00:00Z,,1,62.0,26.0,74.0,38.0,68.0,32.0,100.0,-99.0,sell_both,10000.0,9900.0,99.0,36135.0,12.0,2.3130067012440754
KXBTCD-25OCT3017-T108999.99,"Bitcoin price  on Oct 30, 2025?",KXBTCD-25OCT3017,,,2025-10-30T21:00:00Z,,1,68.0,26.0,74.0,32.0,71.0,29.0,100.0,-99.0,sell_both,10000.0,9900.0,99.0,36135.0,6.0,1.5
KXBTCD-25OCT3017-T108499.99,"Bitcoin price  on Oct 30, 2025?",KXBTCD-25OCT3017,,,2025-10-30T21:00:00Z,,1,76.0,23.0,77.0,24.0,76.5,23.5,100.0,-99.0,sell_both,10000.0,9900.0,99.0,36135.0,1.0,1.3693063937629153
KXBTCD-25OCT3017-T107999.99,"Bitcoin price  on Oct 30, 2025?",KXBTCD-25OCT3017,,,2025-10-30T21:00:00Z,,1,80.0,17.0,83.0,20.0,81.5,18.5,100.0,-99.0,sell_both,10000.0,9900.0,99.0,36135.0,3.0,0.5244044240850758
KXBTCD-25OCT3017-T107499.99,"Bitcoin price  on Oct 30, 2025?",KXBTCD-25OCT3017,,,2025-10-30T21:00:00Z,,1,84.0,13.0,87.0,16.0,85.5,14.5,100.0,-99.0,sell_both,10000.0,9900.0,99.0,36135.0,3.0,0.6324555320336759
KXBTCD-25OCT3017-T106999.99,"Bitcoin price  on Oct 30, 2025?",KXBTCD-25OCT3017,,,2025-10-30T21:00:00Z,,1,87.0,9.0,91.0,13.0,89.0,11.0,100.0,-99.0,sell_both,10000.0,9900.0,99.0,36135.0,4.0,0.5
KXBTCD-25OCT3017-T106499.99,"Bitcoin price  on Oct 30, 2025?",KXBTCD-25OCT3017,,,2025-10-30T21:00:00Z,,1,89.0,5.0,95.0,11.0,92.0,8.0,100.0,-99.0,sell_both,10000.0,9900.0,99.0,36135.0,6.0,0.0
KXBTCD-25OCT3017-T105999.99,"Bitcoin price  on Oct 30, 2025?",KXBTCD-25OCT3017,,,2025-10-30T21:00:00Z,,1,91.0,5.0,95.0,9.0,93.0,7.0,100.0,-99.0,sell_both,10000.0,9900.0,99.0,36135.0,4.0,0.0
KXBTCD-25OCT3017-T105499.99,"Bitcoin price  on Oct 30, 2025?",KXBTCD-25OCT3017,,,2025-10-30T21:00:00Z,,1,92.0,4.0,96.0,8.0,94.0,6.0,100.0,-99.0,sell_both,10000.0,9900.0,99.0,36135.0,4.0,0.0
KXBTCD-25OCT3017-T104999.99,"Bitcoin price  on Oct 30, 2025?",KXBTCD-25OCT3017,,,2025-10-30T21:00:00Z,,1,93.0,3.0,97.0,7.0,95.0,5.0,100.0,-99.0,sell_both,10000.0,9900.0,99.0,36135.0,4.0,0.0
KXBTCD-25OCT3017-T104499.99,"Bitcoin price  on Oct 30, 2025?",KXBTCD-25OCT3017,,,2025-10-30T21:00:00Z,,1,93.0,2.0,98.0,7.0,95.5,4.5,100.0,-99.0,sell_both,10000.0,9900.0,99.0,36135.0,5.0,0.0
KXBTCD-25OCT3017-T103999.99,"Bitcoin price  on Oct 30, 2025?",KXBTCD-25OCT3017,,,2025-10-30T21:00:00Z,,1,94.0,1.0,99.0,6.0,96.5,3.5,100.0,-99.0,sell_both,10000.0,9900.0,99.0,36135.0,5.0,0.0
KXBTCD-25OCT3017-T103499.99,"Bitcoin price  on Oct 30, 2025?",KXBTCD-25OCT3017,,,2025-10-30T21:00:00Z,,1,94.0,1.0,99.0,6.0,96.5,3.5,100.0,-99.0,sell_both,10000.0,9900.0,99.0,36135.0,5.0,0.0
KXBTC-25OCT2921-T123499.99,"Bitcoin price range  on Oct 29, 2025?",KXBTC-25OCT2921,,,2025-10-30T01:00:00Z,,1,2.0,1.0,99.0,98.0,50.5,49.5,100.0,-99.0,sell_both,10000.0,9900.0,99.0,36135.0,97.0,0.0
KXBTC-25OCT2921-B105375,"Bitcoin price range  on Oct 29, 2025?",KXBTC-25OCT2921,,,2025-10-30T01:00:00Z,,1,2.0,1.0,99.0,98.0,50.5,49.5,100.0,-99.0,sell_both,10000.0,9900.0,99.0,36135.0,97.0,0.0
KXBTCD-25OCT2921-T104999.99,"Bitcoin price  on Oct 29, 2025?",KXBTCD-25OCT2921,,,2025-10-30T01:00:00Z,,1,2.0,1.0,99.0,98.0,50.5,49.5,100.0,-99.0,sell_both,10000.0,9900.0,99.0,36135.0,97.0,0.0
KXXRP-25OCT2921-T3.3399,"Ripple price at Oct 29, 2025 at 9pm EDT?",KXXRP-25OCT2921,,,2025-10-30T01:00:00Z,,1,1.0,2.0,98.0,99.0,49.5,50.5,100.0,-99.0,sell_both,10000.0,9900.0,99.0,36135.0,97.0,0.015811388300841896
KXXRP-25OCT2921-B3.3299500,"Ripple price at Oct 29, 2025 at 9pm EDT?",KXXRP-25OCT2921,,,2025-10-30T01:00:00Z,,1,2.0,1.0,99.0,98.0,50.5,49.5,100.0,-99.0,sell_both,10000.0,9900.0,99.0,36135.0,97.0,0.0
KXXRP-25OCT2921-B3.3099500,"Ripple price at Oct 29, 2025 at 9pm EDT?",KXXRP-25OCT2921,,,2025-10-30T01:00:00Z,,1,1.0,2.0,98.0,99.0,49.5,50.5,100.0,-99.0,sell_both,10000.0,9900.0,99.0,36135.0,97.0,0.0
KXXRP-25OCT2921-B3.2899500,"Ripple price at Oct 29, 2025 at 9pm EDT?",KXXRP-25OCT2921,,,2025-10-30T01:00:00Z,,1,2.0,1.0,99.0,98.0,50.5,49.5,100.0,-99.0,sell_both,10000.0,9900.0,99.0,36135.0,97.0,0.0
KXXRP-25OCT2921-B3.2699500,"Ripple price at Oct 29, 2025 at 9pm EDT?",KXXRP-25OCT2921,,,2025-10-30T01:00:00Z,,1,1.0,2.0,98.0,99.0,49.5,50.5,100.0,-99.0,sell_both,10000.0,9900.0,99.0,36135.0,97.0,0.0
KXXRP-25OCT2921-B3.2499500,"Ripple price at Oct 29, 2025 at 9pm EDT?",KXXRP-25OCT2921,,,2025-10-30T01:00:00Z,,1,2.0,1.0,99.0,98.0,50.5,49.5,100.0,-99.0,sell_both,10000.0,9900.0,99.0,36135.0,97.0,0.0
KXXRP-25OCT2921-B3.2099500,"Ripple price at Oct 29, 2025 at 9pm EDT?",KXXRP-25OCT2921,,,2025-10-30T01:00:00Z,,1,1.0,2.0,98.0,99.0,49.5,50.5,100.0,-99.0,sell_both,10000.0,9900.0,99.0,36135.0,97.0,0.0
KXXRP-25OCT2921-B3.1299500,"Ripple price at Oct 29, 2025 at 9pm EDT?",KXXRP-25OCT2921,,,2025-10-30T01:00:00Z,,1,2.0,1.0,99.0,98.0,50.5,49.5,100.0,-99.0,sell_both,10000.0,9900.0,99.0,36135.0,97.0,0.04743416490252569
KXXRP-25OCT2921-B3.1099500,"Ripple price at Oct 29, 2025 at 9pm EDT?",KXXRP-25OCT2921,,,2025-10-30T01:00:00Z,,1,2.0,1.0,99.0,98.0,50.5,49.5,100.0,-99.0,sell_both,10000.0,9900.0,99.0,36135.0,97.0,0.0
KXXRP-25OCT2921-B3.0499500,"Ripple price at Oct 29, 2025 at 9pm EDT?",KXXRP-25OCT2921,,,2025-10-30T01:00:00Z,,1,2.0,1.0,99.0,98.0,50.5,49.5,100.0,-99.0,sell_both,10000.0,9900.0,99.0,36135.0,97.0,0.0
KXXRP-25OCT2921-B3.0299500,"Ripple price at Oct 29, 2025 at 9pm EDT?",KXXRP-25OCT2921,,,2025-10-30T01:00:00Z,,1,1.0,2.0,98.0,99.0,49.5,50.5,100.0,-99.0,sell_both,10000.0,9900.0,99.0,36135.0,97.0,0.05
KXXRP-25OCT2921-B3.0099500,"Ripple price at Oct 29, 2025 at 9pm EDT?",KXXRP-25OCT2921,,,2025-10-30T01:00:00Z,,1,2.0,1.0,99.0,98.0,50.5,49.5,100.0,-99.0,sell_both,10000.0,9900.0,99.0,36135.0,97.0,0.0
KXXRP-25OCT2921-B2.9899500,"Ripple price at Oct 29, 2025 at 9pm EDT?",KXXRP-25OCT2921,,,2025-10-30T01:00:00Z,,1,2.0,1.0,99.0,98.0,50.5,49.5,100.0,-99.0,sell_both,10000.0,9900.0,99.0,36135.0,97.0,0.0
KXXRP-25OCT2921-B2.9699500,"Ripple price at Oct 29, 2025 at 9pm EDT?",KXXRP-25OCT2921,,,2025-10-30T01:00:00Z,,1,2.0,1.0,99.0,98.0,50.5,49.5,100.0,-99.0,sell_both,10000.0,9900.0,99.0,36135.0,97.0,0.0
KXXRP-25OCT2921-B2.9099500,"Ripple price at Oct 29, 2025 at 9pm EDT?",KXXRP-25OCT2921,,,2025-10-30T01:00:00Z,,1,2.0,1.0,99.0,98.0,50.5,49.5,100.0,-99.0,sell_both,10000.0,9900.0,99.0,36135.0,97.0,0.0
KXXRP-25OCT2921-B2.8499500,"Ripple price at Oct 29, 2025 at 9pm EDT?",KXXRP-25OCT2921,,,2025-10-30T01:00:00Z,,1,1.0,2.0,98.0,99.0,49.5,50.5,100.0,-99.0,sell_both,10000.0,9900.0,99.0,36135.0,97.0,0.0
KXXRP-25OCT2921-B2.8299500,"Ripple price at Oct 29, 2025 at 9pm EDT?",KXXRP-25OCT2921,,,2025-10-30T01:00:00Z,,1,2.0,1.0,99.0,98.0,50.5,49.5,100.0,-99.0,sell_both,10000.0,9900.0,99.0,36135.0,97.0,0.0
KXXRP-25OCT2921-B2.8099500,"Ripple price at Oct 29, 2025 at 9pm EDT?",KXXRP-25OCT2921,,,2025-10-30T01:00:00Z,,1,1.0,2.0,98.0,99.0,49.5,50.5,100.0,-99.0,sell_both,10000.0,9900.0,99.0,36135.0,97.0,0.0
KXXRP-25OCT2921-B2.7499500,"Ripple price at Oct 29, 2025 at 9pm EDT?",KXXRP-25OCT2921,,,2025-10-30T01:00:00Z,,1,1.0,1.0,99.0,99.0,50.0,50.0,100.0,-99.0,sell_both,10000.0,9900.0,99.0,36135.0,98.0,0.0
KXXRP-25OCT2921-B2.7299500,"Ripple price at Oct 29, 2025 at 9pm EDT?",KXXRP-25OCT2921,,,2025-10-30T01:00:00Z,,1,1.0,1.0,99.0,99.0,50.0,50.0,100.0,-99.0,sell_both,10000.0,9900.0,99.0,36135.0,98.0,0.0
KXXRP-25OCT2921-B2.7099500,"Ripple price at Oct 29, 2025 at 9pm EDT?",KXXRP-25OCT2921,,,2025-10-30T01:00:00Z,,1,1.0,1.0,99.0,99.0,50.0,50.0,100.0,-99.0,sell_both,10000.0,9900.0,99.0,36135.0,98.0,0.0
KXXRP-25OCT2921-B2.6499500,"Ripple price at Oct 29, 2025 at 9pm EDT?",KXXRP-25OCT2921,,,2025-10-30T01:00:00Z,,1,1.0,1.0,99.0,99.0,50.0,50.0,100.0,-99.0,sell_both,10000.0,9900.0,99.0,36135.0,98.0,0.0
KXXRP-25OCT2921-B2.6299500,"Ripple price at Oct 29, 2025 at 9pm EDT?",KXXRP-25OCT2921,,,2025-10-30T01:00:00Z,,1,1.0,1.0,99.0,99.0,50.0,50.0,100.0,-99.0,sell_both,10000.0,9900.0,99.0,36135.0,98.0,0.0
KXXRP-25OCT2921-B2.6099500,"Ripple price at Oct 29, 2025 at 9pm EDT?",KXXRP-25OCT2921,,,2025-10-30T01:00:00Z,,1,1.0,1.0,99.0,99.0,50.0,50.0,100.0,-99.0,sell_both,10000.0,9900.0,99.0,36135.0,98.0,0.0
KXXRP-25OCT2921-B2.5699500,"Ripple price at Oct 29, 2025 at 9pm EDT?",KXXRP-25OCT2921,,,2025-10-30T01:00:00Z,,1,1.0,1.0,99.0,99.0,50.0,50.0,100.0,-99.0,sell_both,10000.0,9900.0,99.0,36135.0,98.0,0.0
KXXRP-25OCT2921-B2.5299500,"Ripple price at Oct 29, 2025 at 9pm EDT?",KXXRP-25OCT2921,,,2025-10-30T01:00:00Z,,1,1.0,1.0,99.0,99.0,50.0,50.0,100.0,-99.0,sell_both,10000.0,9900.0,99.0,36135.0,98.0,0.0
KXAPPRANKFREE-25OCT30-CHA,"Top US iPhone app on Oct 30, 2025?",KXAPPRANKFREE-25OCT30,,,2025-10-30T14:00:00Z,,1,54.0,6.0,94.0,46.0,74.0,26.0,100.0,-99.0,sell_both,10000.0,9900.0,99.0,36135.0,40.0,0.0
KXAPRPOTUS-25OCT31-46.3,Will the President's approval rating be between 46.1 and 46.5 according to RealClearPolitics?,KXAPRPOTUS-25OCT31,,,2025-10-31T15:00:00Z,,1,1.0,97.0,3.0,99.0,2.0,98.0,100.0,-99.0,sell_both,10000.0,9900.0,99.0,36135.0,2.0,0.0
KXAPRPOTUS-25OCT31-45.8,Will the President's approval rating be between 45.6 and 46.0 according to RealClearPolitics?,KXAPRPOTUS-25OCT31,,,2025-10-31T15:00:00Z,,1,5.0,89.0,11.0,95.0,8.0,92.0,100.0,-99.0,sell_both,10000.0,9900.0,99.0,36135.0,6.0,0.0
KXAPRPOTUS-25OCT31-45.3,Will the President's approval rating be between 45.1 and 45.5 according to RealClearPolitics?,KXAPRPOTUS-25OCT31,,,2025-10-31T15:00:00Z,,1,29.0,54.0,46.0,71.0,37.5,62.5,100.0,-99.0,sell_both,10000.0,9900.0,99.0,36135.0,17.0,0.0
KXAPRPOTUS-25OCT31-44.8,Will the President's approval rating be between 44.6 and 45.0 according to RealClearPolitics?,KXAPRPOTUS-25OCT31,,,2025-10-31T15:00:00Z,,1,35.0,53.0,47.0,65.0,41.0,59.0,100.0,-99.0,sell_both,10000.0,9900.0,99.0,36135.0,12.0,0.0
KXAPRPOTUS-25OCT31-44.6,Will the President's approval rating be below 44.6 according to RealClearPolitics?,KXAPRPOTUS-25OCT31,,,2025-10-31T15:00:00Z,,1,12.0,79.0,21.0,88.0,16.5,83.5,100.0,-99.0,sell_both,10000.0,9900.0,99.0,36135.0,9.0,0.0
KXBTCD-25OCT3117-T99999.99,"Bitcoin price  on Oct 31, 2025?",KXBTCD-25OCT3117,,,2025-10-31T21:00:00Z,,1,91.0,3.0,97.0,9.0,94.0,6.0,100.0,-99.0,sell_both,10000.0,9900.0,99.0,36135.0,6.0,0.0
KXBTCD-25OCT3117-T99499.99,"Bitcoin price  on Oct 31, 2025?",KXBTCD-25OCT3117,,,2025-10-31T21:00:00Z,,1,91.0,3.0,97.0,9.0,94.0,6.0,100.0,-99.0,sell_both,10000.0,9900.0,99.0,36135.0,6.0,0.0
KXBTCD-25OCT3117-T98999.99,"Bitcoin price  on Oct 31, 2025?",KXBTCD-25OCT3117,,,2025-10-31T21:00:00Z,,1,92.0,2.0,98.0,8.0,95.0,5.0,100.0,-99.0,sell_both,10000.0,9900.0,99.0,36135.0,6.0,0.0
KXBTCD-25OCT3117-T98499.99,"Bitcoin price  on Oct 31, 2025?",KXBTCD-25OCT3117,,,2025-10-31T21:00:00Z,,1,92.0,2.0,98.0,8.0,95.0,5.0,100.0,-99.0,sell_both,10000.0,9900.0,99.0,36135.0,6.0,0.0
KXBTCD-25OCT3117-T122999.99,"Bitcoin price  on Oct 31, 2025?",KXBTCD-25OCT3117,,,2025-10-31T21:00:00Z,,1,3.0,91.0,9.0,97.0,6.0,94.0,100.0,-99.0,sell_both,10000.0,9900.0,99.0,36135.0,6.0,0.0
KXBTCD-25OCT3117-T122499.99,"Bitcoin price  on Oct 31, 2025?",KXBTCD-25OCT3117,,,2025-10-31T21:00:00Z,,1,4.0,90.0,10.0,96.0,7.0,93.0,100.0,-99.0,sell_both,10000.0,9900.0,99.0,36135.0,6.0,0.0
KXBTCD-25OCT3117-T121999.99,"Bitcoin price  on Oct 31, 2025?",KXBTCD-25OCT3117,,,2025-10-31T21:00:00Z,,1,4.0,90.0,10.0,96.0,7.0,93.0,100.0,-99.0,sell_both,10000.0,9900.0,99.0,36135.0,6.0,0.0
KXBTCD-25OCT3117-T120999.99,"Bitcoin price  on Oct 31, 2025?",KXBTCD-25OCT3117,,,2025-10-31T21:00:00Z,,1,5.0,18.0,82.0,95.0,43.5,56.5,100.0,-99.0,sell_both,10000.0,9900.0,99.0,36135.0,77.0,2.23606797749979
KXBTCD-25OCT3117-T117999.99,"Bitcoin price  on Oct 31, 2025?",KXBTCD-25OCT3117,,,2025-10-31T21:00:00Z,,1,1.0,56.0,44.0,99.0,22.5,77.5,100.0,-99.0,sell_both,10000.0,9900.0,99.0,36135.0,43.0,3.150396800404673
KXBTCD-25OCT3117-T117499.99,"Bitcoin price  on Oct 31, 2025?",KXBTCD-25OCT3117,,,2025-10-31T21:00:00Z,,1,2.0,56.0,44.0,98.0,23.0,77.0,100.0,-99.0,sell_both,10000.0,9900.0,99.0,36135.0,42.0,3.150396800404673
KXBTCD-25OCT3117-T116999.99,"Bitcoin price  on Oct 31, 2025?",KXBTCD-25OCT3117,,,2025-10-31T21:00:00Z,,1,4.0,56.0,44.0,96.0,24.0,76.0,100.0,-99.0,sell_both,10000.0,9900.0,99.0,36135.0,40.0,3.150396800404673
KXBTCD-25OCT3117-T116499.99,"Bitcoin price  on Oct 31, 2025?",KXBTCD-25OCT3117,,,2025-10-31T21:00:00Z,,1,5.0,56.0,44.0,95.0,24.5,75.5,100.0,-99.0,sell_both,10000.0,9900.0,99.0,36135.0,39.0,3.02435943631044
KXBTCD-25OCT3117-T115999.99,"Bitcoin price  on Oct 31, 2025?",KXBTCD-25OCT3117,,,2025-10-31T21:00:00Z,,1,7.0,56.0,44.0,93.0,25.5,74.5,100.0,-99.0,sell_both,10000.0,9900.0,99.0,36135.0,37.0,3.152776554086889
KXBTCD-25OCT3117-T115499.99,"Bitcoin price  on Oct 31, 2025?",KXBTCD-25OCT3117,,,2025-10-31T21:00:00Z,,1,9.0,56.0,44.0,91.0,26.5,73.5,100.0,-99.0,sell_both,10000.0,9900.0,99.0,36135.0,35.0,3.230518534229451
KXBTCD-25OCT3117-T114999.99,"Bitcoin price  on Oct 31, 2025?",KXBTCD-25OCT3117,,,2025-10-31T21:00:00Z,,1,12.0,55.0,45.0,88.0,28.5,71.5,100.0,-99.0,sell_both,10000.0,9900.0,99.0,36135.0,33.0,3.1758857032330368
KXBTCD-25OCT3117-T114499.99,"Bitcoin price  on Oct 31, 2025?",KXBTCD-25OCT3117,,,2025-10-31T21:00:00Z,,1,14.0,55.0,45.0,86.0,29.5,70.5,100.0,-99.0,sell_both,10000.0,9900.0,99.0,36135.0,31.0,3.0583492279332654
KXBTCD-25OCT3117-T113999.99,"Bitcoin price  on Oct 31, 2025?",KXBTCD-25OCT3117,,,2025-10-31T21:00:00Z,,1,18.0,55.0,45.0,82.0,31.5,68.5,100.0,-99.0,sell_both,10000.0,9900.0,99.0,36135.0,27.0,4.201844832927556
KXBTCD-25OCT3117-T113499.99,"Bitcoin price  on Oct 31, 2025?",KXBTCD-25OCT3117,,,2025-10-31T21:00:00Z,,1,21.0,55.0,45.0,79.0,33.0,67.0,100.0,-99.0,sell_both,10000.0,9900.0,99.0,36135.0,24.0,4.196307901000593
KXBTCD-25OCT3117-T112999.99,"Bitcoin price  on Oct 31, 2025?",KXBTCD-25OCT3117,,,2025-10-31T21:00:00Z,,1,25.0,55.0,45.0,75.0,35.0,65.0,100.0,-99.0,sell_both,10000.0,9900.0,99.0,36135.0,20.0,3.1741140496207754
KXBTCD-25OCT3117-T112499.99,"Bitcoin price  on Oct 31, 2025?",KXBTCD-25OCT3117,,,2025-10-31T21:00:00Z,,1,29.0,55.0,45.0,71.0,37.0,63.0,100.0,-99.0,sell_both,10000.0,9900.0,99.0,36135.0,16.0,3.1622776601683795
KXBTCD-25OCT3117-T111999.99,"Bitcoin price  on Oct 31, 2025?",KXBTCD-25OCT3117,,,2025-10-31T21:00:00Z,,1,33.0,55.0,45.0,67.0,39.0,61.0,100.0,-99.0,sell_both,10000.0,9900.0,99.0,36135.0,12.0,3.1741140496207754
KXBTCD-25OCT3117-T111499.99,"Bitcoin price  on Oct 31, 2025?",KXBTCD-25OCT3117,,,2025-10-31T21:00:00Z,,1,40.0,54.0,46.0,60.0,43.0,57.0,100.0,-99.0,sell_both,10000.0,9900.0,99.0,36135.0,6.0,2.252776065213762
KXBTCD-25OCT3117-T110999.99,"Bitcoin price  on Oct 31, 2025?",KXBTCD-25OCT3117,,,2025-10-31T21:00:00Z,,1,46.0,52.0,48.0,54.0,47.0,53.0,100.0,-99.0,sell_both,10000.0,9900.0,99.0,36135.0,2.0,2.252776065213762
KXBTCD-25OCT3117-T110499.99,"Bitcoin price  on Oct 31, 2025?",KXBTCD-25OCT3117,,,2025-10-31T21:00:00Z,,1,50.0,49.0,51.0,50.0,50.5,49.5,100.0,-99.0,sell_both,10000.0,9900.0,99.0,36135.0,1.0,2.252776065213762
KXBTCD-25OCT3117-T109999.99,"Bitcoin price  on Oct 31, 2025?",KXBTCD-25OCT3117,,,2025-10-31T21:00:00Z,,1,52.0,46.0,54.0,48.0,53.0,47.0,100.0,-99.0,sell_both,10000.0,9900.0,99.0,36135.0,2.0,2.252776065213762
KXBTCD-25OCT3117-T109499.99,"Bitcoin price  on Oct 31, 2025?",KXBTCD-25OCT3117,,,2025-10-31T21:00:00Z,,1,53.0,37.0,63.0,47.0,58.0,42.0,100.0,-99.0,sell_both,10000.0,9900.0,99.0,36135.0,10.0,2.252776065213762
KXBTCD-25OCT3117-T108999.99,"Bitcoin price  on Oct 31, 2025?",KXBTCD-25OCT3117,,,2025-10-31T21:00:00Z,,1,56.0,28.0,72.0,44.0,64.0,36.0,100.0,-99.0,sell_both,10000.0,9900.0,99.0,36135.0,16.0,2.252776065213762
KXBTCD-25OCT3117-T108499.99,"Bitcoin price  on Oct 31, 2025?",KXBTCD-25OCT3117,,,2025-10-31T21:00:00Z,,1,59.0,20.0,80.0,41.0,69.5,30.5,100.0,-99.0,sell_both,10000.0,9900.0,99.0,36135.0,21.0,2.252776065213762
KXBTCD-25OCT3117-T107999.99,"Bitcoin price  on Oct 31, 2025?",KXBTCD-25OCT3117,,,2025-10-31T21:00:00Z,,1,62.0,8.0,92.0,38.0,77.0,23.0,100.0,-99.0,sell_both,10000.0,9900.0,99.0,36135.0,30.0,2.252776065213762
KXBTCD-25OCT3117-T107499.99,"Bitcoin price  on Oct 31, 2025?",KXBTCD-25OCT3117,,,2025-10-31T21:00:00Z,,1,64.0,4.0,96.0,36.0,80.0,20.0,100.0,-99.0,sell_both,10000.0,9900.0,99.0,36135.0,32.0,2.252776065213762
KXBTCD-25OCT3117-T106999.99,"Bitcoin price  on Oct 31, 2025?",KXBTCD-25OCT3117,,,2025-10-31T21:00:00Z,,1,67.0,1.0,99.0,33.0,83.0,17.0,100.0,-99.0,sell_both,10000.0,9900.0,99.0,36135.0,32.0,2.252776065213762
KXBTCD-25OCT3117-T104999.99,"Bitcoin price  on Oct 31, 2025?",KXBTCD-25OCT3117,,,2025-10-31T21:00:00Z,,1,77.0,5.0,95.0,23.0,86.0,14.0,100.0,-99.0,sell_both,10000.0,9900.0,99.0,36135.0,18.0,2.23606797749979
KXBTCD-25OCT3117-T104499.99,"Bitcoin price  on Oct 31, 2025?",KXBTCD-25OCT3117,,,2025-10-31T21:00:00Z,,1,79.0,3.0,97.0,21.0,88.0,12.0,100.0,-99.0,sell_both,10000.0,9900.0,99.0,36135.0,18.0,2.23606797749979
KXBTCD-25OCT3117-T103999.99,"Bitcoin price  on Oct 31, 2025?",KXBTCD-25OCT3117,,,2025-10-31T21:00:00Z,,1,81.0,1.0,99.0,19.0,90.0,10.0,100.0,-99.0,sell_both,10000.0,9900.0,99.0,36135.0,18.0,2.23606797749979
KXBTCD-25OCT3117-T100999.99,"Bitcoin price  on Oct 31, 2025?",KXBTCD-25OCT3117,,,2025-10-31T21:00:00Z,,1,90.0,4.0,96.0,10.0,93.0,7.0,100.0,-99.0,sell_both,10000.0,9900.0,99.0,36135.0,6.0,0.0
KXBTCD-25OCT3117-T100499.99,"Bitcoin price  on Oct 31, 2025?",KXBTCD-25OCT3117,,,2025-10-31T21:00:00Z,,1,90.0,4.0,96.0,10.0,93.0,7.0,100.0,-99.0,sell_both,10000.0,9900.0,99.0,36135.0,6.0,0.0
KXEARNINGSMENTIONHOOD-25OCT29-SHUT,"What will Robinhood Markets, Inc. say during their next earnings call?",KXEARNINGSMENTIONHOOD-25OCT29,,,2025-10-30T14:00:00Z,,1,7.0,84.0,16.0,93.0,11.5,88.5,100.0,-99.0,sell_both,10000.0,9900.0,99.0,36135.0,9.0,0.0
KXEARNINGSMENTIONCOINBASE-25OCT29-SHUT,"What will Coinbase Global, Inc. say during their next earnings call?",KXEARNINGSMENTIONCOINBASE-25OCT29,,,2025-10-31T03:59:00Z,,1,8.0,83.0,17.0,92.0,12.5,87.5,100.0,-99.0,sell_both,10000.0,9900.0,99.0,36135.0,9.0,0.0
KXEARNINGSMENTIONAAPL-25OCT30-SHUT,What will Apple Inc. say during their next earnings call?,KXEARNINGSMENTIONAAPL-25OCT30,,,2025-10-31T14:00:00Z,,1,14.0,77.0,23.0,86.0,18.5,81.5,100.0,-99.0,sell_both,10000.0,9900.0,99.0,36135.0,9.0,0.0
KXEARNINGSMENTIONAMZN-25OCT30-SHUT,"What will Amazon.com, Inc. say during their next earnings call?",KXEARNINGSMENTIONAMZN-25OCT30,,,2025-10-31T14:00:00Z,,1,15.0,75.0,25.0,85.0,20.0,80.0,100.0,-99.0,sell_both,10000.0,9900.0,99.0,36135.0,10.0,0.0
KXEARNINGSMENTIONEA-25OCT28-SHUT,What will Electronic Arts Inc. say during their next earnings call?,KXEARNINGSMENTIONEA-25OCT28,,,2025-10-30T14:00:00Z,,1,2.0,93.0,7.0,98.0,4.5,95.5,100.0,-99.0,sell_both,10000.0,9900.0,99.0,36135.0,5.0,0.0
KXMLBRFI-25OCT15TORSEA,Toronto vs Seattle (Game 3) First Inning Run?,KXMLBRFI-25OCT15TORSEA,,,2025-10-30T00:08:00Z,,1,1.0,8.0,92.0,99.0,46.5,53.5,100.0,-99.0,sell_both,10000.0,9900.0,99.0,36135.0,91.0,0.0
KXCBVOLUME-Q3-25-300,Coinbase volume in Q3 2025?,KXCBVOLUME-Q3-25,,,2025-10-31T20:00:00Z,,1,12.0,53.0,47.0,88.0,29.5,70.5,100.0,-99.0,sell_both,10000.0,9900.0,99.0,36135.0,35.0,0.0
KXAAAGASM-25OCT31-3.05,Will average **gas prices** be above $3.05?,KXAAAGASM-25OCT31,,,2025-10-31T03:59:00Z,,1,8.0,86.0,14.0,92.0,11.0,89.0,100.0,-99.0,sell_both,10000.0,9900.0,99.0,36135.0,6.0,0.0
KXGDP-25OCT30-T4.0,Will **real GDP** increase by more than 4.0% in Q3 2025?,KXGDP-25OCT30,,,2025-10-30T12:29:00Z,,1,21.0,78.0,22.0,79.0,21.5,78.5,100.0,-99.0,sell_both,10000.0,9900.0,99.0,36135.0,1.0,2.307000216731676
KXGDP-25OCT30-T3.5,Will **real GDP** increase by more than 3.5% in Q3 2025?,KXGDP-25OCT30,,,2025-10-30T12:29:00Z,,1,54.0,41.0,59.0,46.0,56.5,43.5,100.0,-99.0,sell_both,10000.0,9900.0,99.0,36135.0,5.0,2.4587090108428855
KXGDP-25OCT30-T3.0,Will **real GDP** increase by more than 3.0% in Q3 2025?,KXGDP-25OCT30,,,2025-10-30T12:29:00Z,,1,80.0,16.0,84.0,20.0,82.0,18.0,100.0,-99.0,sell_both,10000.0,9900.0,99.0,36135.0,4.0,2.163850734223597
KXGDP-25OCT30-T2.5,Will **real GDP** increase by more than 2.5% in Q3 2025?,KXGDP-25OCT30,,,2025-10-30T12:29:00Z,,1,92.0,6.0,94.0,8.0,93.0,7.0,100.0,-99.0,sell_both,10000.0,9900.0,99.0,36135.0,2.0,2.287902969970536
KXGDP-25OCT30-T2.0,Will **real GDP** increase by more than 2.0% in Q3 2025?,KXGDP-25OCT30,,,2025-10-30T12:29:00Z,,1,95.0,3.0,97.0,5.0,96.0,4.0,100.0,-99.0,sell_both,10000.0,9900.0,99.0,36135.0,2.0,2.440747836217416
KXGDP-25OCT30-T1.5,Will **real GDP** increase by more than 1.5% in Q3 2025?,KXGDP-25OCT30,,,2025-10-30T12:29:00Z,,1,97.0,1.0,99.0,3.0,98.0,2.0,100.0,-99.0,sell_both,10000.0,9900.0,99.0,36135.0,2.0,1.8779643234097925
KXGDP-25OCT30-T0.5,Will **real GDP** increase by more than 0.5% in Q3 2025?,KXGDP-25OCT30,,,2025-10-30T12:29:00Z,,1,98.0,1.0,99.0,2.0,98.5,1.5,100.0,-99.0,sell_both,10000.0,9900.0,99.0,36135.0,1.0,2.027498458692386
KXGDP-25OCT30-T0.0,Will **real GDP** increase by more than 0.0% in Q3 2025?,KXGDP-25OCT30,,,2025-10-30T12:29:00Z,,1,98.0,1.0,99.0,2.0,98.5,1.5,100.0,-99.0,sell_both,10000.0,9900.0,99.0,36135.0,1.0,2.0820062439867946
KXMEDIARELEASEUPONLY-25NOV01-UPON,"Will A New Episode of the UpOnly Podcast be released in Worldwide before Nov 1, 2025?",KXMEDIARELEASEUPONLY,,,2025-11-01T04:00:00Z,,2,1.0,72.0,28.0,99.0,14.5,85.5,100.0,-99.0,sell_both,10000.0,9900.0,99.0,18067.5,27.0,0.0
KXDIDDYPUBLIC-25NOV01,"Will Sean Combs be seen in public before Nov 1, 2025?",KXDIDDYPUBLIC-25NOV01,,,2025-11-01T03:59:00Z,,2,3.0,96.0,4.0,97.0,3.5,96.5,100.0,-99.0,sell_both,10000.0,9900.0,99.0,18067.5,1.0,0.0
KXLOUVRETHIEVESCHARGE-26JAN01-25NOV01,"Will any person be charged with a crime in relation to the October 19, 2025 theft of France's Crown Jewels from the Apollo Gallery in the Louvre Museum crime before Nov 1, 2025?",KXLOUVRETHIEVESCHARGE-26JAN01,,,2025-11-01T03:59:00Z,,2,84.0,10.0,90.0,16.0,87.0,13.0,100.0,-99.0,sell_both,10000.0,9900.0,99.0,18067.5,6.0,0.43387786299833275
KXMUSKTAGDJT-25OCT,Will Elon Musk tag Donald Trump in a post on X in Oct 2025?,KXMUSKTAGDJT-25OCT,,,2025-11-01T03:59:00Z,,2,8.0,90.0,10.0,92.0,9.0,91.0,100.0,-99.0,sell_both,10000.0,9900.0,99.0,18067.5,2.0,0.0
KXBILLBOARDRUNNERUPSONG-25NOV08-THE,"Billboard 100 #2 on Nov 8, 2025 chart?",KXBILLBOARDRUNNERUPSONG-25NOV08,,,2025-11-03T03:59:00Z,,4,8.0,86.0,14.0,92.0,11.0,89.0,100.0,-99.0,sell_both,10000.0,9900.0,99.0,9033.75,6.0,0.0
KXBILLBOARDRUNNERUPSONG-25NOV08-GOL,"Billboard 100 #2 on Nov 8, 2025 chart?",KXBILLBOARDRUNNERUPSONG-25NOV08,,,2025-11-03T03:59:00Z,,4,83.0,9.0,91.0,17.0,87.0,13.0,100.0,-99.0,sell_both,10000.0,9900.0,99.0,9033.75,8.0,0.0
KXGOVNYNOMD-25-JW,Wil Jumaane Williams be the Democratic nominee for Governor in New York?,KXGOVNYNOMD-25,,,2025-11-03T15:00:00Z,,4,1.0,98.0,2.0,99.0,1.5,98.5,100.0,-99.0,sell_both,10000.0,9900.0,99.0,9033.75,1.0,2.18963467272511
KXGOVNYNOMD-25-RT,Wil Ritchie Torres be the Democratic nominee for Governor in New York?,KXGOVNYNOMD-25,,,2025-11-03T15:00:00Z,,4,2.0,97.0,3.0,98.0,2.5,97.5,100.0,-99.0,sell_both,10000.0,9900.0,99.0,9033.75,1.0,2.0556629101095343
KXGOVNYNOMD-25-LJ,Wil Letitia James be the Democratic nominee for Governor in New York?,KXGOVNYNOMD-25,,,2025-11-03T15:00:00Z,,4,1.0,98.0,2.0,99.0,1.5,98.5,100.0,-99.0,sell_both,10000.0,9900.0,99.0,9033.75,1.0,2.2894322440290735
KXGOVNYNOMD-25-KH,Wil Kathy Hochul be the Democratic nominee for Governor in New York?,KXGOVNYNOMD-25,,,2025-11-03T15:00:00Z,,4,82.0,16.0,84.0,18.0,83.0,17.0,100.0,-99.0,sell_both,10000.0,9900.0,99.0,9033.75,2.0,2.121968425778291
KXGOVNYNOMD-25-AD,Wil Antonio Delgado be the Democratic nominee for Governor in New York?,KXGOVNYNOMD-25,,,2025-11-03T15:00:00Z,,4,13.0,86.0,14.0,87.0,13.5,86.5,100.0,-99.0,sell_both,10000.0,9900.0,99.0,9033.75,1.0,2.011964214393487
KXNETFLIXRANKSHOW-25NOV03-WIT,"Top Netflix show on Nov 3, 2025?",KXNETFLIXRANKSHOW-25NOV03,,,2025-11-04T04:59:00Z,,5,25.0,2.0,98.0,75.0,61.5,38.5,100.0,-99.0,sell_both,10000.0,9900.0,99.0,7227.0,73.0,0.0
KXEARNINGSMENTIONPLTR-25NOV03-NVID,What will Palantir Technologies Inc. say during their next earnings call?,KXEARNINGSMENTIONPLTR-25NOV03,,,2025-11-04T15:00:00Z,,5,40.0,10.0,90.0,60.0,65.0,35.0,100.0,-99.0,sell_both,10000.0,9900.0,99.0,7227.0,50.0,0.0
KXEARNINGSMENTIONPLTR-25NOV03-HEAL,What will Palantir Technologies Inc. say during their next earnings call?,KXEARNINGSMENTIONPLTR-25NOV03,,,2025-11-04T15:00:00Z,,5,40.0,10.0,90.0,60.0,65.0,35.0,100.0,-99.0,sell_both,10000.0,9900.0,99.0,7227.0,50.0,0.0
KXNFLMENTION-25NOV04-WILD,What will Joe Buck and/or Troy Aikman say during Arizona at Dallas pro football game commentary?,KXNFLMENTION-25NOV04,,,2025-11-04T15:00:00Z,,5,16.0,11.0,89.0,84.0,52.5,47.5,100.0,-99.0,sell_both,10000.0,9900.0,99.0,7227.0,73.0,0.0
KXNFLMENTION-25NOV04-WHAT,What will Joe Buck and/or Troy Aikman say during Arizona at Dallas pro football game commentary?,KXNFLMENTION-25NOV04,,,2025-11-04T15:00:00Z,,5,17.0,11.0,89.0,83.0,53.0,47.0,100.0,-99.0,sell_both,10000.0,9900.0,99.0,7227.0,72.0,0.0
KXNFLMENTION-25NOV04-VETE,What will Joe Buck and/or Troy Aikman say during Arizona at Dallas pro football game commentary?,KXNFLMENTION-25NOV04,,,2025-11-04T15:00:00Z,,5,11.0,11.0,89.0,89.0,50.0,50.0,100.0,-99.0,sell_both,10000.0,9900.0,99.0,7227.0,78.0,0.15811388300841897
KXNFLMENTION-25NOV04-TURF,What will Joe Buck and/or Troy Aikman say during Arizona at Dallas pro football game commentary?,KXNFLMENTION-25NOV04,,,2025-11-04T15:00:00Z,,5,29.0,13.0,87.0,71.0,58.0,42.0,100.0,-99.0,sell_both,10000.0,9900.0,99.0,7227.0,58.0,0.0
KXNFLMENTION-25NOV04-TRAD,What will Joe Buck and/or Troy Aikman say during Arizona at Dallas pro football game commentary?,KXNFLMENTION-25NOV04,,,2025-11-04T15:00:00Z,,5,11.0,6.0,94.0,89.0,52.5,47.5,100.0,-99.0,sell_both,10000.0,9900.0,99.0,7227.0,83.0,0.0
KXNFLMENTION-25NOV04-TIE,What will Joe Buck and/or Troy Aikman say during Arizona at Dallas pro football game commentary?,KXNFLMENTION-25NOV04,,,2025-11-04T15:00:00Z,,5,11.0,11.0,89.0,89.0,50.0,50.0,100.0,-99.0,sell_both,10000.0,9900.0,99.0,7227.0,78.0,0.0
KXNFLMENTION-25NOV04-STUF,What will Joe Buck and/or Troy Aikman say during Arizona at Dallas pro football game commentary?,KXNFLMENTION-25NOV04,,,2025-11-04T15:00:00Z,,5,11.0,54.0,46.0,89.0,28.5,71.5,100.0,-99.0,sell_both,10000.0,9900.0,99.0,7227.0,35.0,0.0
KXNFLMENTION-25NOV04-SPEE,What will Joe Buck and/or Troy Aikman say during Arizona at Dallas pro football game commentary?,KXNFLMENTION-25NOV04,,,2025-11-04T15:00:00Z,,5,11.0,11.0,89.0,89.0,50.0,50.0,100.0,-99.0,sell_both,10000.0,9900.0,99.0,7227.0,78.0,0.0
KXNFLMENTION-25NOV04-SAFE,What will Joe Buck and/or Troy Aikman say during Arizona at Dallas pro football game commentary?,KXNFLMENTION-25NOV04,,,2025-11-04T15:00:00Z,,5,95.0,3.0,97.0,5.0,96.0,4.0,100.0,-99.0,sell_both,10000.0,9900.0,99.0,7227.0,2.0,0.0
KXNFLMENTION-25NOV04-ROUG,What will Joe Buck and/or Troy Aikman say during Arizona at Dallas pro football game commentary?,KXNFLMENTION-25NOV04,,,2025-11-04T15:00:00Z,,5,11.0,11.0,89.0,89.0,50.0,50.0,100.0,-99.0,sell_both,10000.0,9900.0,99.0,7227.0,78.0,0.0
KXNFLMENTION-25NOV04-PYLO,What will Joe Buck and/or Troy Aikman say during Arizona at Dallas pro football game commentary?,KXNFLMENTION-25NOV04,,,2025-11-04T15:00:00Z,,5,21.0,66.0,34.0,79.0,27.5,72.5,100.0,-99.0,sell_both,10000.0,9900.0,99.0,7227.0,13.0,0.0
KXNFLMENTION-25NOV04-PICK,What will Joe Buck and/or Troy Aikman say during Arizona at Dallas pro football game commentary?,KXNFLMENTION-25NOV04,,,2025-11-04T15:00:00Z,,5,84.0,11.0,89.0,16.0,86.5,13.5,100.0,-99.0,sell_both,10000.0,9900.0,99.0,7227.0,5.0,0.0
KXNFLMENTION-25NOV04-OVER,What will Joe Buck and/or Troy Aikman say during Arizona at Dallas pro football game commentary?,KXNFLMENTION-25NOV04,,,2025-11-04T15:00:00Z,,5,11.0,11.0,89.0,89.0,50.0,50.0,100.0,-99.0,sell_both,10000.0,9900.0,99.0,7227.0,78.0,0.0
KXNFLMENTION-25NOV04-ONE,What will Joe Buck and/or Troy Aikman say during Arizona at Dallas pro football game commentary?,KXNFLMENTION-25NOV04,,,2025-11-04T15:00:00Z,,5,11.0,12.0,88.0,89.0,49.5,50.5,100.0,-99.0,sell_both,10000.0,9900.0,99.0,7227.0,77.0,0.0
KXNFLMENTION-25NOV04-LATE,What will Joe Buck and/or Troy Aikman say during Arizona at Dallas pro football game commentary?,KXNFLMENTION-25NOV04,,,2025-11-04T15:00:00Z,,5,11.0,11.0,89.0,89.0,50.0,50.0,100.0,-99.0,sell_both,10000.0,9900.0,99.0,7227.0,78.0,0.0
KXNFLMENTION-25NOV04-JERR,What will Joe Buck and/or Troy Aikman say during Arizona at Dallas pro football game commentary?,KXNFLMENTION-25NOV04,,,2025-11-04T15:00:00Z,,5,22.0,10.0,90.0,78.0,56.0,44.0,100.0,-99.0,sell_both,10000.0,9900.0,99.0,7227.0,68.0,0.0
KXNFLMENTION-25NOV04-INTE,What will Joe Buck and/or Troy Aikman say during Arizona at Dallas pro football game commentary?,KXNFLMENTION-25NOV04,,,2025-11-04T15:00:00Z,,5,11.0,11.0,89.0,89.0,50.0,50.0,100.0,-99.0,sell_both,10000.0,9900.0,99.0,7227.0,78.0,0.0
KXNFLMENTION-25NOV04-INCH,What will Joe Buck and/or Troy Aikman say during Arizona at Dallas pro football game commentary?,KXNFLMENTION-25NOV04,,,2025-11-04T15:00:00Z,,5,11.0,28.0,72.0,89.0,41.5,58.5,100.0,-99.0,sell_both,10000.0,9900.0,99.0,7227.0,61.0,0.0
KXNFLMENTION-25NOV04-HAIL,What will Joe Buck and/or Troy Aikman say during Arizona at Dallas pro football game commentary?,KXNFLMENTION-25NOV04,,,2025-11-04T15:00:00Z,,5,11.0,11.0,89.0,89.0,50.0,50.0,100.0,-99.0,sell_both,10000.0,9900.0,99.0,7227.0,78.0,0.0
KXNFLMENTION-25NOV04-FUMB,What will Joe Buck and/or Troy Aikman say during Arizona at Dallas pro football game commentary?,KXNFLMENTION-25NOV04,,,2025-11-04T15:00:00Z,,5,12.0,9.0,91.0,88.0,51.5,48.5,100.0,-99.0,sell_both,10000.0,9900.0,99.0,7227.0,79.0,0.0
KXNFLMENTION-25NOV04-FREE,What will Joe Buck and/or Troy Aikman say during Arizona at Dallas pro football game commentary?,KXNFLMENTION-25NOV04,,,2025-11-04T15:00:00Z,,5,11.0,11.0,89.0,89.0,50.0,50.0,100.0,-99.0,sell_both,10000.0,9900.0,99.0,7227.0,78.0,0.0
KXNFLMENTION-25NOV04-FACE,What will Joe Buck and/or Troy Aikman say during Arizona at Dallas pro football game commentary?,KXNFLMENTION-25NOV04,,,2025-11-04T15:00:00Z,,5,16.0,11.0,89.0,84.0,52.5,47.5,100.0,-99.0,sell_both,10000.0,9900.0,99.0,7227.0,73.0,0.0
KXNFLMENTION-25NOV04-CONC,What will Joe Buck and/or Troy Aikman say during Arizona at Dallas pro football game commentary?,KXNFLMENTION-25NOV04,,,2025-11-04T15:00:00Z,,5,11.0,80.0,20.0,89.0,15.5,84.5,100.0,-99.0,sell_both,10000.0,9900.0,99.0,7227.0,9.0,0.0
KXNETFLIXRANKSHOW-25NOV03-NOB,"Top Netflix show on Nov 3, 2025?",KXNETFLIXRANKSHOW-25NOV03,,,2025-11-04T04:59:00Z,,5,35.0,33.0,67.0,65.0,51.0,49.0,100.0,-99.0,sell_both,10000.0,9900.0,99.0,7227.0,32.0,0.0
KXEARNINGSMENTIONPLTR-25NOV03-SHUT,What will Palantir Technologies Inc. say during their next earnings call?,KXEARNINGSMENTIONPLTR-25NOV03,,,2025-11-04T15:00:00Z,,5,46.0,50.0,50.0,54.0,48.0,52.0,100.0,-99.0,sell_both,10000.0,9900.0,99.0,7227.0,4.0,0.0
KXCUOMODROPOUT-25-CSIL,Will Curtis Sliwa drop out of the NYC Mayoral race?,KXCUOMODROPOUT-25,,,2025-11-04T04:59:00Z,,5,8.0,91.0,9.0,92.0,8.5,91.5,100.0,-99.0,sell_both,10000.0,9900.0,99.0,7227.0,1.0,0.0
KXENDORSEMAM-25NOV04-RTOR,Will Ritchie Torres endorse Zohran Mamdani in 2025 NYC Mayoral Race?,KXENDORSEMAM-25NOV04,,,2025-11-04T15:00:00Z,,5,4.0,87.0,13.0,96.0,8.5,91.5,100.0,-99.0,sell_both,10000.0,9900.0,99.0,7227.0,9.0,0.0
KXENDORSEMAM-25NOV04-KGIL,Will Kirsten Gillibrand endorse Zohran Mamdani in 2025 NYC Mayoral Race?,KXENDORSEMAM-25NOV04,,,2025-11-04T15:00:00Z,,5,6.0,93.0,7.0,94.0,6.5,93.5,100.0,-99.0,sell_both,10000.0,9900.0,99.0,7227.0,1.0,0.0
KXENDORSEMAM-25NOV04-DGOL,Will Dan Goldman endorse Zohran Mamdani in 2025 NYC Mayoral Race?,KXENDORSEMAM-25NOV04,,,2025-11-04T15:00:00Z,,5,8.0,90.0,10.0,92.0,9.0,91.0,100.0,-99.0,sell_both,10000.0,9900.0,99.0,7227.0,2.0,0.0
KXENDORSECUOMO-25NOV04-RGIU,Will Rudy Giuliani endorse Andrew Cuomo in 2025 NYC Mayoral Race?,KXENDORSECUOMO-25NOV04,,,2025-11-04T15:00:00Z,,5,2.0,93.0,7.0,98.0,4.5,95.5,100.0,-99.0,sell_both,10000.0,9900.0,99.0,7227.0,5.0,0.0
KXENDORSECUOMO-25NOV04-CSLI,Will Curtis Sliwa endorse Andrew Cuomo in 2025 NYC Mayoral Race?,KXENDORSECUOMO-25NOV04,,,2025-11-04T15:00:00Z,,5,4.0,95.0,5.0,96.0,4.5,95.5,100.0,-99.0,sell_both,10000.0,9900.0,99.0,7227.0,1.0,0.0
KXENDORSECUOMO-25NOV04-DTRU,Will Donald Trump endorse Andrew Cuomo in 2025 NYC Mayoral Race?,KXENDORSECUOMO-25NOV04,,,2025-11-04T15:00:00Z,,5,9.0,88.0,12.0,91.0,10.5,89.5,100.0,-99.0,sell_both,10000.0,9900.0,99.0,7227.0,3.0,0.0
KXENDORSEMAM-25NOV04-CSCHU,Will Chuck Schumer endorse Zohran Mamdani in 2025 NYC Mayoral Race?,KXENDORSEMAM-25NOV04,,,2025-11-04T15:00:00Z,,5,18.0,81.0,19.0,82.0,18.5,81.5,100.0,-99.0,sell_both,10000.0,9900.0,99.0,7227.0,1.0,2.233327114419202
KXENDORSEMAM-25NOV04-BOBA,Will Barack Obama endorse Zohran Mamdani in 2025 NYC Mayoral Race?,KXENDORSEMAM-25NOV04,,,2025-11-04T15:00:00Z,,5,6.0,93.0,7.0,94.0,6.5,93.5,100.0,-99.0,sell_both,10000.0,9900.0,99.0,7227.0,1.0,2.019220146492205
KXADAMSDLEAVE-25NOV04,Will Eric Adams leave the Democrats?,KXADAMSDLEAVE-25NOV04,,,2025-11-04T15:00:00Z,,5,5.0,94.0,6.0,95.0,5.5,94.5,100.0,-99.0,sell_both,10000.0,9900.0,99.0,7227.0,1.0,1.9608671551127579
KXADP-25OCT-T75000,ADP employment change in Oct 2025?,KXADP-25OCT,,,2025-11-05T13:14:00Z,,6,27.0,71.0,29.0,73.0,28.0,72.0,100.0,-99.0,sell_both,10000.0,9900.0,99.0,6022.5,2.0,0.0
KXADP-25OCT-T50000,ADP employment change in Oct 2025?,KXADP-25OCT,,,2025-11-05T13:14:00Z,,6,45.0,51.0,49.0,55.0,47.0,53.0,100.0,-99.0,sell_both,10000.0,9900.0,99.0,6022.5,4.0,0.0
KXADP-25OCT-T25000,ADP employment change in Oct 2025?,KXADP-25OCT,,,2025-11-05T13:14:00Z,,6,61.0,33.0,67.0,39.0,64.0,36.0,100.0,-99.0,sell_both,10000.0,9900.0,99.0,6022.5,6.0,0.0
KXADP-25OCT-T125000,ADP employment change in Oct 2025?,KXADP-25OCT,,,2025-11-05T13:14:00Z,,6,2.0,93.0,7.0,98.0,4.5,95.5,100.0,-99.0,sell_both,10000.0,9900.0,99.0,6022.5,5.0,0.0
KXADP-25OCT-T100000,ADP employment change in Oct 2025?,KXADP-25OCT,,,2025-11-05T13:14:00Z,,6,11.0,86.0,14.0,89.0,12.5,87.5,100.0,-99.0,sell_both,10000.0,9900.0,99.0,6022.5,3.0,0.0
KXADP-25OCT-T0,ADP employment change in Oct 2025?,KXADP-25OCT,,,2025-11-05T13:14:00Z,,6,83.0,15.0,85.0,17.0,84.0,16.0,100.0,-99.0,sell_both,10000.0,9900.0,99.0,6022.5,2.0,0.0
KXADP-25OCT-T-25000,ADP employment change in Oct 2025?,KXADP-25OCT,,,2025-11-05T13:14:00Z,,6,89.0,5.0,95.0,11.0,92.0,8.0,100.0,-99.0,sell_both,10000.0,9900.0,99.0,6022.5,6.0,0.0
KXMLBSERIESGAMETOTAL-25TORLAD-7,Pro Baseball Championship: Total Games Played in Series,KXMLBSERIESGAMETOTAL-25TORLAD,,,2025-11-06T15:00:00Z,,7,49.0,50.0,50.0,51.0,49.5,50.5,100.0,-99.0,sell_both,10000.0,9900.0,99.0,5162.142857142858,1.0,0.0
KXNADALMENTION-25NOV07-ZEL,What will Rafael Nadal say during America Business Forum?,KXNADALMENTION-25NOV07,,,2025-11-07T15:00:00Z,,8,28.0,67.0,33.0,72.0,30.5,69.5,100.0,-99.0,sell_both,10000.0,9900.0,99.0,4516.875,5.0,0.0
KXNADALMENTION-25NOV07-VENT,What will Rafael Nadal say during America Business Forum?,KXNADALMENTION-25NOV07,,,2025-11-07T15:00:00Z,,8,25.0,65.0,35.0,75.0,30.0,70.0,100.0,-99.0,sell_both,10000.0,9900.0,99.0,4516.875,10.0,0.0
KXNADALMENTION-25NOV07-US,What will Rafael Nadal say during America Business Forum?,KXNADALMENTION-25NOV07,,,2025-11-07T15:00:00Z,,8,60.0,30.0,70.0,40.0,65.0,35.0,100.0,-99.0,sell_both,10000.0,9900.0,99.0,4516.875,10.0,0.0
KXNADALMENTION-25NOV07-RIVA,What will Rafael Nadal say during America Business Forum?,KXNADALMENTION-25NOV07,,,2025-11-07T15:00:00Z,,8,48.0,48.0,52.0,52.0,50.0,50.0,100.0,-99.0,sell_both,10000.0,9900.0,99.0,4516.875,4.0,0.0
KXNADALMENTION-25NOV07-RETI,What will Rafael Nadal say during America Business Forum?,KXNADALMENTION-25NOV07,,,2025-11-07T15:00:00Z,,8,38.0,52.0,48.0,62.0,43.0,57.0,100.0,-99.0,sell_both,10000.0,9900.0,99.0,4516.875,10.0,0.0
KXNADALMENTION-25NOV07-REAL,What will Rafael Nadal say during America Business Forum?,KXNADALMENTION-25NOV07,,,2025-11-07T15:00:00Z,,8,29.0,61.0,39.0,71.0,34.0,66.0,100.0,-99.0,sell_both,10000.0,9900.0,99.0,4516.875,10.0,0.0
KXNADALMENTION-25NOV07-RAFA,What will Rafael Nadal say during America Business Forum?,KXNADALMENTION-25NOV07,,,2025-11-07T15:00:00Z,,8,15.0,75.0,25.0,85.0,20.0,80.0,100.0,-99.0,sell_both,10000.0,9900.0,99.0,4516.875,10.0,0.0
KXNADALMENTION-25NOV07-PADE,What will Rafael Nadal say during America Business Forum?,KXNADALMENTION-25NOV07,,,2025-11-07T15:00:00Z,,8,6.0,84.0,16.0,94.0,11.0,89.0,100.0,-99.0,sell_both,10000.0,9900.0,99.0,4516.875,10.0,0.0
KXNADALMENTION-25NOV07-OLYM,What will Rafael Nadal say during America Business Forum?,KXNADALMENTION-25NOV07,,,2025-11-07T15:00:00Z,,8,22.0,68.0,32.0,78.0,27.0,73.0,100.0,-99.0,sell_both,10000.0,9900.0,99.0,4516.875,10.0,0.0
KXNADALMENTION-25NOV07-INNO,What will Rafael Nadal say during America Business Forum?,KXNADALMENTION-25NOV07,,,2025-11-07T15:00:00Z,,8,28.0,62.0,38.0,72.0,33.0,67.0,100.0,-99.0,sell_both,10000.0,9900.0,99.0,4516.875,10.0,0.0
KXNADALMENTION-25NOV07-INJU,What will Rafael Nadal say during America Business Forum?,KXNADALMENTION-25NOV07,,,2025-11-07T15:00:00Z,,8,40.0,55.0,45.0,60.0,42.5,57.5,100.0,-99.0,sell_both,10000.0,9900.0,99.0,4516.875,5.0,0.0
KXNADALMENTION-25NOV07-HEAL,What will Rafael Nadal say during America Business Forum?,KXNADALMENTION-25NOV07,,,2025-11-07T15:00:00Z,,8,46.0,44.0,56.0,54.0,51.0,49.0,100.0,-99.0,sell_both,10000.0,9900.0,99.0,4516.875,10.0,0.0
KXGRIFFINMENTION-25NOV07-TARI,What will Ken Griffin say during America Business Forum?,KXGRIFFINMENTION-25NOV07,,,2025-11-07T15:00:00Z,,8,61.0,34.0,66.0,39.0,63.5,36.5,100.0,-99.0,sell_both,10000.0,9900.0,99.0,4516.875,5.0,0.0
KXGRIFFINMENTION-25NOV07-REGU,What will Ken Griffin say during America Business Forum?,KXGRIFFINMENTION-25NOV07,,,2025-11-07T15:00:00Z,,8,67.0,32.0,68.0,33.0,67.5,32.5,100.0,-99.0,sell_both,10000.0,9900.0,99.0,4516.875,1.0,0.0
KXGRIFFINMENTION-25NOV07-RECE,What will Ken Griffin say during America Business Forum?,KXGRIFFINMENTION-25NOV07,,,2025-11-07T15:00:00Z,,8,48.0,51.0,49.0,52.0,48.5,51.5,100.0,-99.0,sell_both,10000.0,9900.0,99.0,4516.875,1.0,0.0
KXGRIFFINMENTION-25NOV07-REAL,What will Ken Griffin say during America Business Forum?,KXGRIFFINMENTION-25NOV07,,,2025-11-07T15:00:00Z,,8,32.0,62.0,38.0,68.0,35.0,65.0,100.0,-99.0,sell_both,10000.0,9900.0,99.0,4516.875,6.0,0.0
KXGRIFFINMENTION-25NOV07-INNO,What will Ken Griffin say during America Business Forum?,KXGRIFFINMENTION-25NOV07,,,2025-11-07T15:00:00Z,,8,42.0,53.0,47.0,58.0,44.5,55.5,100.0,-99.0,sell_both,10000.0,9900.0,99.0,4516.875,5.0,0.0
KXGRIFFINMENTION-25NOV07-INFL,What will Ken Griffin say during America Business Forum?,KXGRIFFINMENTION-25NOV07,,,2025-11-07T15:00:00Z,,8,67.0,31.0,69.0,33.0,68.0,32.0,100.0,-99.0,sell_both,10000.0,9900.0,99.0,4516.875,2.0,0.0
KXGRIFFINMENTION-25NOV07-GOLD,What will Ken Griffin say during America Business Forum?,KXGRIFFINMENTION-25NOV07,,,2025-11-07T15:00:00Z,,8,39.0,57.0,43.0,61.0,41.0,59.0,100.0,-99.0,sell_both,10000.0,9900.0,99.0,4516.875,4.0,0.0
KXGRIFFINMENTION-25NOV07-ELON,What will Ken Griffin say during America Business Forum?,KXGRIFFINMENTION-25NOV07,,,2025-11-07T15:00:00Z,,8,17.0,77.0,23.0,83.0,20.0,80.0,100.0,-99.0,sell_both,10000.0,9900.0,99.0,4516.875,6.0,0.0
KXGRIFFINMENTION-25NOV07-DEBT,What will Ken Griffin say during America Business Forum?,KXGRIFFINMENTION-25NOV07,,,2025-11-07T15:00:00Z,,8,43.0,55.0,45.0,57.0,44.0,56.0,100.0,-99.0,sell_both,10000.0,9900.0,99.0,4516.875,2.0,0.0
KXGRIFFINMENTION-25NOV07-CHIN,What will Ken Griffin say during America Business Forum?,KXGRIFFINMENTION-25NOV07,,,2025-11-07T15:00:00Z,,8,49.0,49.0,51.0,51.0,50.0,50.0,100.0,-99.0,sell_both,10000.0,9900.0,99.0,4516.875,2.0,0.0
KXGRIFFINMENTION-25NOV07-CHAT,What will Ken Griffin say during America Business Forum?,KXGRIFFINMENTION-25NOV07,,,2025-11-07T15:00:00Z,,8,17.0,77.0,23.0,83.0,20.0,80.0,100.0,-99.0,sell_both,10000.0,9900.0,99.0,4516.875,6.0,0.0
KXGRIFFINMENTION-25NOV07-CAPE,What will Ken Griffin say during America Business Forum?,KXGRIFFINMENTION-25NOV07,,,2025-11-07T15:00:00Z,,8,27.0,72.0,28.0,73.0,27.5,72.5,100.0,-99.0,sell_both,10000.0,9900.0,99.0,4516.875,1.0,0.0
KXGRIFFINMENTION-25NOV07-BUBB,What will Ken Griffin say during America Business Forum?,KXGRIFFINMENTION-25NOV07,,,2025-11-07T15:00:00Z,,8,22.0,71.0,29.0,78.0,25.5,74.5,100.0,-99.0,sell_both,10000.0,9900.0,99.0,4516.875,7.0,0.0
KXGRIFFINMENTION-25NOV07-BITC,What will Ken Griffin say during America Business Forum?,KXGRIFFINMENTION-25NOV07,,,2025-11-07T15:00:00Z,,8,33.0,61.0,39.0,67.0,36.0,64.0,100.0,-99.0,sell_both,10000.0,9900.0,99.0,4516.875,6.0,0.0
KXGRIFFINMENTION-25NOV07-AUTO,What will Ken Griffin say during America Business Forum?,KXGRIFFINMENTION-25NOV07,,,2025-11-07T15:00:00Z,,8,12.0,82.0,18.0,88.0,15.0,85.0,100.0,-99.0,sell_both,10000.0,9900.0,99.0,4516.875,6.0,0.0
KXMLBSERIESEXACT-25OCT24TORLAD-TOR43,Will the series result in Toronto win 4-3 in the Los Angeles D vs Toronto Series (Starting Oct 24),KXMLBSERIESEXACT-25OCT24TORLAD,,,2025-11-08T00:00:00Z,,8,22.0,77.0,23.0,78.0,22.5,77.5,100.0,-99.0,sell_both,10000.0,9900.0,99.0,4516.875,1.0,0.0
KXMLBSERIESEXACT-25OCT24TORLAD-TOR42,Will the series result in Toronto win 4-2 in the Los Angeles D vs Toronto Series (Starting Oct 24),KXMLBSERIESEXACT-25OCT24TORLAD,,,2025-11-08T00:00:00Z,,8,16.0,83.0,17.0,84.0,16.5,83.5,100.0,-99.0,sell_both,10000.0,9900.0,99.0,4516.875,1.0,0.0
KXMLBSERIESEXACT-25OCT24TORLAD-LAD43,Will the series result in Los Angeles D win 4-3 in the Los Angeles D vs Toronto Series (Starting Oct 24),KXMLBSERIESEXACT-25OCT24TORLAD,,,2025-11-08T00:00:00Z,,8,26.0,73.0,27.0,74.0,26.5,73.5,100.0,-99.0,sell_both,10000.0,9900.0,99.0,4516.875,1.0,0.0
KXMLBSERIESEXACT-25OCT24TORLAD-LAD42,Will the series result in Los Angeles D win 4-2 in the Los Angeles D vs Toronto Series (Starting Oct 24),KXMLBSERIESEXACT-25OCT24TORLAD,,,2025-11-08T00:00:00Z,,8,36.0,62.0,38.0,64.0,37.0,63.0,100.0,-99.0,sell_both,10000.0,9900.0,99.0,4516.875,2.0,0.0
KXU3-25OCT-T4.6,Will the unemployment rate (U-3) be above 4.6% in October?,KXU3-25OCT,,,2025-11-07T13:29:00Z,,8,4.0,86.0,14.0,96.0,9.0,91.0,100.0,-99.0,sell_both,10000.0,9900.0,99.0,4516.875,10.0,0.7424621202458749
KXU3-25OCT-T4.5,Will the unemployment rate (U-3) be above 4.5% in October?,KXU3-25OCT,,,2025-11-07T13:29:00Z,,8,15.0,76.0,24.0,85.0,19.5,80.5,100.0,-99.0,sell_both,10000.0,9900.0,99.0,4516.875,9.0,0.7419568720619818
KXU3-25OCT-T4.4,Will the unemployment rate (U-3) be above 4.4% in October?,KXU3-25OCT,,,2025-11-07T13:29:00Z,,8,24.0,63.0,37.0,76.0,30.5,69.5,100.0,-99.0,sell_both,10000.0,9900.0,99.0,4516.875,13.0,0.8350149699256895
KXPAYROLLS-25OCT-T75000,Will above 75000 jobs be added in October 2025?,KXPAYROLLS-25OCT,,,2025-11-07T13:29:00Z,,8,1.0,85.0,15.0,99.0,8.0,92.0,100.0,-99.0,sell_both,10000.0,9900.0,99.0,4516.875,14.0,0.0
KXPAYROLLS-25OCT-T50000,Will above 50000 jobs be added in October 2025?,KXPAYROLLS-25OCT,,,2025-11-07T13:29:00Z,,8,4.0,69.0,31.0,96.0,17.5,82.5,100.0,-99.0,sell_both,10000.0,9900.0,99.0,4516.875,27.0,0.0
KXPAYROLLS-25OCT-T25000,Will above 25000 jobs be added in October 2025?,KXPAYROLLS-25OCT,,,2025-11-07T13:29:00Z,,8,35.0,10.0,90.0,65.0,62.5,37.5,100.0,-99.0,sell_both,10000.0,9900.0,99.0,4516.875,55.0,0.7071067811865476
KXPAYROLLS-25OCT-T100000,Will above 100000 jobs be added in October 2025?,KXPAYROLLS-25OCT,,,2025-11-07T13:29:00Z,,8,1.0,42.0,58.0,99.0,29.5,70.5,100.0,-99.0,sell_both,10000.0,9900.0,99.0,4516.875,57.0,0.0
KXPAYROLLS-25OCT-T0,Will above 0 jobs be added in October 2025?,KXPAYROLLS-25OCT,,,2025-11-07T13:29:00Z,,8,54.0,12.0,88.0,46.0,71.0,29.0,100.0,-99.0,sell_both,10000.0,9900.0,99.0,4516.875,34.0,0.5805170109479997
KXPAYROLLS-25OCT-T-100000,Will above -100000 jobs be added in October 2025?,KXPAYROLLS-25OCT,,,2025-11-07T13:29:00Z,,8,84.0,10.0,90.0,16.0,87.0,13.0,100.0,-99.0,sell_both,10000.0,9900.0,99.0,4516.875,6.0,0.24186773244895649
KXU3-25OCT-T4.3,Will the unemployment rate (U-3) be above 4.3% in October?,KXU3-25OCT,,,2025-11-07T13:29:00Z,,8,59.0,38.0,62.0,41.0,60.5,39.5,100.0,-99.0,sell_both,10000.0,9900.0,99.0,4516.875,3.0,0.06123724356957945
KXU3-25OCT-T4.2,Will the unemployment rate (U-3) be above 4.2% in October?,KXU3-25OCT,,,2025-11-07T13:29:00Z,,8,86.0,7.0,93.0,14.0,89.5,10.5,100.0,-99.0,sell_both,10000.0,9900.0,99.0,4516.875,7.0,0.0
KXAPCALLNJGOV-25NOV04-930,Will the Associated Press (AP) call the 2025 New Jersey gubernatorial election before 9:30 PM ET?,KXAPCALLNJGOV-25NOV04,,,2025-11-11T15:00:00Z,,12,70.0,20.0,80.0,30.0,75.0,25.0,100.0,-99.0,sell_both,10000.0,9900.0,99.0,3011.25,10.0,0.0
KXAPCALLNJGOV-25NOV04-900,Will the Associated Press (AP) call the 2025 New Jersey gubernatorial election before 9:00 PM ET?,KXAPCALLNJGOV-25NOV04,,,2025-11-11T15:00:00Z,,12,51.0,40.0,60.0,49.0,55.5,44.5,100.0,-99.0,sell_both,10000.0,9900.0,99.0,3011.25,9.0,0.0
KXAPCALLNJGOV-25NOV04-830,Will the Associated Press (AP) call the 2025 New Jersey gubernatorial election before 8:30 PM ET?,KXAPCALLNJGOV-25NOV04,,,2025-11-11T15:00:00Z,,12,29.0,70.0,30.0,71.0,29.5,70.5,100.0,-99.0,sell_both,10000.0,9900.0,99.0,3011.25,1.0,0.0
KXAPCALLNJGOV-25NOV04-805,Will the Associated Press (AP) call the 2025 New Jersey gubernatorial election before 8:05 PM ET?,KXAPCALLNJGOV-25NOV04,,,2025-11-11T15:00:00Z,,12,10.0,81.0,19.0,90.0,14.5,85.5,100.0,-99.0,sell_both,10000.0,9900.0,99.0,3011.25,9.0,0.0
KXAPCALLNJGOV-25NOV04-300,Will the Associated Press (AP) call the 2025 New Jersey gubernatorial election before 3:00 AM ET?,KXAPCALLNJGOV-25NOV04,,,2025-11-11T15:00:00Z,,12,85.0,6.0,94.0,15.0,89.5,10.5,100.0,-99.0,sell_both,10000.0,9900.0,99.0,3011.25,9.0,0.0
KXAPCALLNJGOV-25NOV04-1200,Will the Associated Press (AP) call the 2025 New Jersey gubernatorial election before 12:00 AM ET?,KXAPCALLNJGOV-25NOV04,,,2025-11-11T15:00:00Z,,12,85.0,5.0,95.0,15.0,90.0,10.0,100.0,-99.0,sell_both,10000.0,9900.0,99.0,3011.25,10.0,0.0
KXAPCALLNJGOV-25NOV04-1130,Will the Associated Press (AP) call the 2025 New Jersey gubernatorial election before 11:30 PM ET?,KXAPCALLNJGOV-25NOV04,,,2025-11-11T15:00:00Z,,12,85.0,5.0,95.0,15.0,90.0,10.0,100.0,-99.0,sell_both,10000.0,9900.0,99.0,3011.25,10.0,0.0
KXAPCALLNJGOV-25NOV04-1100,Will the Associated Press (AP) call the 2025 New Jersey gubernatorial election before 11:00 PM ET?,KXAPCALLNJGOV-25NOV04,,,2025-11-11T15:00:00Z,,12,85.0,5.0,95.0,15.0,90.0,10.0,100.0,-99.0,sell_both,10000.0,9900.0,99.0,3011.25,10.0,0.0
KXAPCALLNJGOV-25NOV04-1030,Will the Associated Press (AP) call the 2025 New Jersey gubernatorial election before 10:30 PM ET?,KXAPCALLNJGOV-25NOV04,,,2025-11-11T15:00:00Z,,12,85.0,7.0,93.0,15.0,89.0,11.0,100.0,-99.0,sell_both,10000.0,9900.0,99.0,3011.25,8.0,0.0
KXAPCALLNJGOV-25NOV04-1000,Will the Associated Press (AP) call the 2025 New Jersey gubernatorial election before 10:00 PM ET?,KXAPCALLNJGOV-25NOV04,,,2025-11-11T15:00:00Z,,12,80.0,10.0,90.0,20.0,85.0,15.0,100.0,-99.0,sell_both,10000.0,9900.0,99.0,3011.25,10.0,0.0
KXAPCALLVAGOV-25NOV04-930,Will the Associated Press (AP) call the 2025 Virginia gubernatorial election before 9:30 PM ET?,KXAPCALLVAGOV-25NOV04,,,2025-11-11T15:00:00Z,,12,85.0,5.0,95.0,15.0,90.0,10.0,100.0,-99.0,sell_both,10000.0,9900.0,99.0,3011.25,10.0,0.0
KXAPCALLVAGOV-25NOV04-900,Will the Associated Press (AP) call the 2025 Virginia gubernatorial election before 9:00 PM ET?,KXAPCALLVAGOV-25NOV04,,,2025-11-11T15:00:00Z,,12,85.0,5.0,95.0,15.0,90.0,10.0,100.0,-99.0,sell_both,10000.0,9900.0,99.0,3011.25,10.0,0.0
KXAPCALLVAGOV-25NOV04-830,Will the Associated Press (AP) call the 2025 Virginia gubernatorial election before 8:30 PM ET?,KXAPCALLVAGOV-25NOV04,,,2025-11-11T15:00:00Z,,12,79.0,13.0,87.0,21.0,83.0,17.0,100.0,-99.0,sell_both,10000.0,9900.0,99.0,3011.25,8.0,0.0
KXAPCALLVAGOV-25NOV04-800,Will the Associated Press (AP) call the 2025 Virginia gubernatorial election before 8:00 PM ET?,KXAPCALLVAGOV-25NOV04,,,2025-11-11T15:00:00Z,,12,71.0,20.0,80.0,29.0,75.5,24.5,100.0,-99.0,sell_both,10000.0,9900.0,99.0,3011.25,9.0,0.0
KXAPCALLVAGOV-25NOV04-730,Will the Associated Press (AP) call the 2025 Virginia gubernatorial election before 7:30 PM ET?,KXAPCALLVAGOV-25NOV04,,,2025-11-11T15:00:00Z,,12,40.0,51.0,49.0,60.0,44.5,55.5,100.0,-99.0,sell_both,10000.0,9900.0,99.0,3011.25,9.0,0.0
KXAPCALLVAGOV-25NOV04-705,Will the Associated Press (AP) call the 2025 Virginia gubernatorial election before 7:05 PM ET?,KXAPCALLVAGOV-25NOV04,,,2025-11-11T15:00:00Z,,12,17.0,77.0,23.0,83.0,20.0,80.0,100.0,-99.0,sell_both,10000.0,9900.0,99.0,3011.25,6.0,0.0
KXAPCALLVAGOV-25NOV04-300,Will the Associated Press (AP) call the 2025 Virginia gubernatorial election before 3:00 AM ET?,KXAPCALLVAGOV-25NOV04,,,2025-11-11T15:00:00Z,,12,86.0,5.0,95.0,14.0,90.5,9.5,100.0,-99.0,sell_both,10000.0,9900.0,99.0,3011.25,9.0,0.0
KXAPCALLVAGOV-25NOV04-1200,Will the Associated Press (AP) call the 2025 Virginia gubernatorial election before 12:00 AM ET?,KXAPCALLVAGOV-25NOV04,,,2025-11-11T15:00:00Z,,12,86.0,5.0,95.0,14.0,90.5,9.5,100.0,-99.0,sell_both,10000.0,9900.0,99.0,3011.25,9.0,0.0
KXAPCALLVAGOV-25NOV04-1130,Will the Associated Press (AP) call the 2025 Virginia gubernatorial election before 11:30 PM ET?,KXAPCALLVAGOV-25NOV04,,,2025-11-11T15:00:00Z,,12,86.0,5.0,95.0,14.0,90.5,9.5,100.0,-99.0,sell_both,10000.0,9900.0,99.0,3011.25,9.0,0.0
KXAPCALLVAGOV-25NOV04-1100,Will the Associated Press (AP) call the 2025 Virginia gubernatorial election before 11:00 PM ET?,KXAPCALLVAGOV-25NOV04,,,2025-11-11T15:00:00Z,,12,85.0,5.0,95.0,15.0,90.0,10.0,100.0,-99.0,sell_both,10000.0,9900.0,99.0,3011.25,10.0,0.0
KXAPCALLVAGOV-25NOV04-1030,Will the Associated Press (AP) call the 2025 Virginia gubernatorial election before 10:30 PM ET?,KXAPCALLVAGOV-25NOV04,,,2025-11-11T15:00:00Z,,12,85.0,5.0,95.0,15.0,90.0,10.0,100.0,-99.0,sell_both,10000.0,9900.0,99.0,3011.25,10.0,0.0
KXAPCALLVAGOV-25NOV04-1000,Will the Associated Press (AP) call the 2025 Virginia gubernatorial election before 10:00 PM ET?,KXAPCALLVAGOV-25NOV04,,,2025-11-11T15:00:00Z,,12,86.0,5.0,95.0,14.0,90.5,9.5,100.0,-99.0,sell_both,10000.0,9900.0,99.0,3011.25,9.0,0.0
KXNBAGAME-25OCT29HOUTOR-TOR,Houston vs Toronto Winner?,KXNBAGAME-25OCT29HOUTOR,,,2025-11-12T22:30:00Z,,13,20.0,79.0,21.0,80.0,20.5,79.5,100.0,-99.0,sell_both,10000.0,9900.0,99.0,2779.6153846153848,1.0,0.0
KXNBAGAME-25OCT29HOUTOR-HOU,Houston vs Toronto Winner?,KXNBAGAME-25OCT29HOUTOR,,,2025-11-12T22:30:00Z,,13,78.0,21.0,79.0,22.0,78.5,21.5,100.0,-99.0,sell_both,10000.0,9900.0,99.0,2779.6153846153848,1.0,0.0
KXMLBGAME-25OCT29TORLAD-TOR,Toronto vs Los Angeles D (Game 5) Winner?,KXMLBGAME-25OCT29TORLAD,,,2025-11-13T00:00:00Z,,13,35.0,64.0,36.0,65.0,35.5,64.5,100.0,-99.0,sell_both,10000.0,9900.0,99.0,2779.6153846153848,1.0,0.0
KXMLBGAME-25OCT29TORLAD-LAD,Toronto vs Los Angeles D (Game 5) Winner?,KXMLBGAME-25OCT29TORLAD,,,2025-11-13T00:00:00Z,,13,64.0,35.0,65.0,36.0,64.5,35.5,100.0,-99.0,sell_both,10000.0,9900.0,99.0,2779.6153846153848,1.0,0.0
KXMLBWSMVP-25-YYAM,Who will win Championship MVP?,KXMLBWSMVP-25,,,2025-11-12T15:00:00Z,,13,5.0,90.0,10.0,95.0,7.5,92.5,100.0,-99.0,sell_both,10000.0,9900.0,99.0,2779.6153846153848,5.0,0.0
KXMLBWSMVP-25-VGUE,Who will win Championship MVP?,KXMLBWSMVP-25,,,2025-11-12T15:00:00Z,,13,14.0,80.0,20.0,86.0,17.0,83.0,100.0,-99.0,sell_both,10000.0,9900.0,99.0,2779.6153846153848,6.0,0.0
KXMLBWSMVP-25-SOHT,Who will win Championship MVP?,KXMLBWSMVP-25,,,2025-11-12T15:00:00Z,,13,53.0,41.0,59.0,47.0,56.0,44.0,100.0,-99.0,sell_both,10000.0,9900.0,99.0,2779.6153846153848,6.0,0.0
KXMLBWSMVP-25-FFRE,Who will win Championship MVP?,KXMLBWSMVP-25,,,2025-11-12T15:00:00Z,,13,1.0,96.0,4.0,99.0,2.5,97.5,100.0,-99.0,sell_both,10000.0,9900.0,99.0,2779.6153846153848,3.0,0.0
KXMLBWSMVP-25-AKIR,Who will win Championship MVP?,KXMLBWSMVP-25,,,2025-11-12T15:00:00Z,,13,3.0,91.0,9.0,97.0,6.0,94.0,100.0,-99.0,sell_both,10000.0,9900.0,99.0,2779.6153846153848,6.0,0.0
KXMLBWSMVP-25-TIE,Who will win Championship MVP?,KXMLBWSMVP-25,,,2025-11-12T15:00:00Z,,13,2.0,96.0,4.0,98.0,3.0,97.0,100.0,-99.0,sell_both,10000.0,9900.0,99.0,2779.6153846153848,2.0,0.0
KXATPMATCH-25OCT30NORVAC-VAC,Will Valentin Vacherot win the Norrie vs Vacherot match?,KXATPMATCH-25OCT30NORVAC,,,2025-11-13T10:00:00Z,,14,51.0,48.0,52.0,49.0,51.5,48.5,100.0,-99.0,sell_both,10000.0,9900.0,99.0,2581.071428571429,1.0,0.0
KXATPMATCH-25OCT30NORVAC-NOR,Will Cameron Norrie win the Norrie vs Vacherot match?,KXATPMATCH-25OCT30NORVAC,,,2025-11-13T10:00:00Z,,14,48.0,51.0,49.0,52.0,48.5,51.5,100.0,-99.0,sell_both,10000.0,9900.0,99.0,2581.071428571429,1.0,0.0
KXMLSGAME-25OCT29LAFCATX-TIE,Los Angeles vs Austin Winner?,KXMLSGAME-25OCT29LAFCATX,,,2025-11-13T02:30:00Z,,14,18.0,81.0,19.0,82.0,18.5,81.5,100.0,-99.0,sell_both,10000.0,9900.0,99.0,2581.071428571429,1.0,0.0
KXMLSGAME-25OCT29LAFCATX-LAFC,Los Angeles vs Austin Winner?,KXMLSGAME-25OCT29LAFCATX,,,2025-11-13T02:30:00Z,,14,72.0,26.0,74.0,28.0,73.0,27.0,100.0,-99.0,sell_both,10000.0,9900.0,99.0,2581.071428571429,2.0,0.0
KXMLSGAME-25OCT29LAFCATX-ATX,Los Angeles vs Austin Winner?,KXMLSGAME-25OCT29LAFCATX,,,2025-11-13T02:30:00Z,,14,11.0,87.0,13.0,89.0,12.0,88.0,100.0,-99.0,sell_both,10000.0,9900.0,99.0,2581.071428571429,2.0,0.0
KXCPICOREYOY-25OCT-T3.3,Will the rate of core CPI inflation be above 3.3% for the year ending in October 2025?,KXCPICOREYOY-25OCT,,,2025-11-13T13:25:00Z,,14,3.0,92.0,8.0,97.0,5.5,94.5,100.0,-99.0,sell_both,10000.0,9900.0,99.0,2581.071428571429,5.0,0.0
KXCPICOREYOY-25OCT-T3.2,Will the rate of core CPI inflation be above 3.2% for the year ending in October 2025?,KXCPICOREYOY-25OCT,,,2025-11-13T13:25:00Z,,14,9.0,83.0,17.0,91.0,13.0,87.0,100.0,-99.0,sell_both,10000.0,9900.0,99.0,2581.071428571429,8.0,0.0
KXCPICOREYOY-25OCT-T3.1,Will the rate of core CPI inflation be above 3.1% for the year ending in October 2025?,KXCPICOREYOY-25OCT,,,2025-11-13T13:25:00Z,,14,26.0,66.0,34.0,74.0,30.0,70.0,100.0,-99.0,sell_both,10000.0,9900.0,99.0,2581.071428571429,8.0,0.0
KXCPICOREYOY-25OCT-T3.0,Will the rate of core CPI inflation be above 3.0% for the year ending in October 2025?,KXCPICOREYOY-25OCT,,,2025-11-13T13:25:00Z,,14,59.0,36.0,64.0,41.0,61.5,38.5,100.0,-99.0,sell_both,10000.0,9900.0,99.0,2581.071428571429,5.0,0.0
KXCPICOREYOY-25OCT-T2.9,Will the rate of core CPI inflation be above 2.9% for the year ending in October 2025?,KXCPICOREYOY-25OCT,,,2025-11-13T13:25:00Z,,14,85.0,10.0,90.0,15.0,87.5,12.5,100.0,-99.0,sell_both,10000.0,9900.0,99.0,2581.071428571429,5.0,0.0
KXCPIYOY-25OCT-T3.0,Will the rate of CPI inflation be above 3.0% for the year ending in October 2025?,KXCPIYOY-25OCT,,,2025-11-13T13:29:00Z,,14,45.0,40.0,60.0,55.0,52.5,47.5,100.0,-99.0,sell_both,10000.0,9900.0,99.0,2581.071428571429,15.0,0.40712405971644566
KXCPIYOY-25OCT-T2.8,Will the rate of CPI inflation be above 2.8% for the year ending in October 2025?,KXCPIYOY-25OCT,,,2025-11-13T13:29:00Z,,14,74.0,3.0,97.0,26.0,85.5,14.5,100.0,-99.0,sell_both,10000.0,9900.0,99.0,2581.071428571429,23.0,0.0
KXCPIYOY-25OCT-T2.7,Will the rate of CPI inflation be above 2.7% for the year ending in October 2025?,KXCPIYOY-25OCT,,,2025-11-13T13:29:00Z,,14,91.0,1.0,99.0,9.0,95.0,5.0,100.0,-99.0,sell_both,10000.0,9900.0,99.0,2581.071428571429,8.0,0.0
KXCPI-25OCT-T0.3,Will CPI rise more than 0.3% in October 2025?,KXCPI-25OCT,,,2025-11-13T13:29:00Z,,14,5.0,88.0,12.0,95.0,8.5,91.5,100.0,-99.0,sell_both,10000.0,9900.0,99.0,2581.071428571429,7.0,0.6103277807866851
KXCPI-25OCT-T0.2,Will CPI rise more than 0.2% in October 2025?,KXCPI-25OCT,,,2025-11-13T13:29:00Z,,14,27.0,68.0,32.0,73.0,29.5,70.5,100.0,-99.0,sell_both,10000.0,9900.0,99.0,2581.071428571429,5.0,3.186220331364421
KXCPI-25OCT-T0.1,Will CPI rise more than 0.1% in October 2025?,KXCPI-25OCT,,,2025-11-13T13:29:00Z,,14,77.0,16.0,84.0,23.0,80.5,19.5,100.0,-99.0,sell_both,10000.0,9900.0,99.0,2581.071428571429,7.0,3.0840314524984986
KXCPI-25OCT-T-0.1,Will CPI rise more than -0.1% in October 2025?,KXCPI-25OCT,,,2025-11-13T13:29:00Z,,14,92.0,2.0,98.0,8.0,95.0,5.0,100.0,-99.0,sell_both,10000.0,9900.0,99.0,2581.071428571429,6.0,0.07745966692414834
KXCPI-25OCT-T0.0,Will CPI rise more than 0.0% in October 2025?,KXCPI-25OCT,,,2025-11-13T13:29:00Z,,14,87.0,7.0,93.0,13.0,90.0,10.0,100.0,-99.0,sell_both,10000.0,9900.0,99.0,2581.071428571429,6.0,0.16583123951776998
KXEGGS-OCT-0,Will egg prices rise by more than 0% in Oct 2025?,KXEGGS-OCT,,,2025-11-13T13:25:00Z,,14,5.0,92.0,8.0,95.0,6.5,93.5,100.0,-99.0,sell_both,10000.0,9900.0,99.0,2581.071428571429,3.0,0.0
KXNFLSPREAD-25OCT30BALMIA-MIA9,Miami wins by over 9.5 points?,KXNFLSPREAD-25OCT30BALMIA,,,2025-11-14T00:15:00Z,,15,6.0,93.0,7.0,94.0,6.5,93.5,100.0,-99.0,sell_both,10000.0,9900.0,99.0,2409.0,1.0,0.0
KXNFLSPREAD-25OCT30BALMIA-MIA7,Miami wins by over 7.5 points?,KXNFLSPREAD-25OCT30BALMIA,,,2025-11-14T00:15:00Z,,15,8.0,91.0,9.0,92.0,8.5,91.5,100.0,-99.0,sell_both,10000.0,9900.0,99.0,2409.0,1.0,0.0
KXNFLSPREAD-25OCT30BALMIA-MIA6,Miami wins by over 6.5 points?,KXNFLSPREAD-25OCT30BALMIA,,,2025-11-14T00:15:00Z,,15,10.0,87.0,13.0,90.0,11.5,88.5,100.0,-99.0,sell_both,10000.0,9900.0,99.0,2409.0,3.0,0.0
KXNFLSPREAD-25OCT30BALMIA-MIA3,Miami wins by over 3.5 points?,KXNFLSPREAD-25OCT30BALMIA,,,2025-11-14T00:15:00Z,,15,12.0,87.0,13.0,88.0,12.5,87.5,100.0,-99.0,sell_both,10000.0,9900.0,99.0,2409.0,1.0,0.0
KXNFLSPREAD-25OCT30BALMIA-MIA2,Miami wins by over 2.5 points?,KXNFLSPREAD-25OCT30BALMIA,,,2025-11-14T00:15:00Z,,15,17.0,77.0,23.0,83.0,20.0,80.0,100.0,-99.0,sell_both,10000.0,9900.0,99.0,2409.0,6.0,0.0
KXNFLSPREAD-25OCT30BALMIA-MIA10,Miami wins by over 10.5 points?,KXNFLSPREAD-25OCT30BALMIA,,,2025-11-14T00:15:00Z,,15,4.0,91.0,9.0,96.0,6.5,93.5,100.0,-99.0,sell_both,10000.0,9900.0,99.0,2409.0,5.0,0.0
KXNFLSPREAD-25OCT30BALMIA-BAL9,Baltimore wins by over 9.5 points?,KXNFLSPREAD-25OCT30BALMIA,,,2025-11-14T00:15:00Z,,15,46.0,53.0,47.0,54.0,46.5,53.5,100.0,-99.0,sell_both,10000.0,9900.0,99.0,2409.0,1.0,0.04743416490252569
KXNFLSPREAD-25OCT30BALMIA-BAL7,Baltimore wins by over 7.5 points?,KXNFLSPREAD-25OCT30BALMIA,,,2025-11-14T00:15:00Z,,15,49.0,50.0,50.0,51.0,49.5,50.5,100.0,-99.0,sell_both,10000.0,9900.0,99.0,2409.0,1.0,0.0
KXNFLSPREAD-25OCT30BALMIA-BAL6,Baltimore wins by over 6.5 points?,KXNFLSPREAD-25OCT30BALMIA,,,2025-11-14T00:15:00Z,,15,56.0,43.0,57.0,44.0,56.5,43.5,100.0,-99.0,sell_both,10000.0,9900.0,99.0,2409.0,1.0,0.0
KXNFLSPREAD-25OCT30BALMIA-BAL3,Baltimore wins by over 3.5 points?,KXNFLSPREAD-25OCT30BALMIA,,,2025-11-14T00:15:00Z,,15,66.0,33.0,67.0,34.0,66.5,33.5,100.0,-99.0,sell_both,10000.0,9900.0,99.0,2409.0,1.0,0.0
KXNFLSPREAD-25OCT30BALMIA-BAL20,Baltimore wins by over 20.5 points?,KXNFLSPREAD-25OCT30BALMIA,,,2025-11-14T00:15:00Z,,15,20.0,79.0,21.0,80.0,20.5,79.5,100.0,-99.0,sell_both,10000.0,9900.0,99.0,2409.0,1.0,0.0
KXNFLSPREAD-25OCT30BALMIA-BAL2,Baltimore wins by over 2.5 points?,KXNFLSPREAD-25OCT30BALMIA,,,2025-11-14T00:15:00Z,,15,70.0,26.0,74.0,30.0,72.0,28.0,100.0,-99.0,sell_both,10000.0,9900.0,99.0,2409.0,4.0,0.0
KXNFLSPREAD-25OCT30BALMIA-BAL17,Baltimore wins by over 17.5 points?,KXNFLSPREAD-25OCT30BALMIA,,,2025-11-14T00:15:00Z,,15,24.0,72.0,28.0,76.0,26.0,74.0,100.0,-99.0,sell_both,10000.0,9900.0,99.0,2409.0,4.0,0.0
KXNFLSPREAD-25OCT30BALMIA-BAL14,Baltimore wins by over 14.5 points?,KXNFLSPREAD-25OCT30BALMIA,,,2025-11-14T00:15:00Z,,15,33.0,65.0,35.0,67.0,34.0,66.0,100.0,-99.0,sell_both,10000.0,9900.0,99.0,2409.0,2.0,0.015811388300841896
KXNFLSPREAD-25OCT30BALMIA-BAL13,Baltimore wins by over 13.5 points?,KXNFLSPREAD-25OCT30BALMIA,,,2025-11-14T00:15:00Z,,15,36.0,62.0,38.0,64.0,37.0,63.0,100.0,-99.0,sell_both,10000.0,9900.0,99.0,2409.0,2.0,0.0
KXNFLSPREAD-25OCT30BALMIA-BAL10,Baltimore wins by over 10.5 points?,KXNFLSPREAD-25OCT30BALMIA,,,2025-11-14T00:15:00Z,,15,41.0,57.0,43.0,59.0,42.0,58.0,100.0,-99.0,sell_both,10000.0,9900.0,99.0,2409.0,2.0,0.11832159566199232
KXNFLGAME-25OCT30BALMIA-MIA,Baltimore at Miami Winner?,KXNFLGAME-25OCT30BALMIA,,,2025-11-14T00:15:00Z,,15,20.0,78.0,22.0,80.0,21.0,79.0,100.0,-99.0,sell_both,10000.0,9900.0,99.0,2409.0,2.0,5.0
KXNFLGAME-25OCT30BALMIA-BAL,Baltimore at Miami Winner?,KXNFLGAME-25OCT30BALMIA,,,2025-11-14T00:15:00Z,,15,78.0,21.0,79.0,22.0,78.5,21.5,100.0,-99.0,sell_both,10000.0,9900.0,99.0,2409.0,1.0,0.21737065119284157
KXLIGUE1GAME-25NOV01PSGNIC-TIE,PSG vs Nice Winner?,KXLIGUE1GAME-25NOV01PSGNIC,,,2025-11-15T16:00:00Z,,16,13.0,85.0,15.0,87.0,14.0,86.0,100.0,-99.0,sell_both,10000.0,9900.0,99.0,2258.4375,2.0,0.0
KXLIGUE1GAME-25NOV01PSGNIC-PSG,PSG vs Nice Winner?,KXLIGUE1GAME-25NOV01PSGNIC,,,2025-11-15T16:00:00Z,,16,77.0,22.0,78.0,23.0,77.5,22.5,100.0,-99.0,sell_both,10000.0,9900.0,99.0,2258.4375,1.0,0.0
KXLIGUE1GAME-25NOV01PSGNIC-NIC,PSG vs Nice Winner?,KXLIGUE1GAME-25NOV01PSGNIC,,,2025-11-15T16:00:00Z,,16,8.0,91.0,9.0,92.0,8.5,91.5,100.0,-99.0,sell_both,10000.0,9900.0,99.0,2258.4375,1.0,0.0
KXMEDIARELEASEUPONLY-25NOV15-UPON,"Will A New Episode of the UpOnly Podcast be released in Worldwide before Nov 15, 2025?",KXMEDIARELEASEUPONLY,,,2025-11-15T05:00:00Z,,16,2.0,24.0,76.0,98.0,39.0,61.0,100.0,-99.0,sell_both,10000.0,9900.0,99.0,2258.4375,74.0,0.0
KXNFLSPREAD-25NOV02ATLNE-NE20,New England wins by over 20.5 points?,KXNFLSPREAD-25NOV02ATLNE,,,2025-11-16T18:00:00Z,,17,11.0,88.0,12.0,89.0,11.5,88.5,100.0,-99.0,sell_both,10000.0,9900.0,99.0,2125.5882352941176,1.0,0.0
KXNFLSPREAD-25NOV02ATLNE-NE17,New England wins by over 17.5 points?,KXNFLSPREAD-25NOV02ATLNE,,,2025-11-16T18:00:00Z,,17,15.0,83.0,17.0,85.0,16.0,84.0,100.0,-99.0,sell_both,10000.0,9900.0,99.0,2125.5882352941176,2.0,0.2345207879911715
KXNFLSPREAD-25NOV02CARGB-GB27,Green Bay wins by over 27.5 points?,KXNFLSPREAD-25NOV02CARGB,,,2025-11-16T18:00:00Z,,17,10.0,80.0,20.0,90.0,15.0,85.0,100.0,-99.0,sell_both,10000.0,9900.0,99.0,2125.5882352941176,10.0,0.05
KXNFLSPREAD-25NOV02CHICIN-CHI17,Chicago wins by over 17.5 points?,KXNFLSPREAD-25NOV02CHICIN,,,2025-11-16T18:00:00Z,,17,9.0,89.0,11.0,91.0,10.0,90.0,100.0,-99.0,sell_both,10000.0,9900.0,99.0,2125.5882352941176,2.0,0.0
KXNFLSPREAD-25NOV02DENHOU-HOU17,Houston wins by over 17.5 points?,KXNFLSPREAD-25NOV02DENHOU,,,2025-11-16T18:00:00Z,,17,8.0,91.0,9.0,92.0,8.5,91.5,100.0,-99.0,sell_both,10000.0,9900.0,99.0,2125.5882352941176,1.0,0.0
KXNFLSPREAD-25NOV02INDPIT-IND17,Indianapolis wins by over 17.5 points?,KXNFLSPREAD-25NOV02INDPIT,,,2025-11-16T18:00:00Z,,17,10.0,87.0,13.0,90.0,11.5,88.5,100.0,-99.0,sell_both,10000.0,9900.0,99.0,2125.5882352941176,3.0,0.12549900398011132
KXNFLSPREAD-25NOV02LACTEN-LAC23,Los Angeles C wins by over 23.5 points?,KXNFLSPREAD-25NOV02LACTEN,,,2025-11-16T18:00:00Z,,17,12.0,80.0,20.0,88.0,16.0,84.0,100.0,-99.0,sell_both,10000.0,9900.0,99.0,2125.5882352941176,8.0,0.15165750888103102
KXNFLSPREAD-25NOV02MINDET-MIN10,Minnesota wins by over 10.5 points?,KXNFLSPREAD-25NOV02MINDET,,,2025-11-16T18:00:00Z,,17,4.0,94.0,6.0,96.0,5.0,95.0,100.0,-99.0,sell_both,10000.0,9900.0,99.0,2125.5882352941176,2.0,0.0
KXNFLSPREAD-25NOV02NOLA-LA27,Los Angeles R wins by over 27.5 points?,KXNFLSPREAD-25NOV02NOLA,,,2025-11-16T21:05:00Z,,17,13.0,80.0,20.0,87.0,16.5,83.5,100.0,-99.0,sell_both,10000.0,9900.0,99.0,2125.5882352941176,7.0,0.08660254037844387
KXNFLSPREAD-25NOV02KCBUF-KC17,Kansas City wins by over 17.5 points?,KXNFLSPREAD-25NOV02KCBUF,,,2025-11-16T21:25:00Z,,17,9.0,90.0,10.0,91.0,9.5,90.5,100.0,-99.0,sell_both,10000.0,9900.0,99.0,2125.5882352941176,1.0,0.0
KXNFLSPREAD-25NOV02ATLNE-NE9,New England wins by over 9.5 points?,KXNFLSPREAD-25NOV02ATLNE,,,2025-11-16T18:00:00Z,,17,34.0,65.0,35.0,66.0,34.5,65.5,100.0,-99.0,sell_both,10000.0,9900.0,99.0,2125.5882352941176,1.0,0.0
KXNFLSPREAD-25NOV02ATLNE-NE7,New England wins by over 7.5 points?,KXNFLSPREAD-25NOV02ATLNE,,,2025-11-16T18:00:00Z,,17,39.0,60.0,40.0,61.0,39.5,60.5,100.0,-99.0,sell_both,10000.0,9900.0,99.0,2125.5882352941176,1.0,0.0
KXNFLSPREAD-25NOV02ATLNE-NE6,New England wins by over 6.5 points?,KXNFLSPREAD-25NOV02ATLNE,,,2025-11-16T18:00:00Z,,17,45.0,54.0,46.0,55.0,45.5,54.5,100.0,-99.0,sell_both,10000.0,9900.0,99.0,2125.5882352941176,1.0,0.0
KXNFLSPREAD-25NOV02ATLNE-NE3,New England wins by over 3.5 points?,KXNFLSPREAD-25NOV02ATLNE,,,2025-11-16T18:00:00Z,,17,58.0,41.0,59.0,42.0,58.5,41.5,100.0,-99.0,sell_both,10000.0,9900.0,99.0,2125.5882352941176,1.0,0.0
KXNFLSPREAD-25NOV02ATLNE-NE2,New England wins by over 2.5 points?,KXNFLSPREAD-25NOV02ATLNE,,,2025-11-16T18:00:00Z,,17,65.0,34.0,66.0,35.0,65.5,34.5,100.0,-99.0,sell_both,10000.0,9900.0,99.0,2125.5882352941176,1.0,0.0
KXNFLSPREAD-25NOV02ATLNE-NE14,New England wins by over 14.5 points?,KXNFLSPREAD-25NOV02ATLNE,,,2025-11-16T18:00:00Z,,17,20.0,78.0,22.0,80.0,21.0,79.0,100.0,-99.0,sell_both,10000.0,9900.0,99.0,2125.5882352941176,2.0,0.0
KXNFLSPREAD-25NOV02ATLNE-NE13,New England wins by over 13.5 points?,KXNFLSPREAD-25NOV02ATLNE,,,2025-11-16T18:00:00Z,,17,24.0,75.0,25.0,76.0,24.5,75.5,100.0,-99.0,sell_both,10000.0,9900.0,99.0,2125.5882352941176,1.0,0.0
KXNFLSPREAD-25NOV02ATLNE-NE10,New England wins by over 10.5 points?,KXNFLSPREAD-25NOV02ATLNE,,,2025-11-16T18:00:00Z,,17,30.0,69.0,31.0,70.0,30.5,69.5,100.0,-99.0,sell_both,10000.0,9900.0,99.0,2125.5882352941176,1.0,0.0
KXNFLSPREAD-25NOV02ATLNE-ATL9,Atlanta wins by over 9.5 points?,KXNFLSPREAD-25NOV02ATLNE,,,2025-11-16T18:00:00Z,,17,9.0,89.0,11.0,91.0,10.0,90.0,100.0,-99.0,sell_both,10000.0,9900.0,99.0,2125.5882352941176,2.0,0.0
KXNFLSPREAD-25NOV02ATLNE-ATL7,Atlanta wins by over 7.5 points?,KXNFLSPREAD-25NOV02ATLNE,,,2025-11-16T18:00:00Z,,17,10.0,86.0,14.0,90.0,12.0,88.0,100.0,-99.0,sell_both,10000.0,9900.0,99.0,2125.5882352941176,4.0,0.0
KXNFLSPREAD-25NOV02ATLNE-ATL6,Atlanta wins by over 6.5 points?,KXNFLSPREAD-25NOV02ATLNE,,,2025-11-16T18:00:00Z,,17,13.0,83.0,17.0,87.0,15.0,85.0,100.0,-99.0,sell_both,10000.0,9900.0,99.0,2125.5882352941176,4.0,0.0
KXNFLSPREAD-25NOV02ATLNE-ATL3,Atlanta wins by over 3.5 points?,KXNFLSPREAD-25NOV02ATLNE,,,2025-11-16T18:00:00Z,,17,20.0,76.0,24.0,80.0,22.0,78.0,100.0,-99.0,sell_both,10000.0,9900.0,99.0,2125.5882352941176,4.0,0.0
KXNFLSPREAD-25NOV02ATLNE-ATL2,Atlanta wins by over 2.5 points?,KXNFLSPREAD-25NOV02ATLNE,,,2025-11-16T18:00:00Z,,17,25.0,72.0,28.0,75.0,26.5,73.5,100.0,-99.0,sell_both,10000.0,9900.0,99.0,2125.5882352941176,3.0,0.0
KXNFLSPREAD-25NOV02ATLNE-ATL14,Atlanta wins by over 14.5 points?,KXNFLSPREAD-25NOV02ATLNE,,,2025-11-16T18:00:00Z,,17,4.0,94.0,6.0,96.0,5.0,95.0,100.0,-99.0,sell_both,10000.0,9900.0,99.0,2125.5882352941176,2.0,0.31622776601683794
KXNFLSPREAD-25NOV02ATLNE-ATL13,Atlanta wins by over 13.5 points?,KXNFLSPREAD-25NOV02ATLNE,,,2025-11-16T18:00:00Z,,17,4.0,94.0,6.0,96.0,5.0,95.0,100.0,-99.0,sell_both,10000.0,9900.0,99.0,2125.5882352941176,2.0,0.22360679774997896
KXNFLSPREAD-25NOV02ATLNE-ATL10,Atlanta wins by over 10.5 points?,KXNFLSPREAD-25NOV02ATLNE,,,2025-11-16T18:00:00Z,,17,7.0,91.0,9.0,93.0,8.0,92.0,100.0,-99.0,sell_both,10000.0,9900.0,99.0,2125.5882352941176,2.0,0.22360679774997896
KXNFLSPREAD-25NOV02CARGB-GB9,Green Bay wins by over 9.5 points?,KXNFLSPREAD-25NOV02CARGB,,,2025-11-16T18:00:00Z,,17,62.0,35.0,65.0,38.0,63.5,36.5,100.0,-99.0,sell_both,10000.0,9900.0,99.0,2125.5882352941176,3.0,0.0
KXNFLSPREAD-25NOV02CARGB-GB7,Green Bay wins by over 7.5 points?,KXNFLSPREAD-25NOV02CARGB,,,2025-11-16T18:00:00Z,,17,66.0,33.0,67.0,34.0,66.5,33.5,100.0,-99.0,sell_both,10000.0,9900.0,99.0,2125.5882352941176,1.0,0.0
KXNFLSPREAD-25NOV02CARGB-GB6,Green Bay wins by over 6.5 points?,KXNFLSPREAD-25NOV02CARGB,,,2025-11-16T18:00:00Z,,17,71.0,26.0,74.0,29.0,72.5,27.5,100.0,-99.0,sell_both,10000.0,9900.0,99.0,2125.5882352941176,3.0,0.0
KXNFLSPREAD-25NOV02CARGB-GB3,Green Bay wins by over 3.5 points?,KXNFLSPREAD-25NOV02CARGB,,,2025-11-16T18:00:00Z,,17,80.0,19.0,81.0,20.0,80.5,19.5,100.0,-99.0,sell_both,10000.0,9900.0,99.0,2125.5882352941176,1.0,0.0
KXNFLSPREAD-25NOV02CARGB-GB23,Green Bay wins by over 23.5 points?,KXNFLSPREAD-25NOV02CARGB,,,2025-11-16T18:00:00Z,,17,18.0,74.0,26.0,82.0,22.0,78.0,100.0,-99.0,sell_both,10000.0,9900.0,99.0,2125.5882352941176,8.0,0.0
KXNFLSPREAD-25NOV02CARGB-GB20,Green Bay wins by over 20.5 points?,KXNFLSPREAD-25NOV02CARGB,,,2025-11-16T18:00:00Z,,17,28.0,68.0,32.0,72.0,30.0,70.0,100.0,-99.0,sell_both,10000.0,9900.0,99.0,2125.5882352941176,4.0,0.0
KXNFLSPREAD-25NOV02CARGB-GB2,Green Bay wins by over 2.5 points?,KXNFLSPREAD-25NOV02CARGB,,,2025-11-16T18:00:00Z,,17,85.0,14.0,86.0,15.0,85.5,14.5,100.0,-99.0,sell_both,10000.0,9900.0,99.0,2125.5882352941176,1.0,0.0
KXNFLSPREAD-25NOV02CARGB-GB17,Green Bay wins by over 17.5 points?,KXNFLSPREAD-25NOV02CARGB,,,2025-11-16T18:00:00Z,,17,37.0,60.0,40.0,63.0,38.5,61.5,100.0,-99.0,sell_both,10000.0,9900.0,99.0,2125.5882352941176,3.0,0.0
KXNFLSPREAD-25NOV02CARGB-GB14,Green Bay wins by over 14.5 points?,KXNFLSPREAD-25NOV02CARGB,,,2025-11-16T18:00:00Z,,17,43.0,54.0,46.0,57.0,44.5,55.5,100.0,-99.0,sell_both,10000.0,9900.0,99.0,2125.5882352941176,3.0,0.0
KXNFLSPREAD-25NOV02CARGB-GB13,Green Bay wins by over 13.5 points?,KXNFLSPREAD-25NOV02CARGB,,,2025-11-16T18:00:00Z,,17,47.0,49.0,51.0,53.0,49.0,51.0,100.0,-99.0,sell_both,10000.0,9900.0,99.0,2125.5882352941176,4.0,0.0670820393249937
KXNFLSPREAD-25NOV02CARGB-GB10,Green Bay wins by over 10.5 points?,KXNFLSPREAD-25NOV02CARGB,,,2025-11-16T18:00:00Z,,17,58.0,39.0,61.0,42.0,59.5,40.5,100.0,-99.0,sell_both,10000.0,9900.0,99.0,2125.5882352941176,3.0,0.0
KXNFLSPREAD-25NOV02CARGB-CAR7,Carolina wins by over 7.5 points?,KXNFLSPREAD-25NOV02CARGB,,,2025-11-16T18:00:00Z,,17,4.0,52.0,48.0,96.0,26.0,74.0,100.0,-99.0,sell_both,10000.0,9900.0,99.0,2125.5882352941176,44.0,0.3012474066278414
KXNFLSPREAD-25NOV02CARGB-CAR6,Carolina wins by over 6.5 points?,KXNFLSPREAD-25NOV02CARGB,,,2025-11-16T18:00:00Z,,17,4.0,94.0,6.0,96.0,5.0,95.0,100.0,-99.0,sell_both,10000.0,9900.0,99.0,2125.5882352941176,2.0,0.15083103128998357
KXNFLSPREAD-25NOV02CARGB-CAR3,Carolina wins by over 3.5 points?,KXNFLSPREAD-25NOV02CARGB,,,2025-11-16T18:00:00Z,,17,1.0,92.0,8.0,99.0,4.5,95.5,100.0,-99.0,sell_both,10000.0,9900.0,99.0,2125.5882352941176,7.0,0.0
KXNFLSPREAD-25NOV02CARGB-CAR2,Carolina wins by over 2.5 points?,KXNFLSPREAD-25NOV02CARGB,,,2025-11-16T18:00:00Z,,17,2.0,43.0,57.0,98.0,29.5,70.5,100.0,-99.0,sell_both,10000.0,9900.0,99.0,2125.5882352941176,55.0,0.0
KXNFLSPREAD-25NOV02CHICIN-CIN9,Cincinnati wins by over 9.5 points?,KXNFLSPREAD-25NOV02CHICIN,,,2025-11-16T18:00:00Z,,17,2.0,38.0,62.0,98.0,32.0,68.0,100.0,-99.0,sell_both,10000.0,9900.0,99.0,2125.5882352941176,60.0,0.0
KXNFLSPREAD-25NOV02CHICIN-CIN7,Cincinnati wins by over 7.5 points?,KXNFLSPREAD-25NOV02CHICIN,,,2025-11-16T18:00:00Z,,17,12.0,78.0,22.0,88.0,17.0,83.0,100.0,-99.0,sell_both,10000.0,9900.0,99.0,2125.5882352941176,10.0,0.0
KXNFLSPREAD-25NOV02CHICIN-CIN6,Cincinnati wins by over 6.5 points?,KXNFLSPREAD-25NOV02CHICIN,,,2025-11-16T18:00:00Z,,17,4.0,36.0,64.0,96.0,34.0,66.0,100.0,-99.0,sell_both,10000.0,9900.0,99.0,2125.5882352941176,60.0,0.0
KXNFLSPREAD-25NOV02CHICIN-CIN3,Cincinnati wins by over 3.5 points?,KXNFLSPREAD-25NOV02CHICIN,,,2025-11-16T18:00:00Z,,17,5.0,25.0,75.0,95.0,40.0,60.0,100.0,-99.0,sell_both,10000.0,9900.0,99.0,2125.5882352941176,70.0,0.0
KXNFLSPREAD-25NOV02CHICIN-CIN2,Cincinnati wins by over 2.5 points?,KXNFLSPREAD-25NOV02CHICIN,,,2025-11-16T18:00:00Z,,17,10.0,25.0,75.0,90.0,42.5,57.5,100.0,-99.0,sell_both,10000.0,9900.0,99.0,2125.5882352941176,65.0,0.0
KXNFLSPREAD-25NOV02CHICIN-CIN14,Cincinnati wins by over 14.5 points?,KXNFLSPREAD-25NOV02CHICIN,,,2025-11-16T18:00:00Z,,17,7.0,46.0,54.0,93.0,30.5,69.5,100.0,-99.0,sell_both,10000.0,9900.0,99.0,2125.5882352941176,47.0,0.27431733448690404
KXNFLSPREAD-25NOV02CHICIN-CIN13,Cincinnati wins by over 13.5 points?,KXNFLSPREAD-25NOV02CHICIN,,,2025-11-16T18:00:00Z,,17,2.0,43.0,57.0,98.0,29.5,70.5,100.0,-99.0,sell_both,10000.0,9900.0,99.0,2125.5882352941176,55.0,0.0
KXNFLSPREAD-25NOV02CHICIN-CIN10,Cincinnati wins by over 10.5 points?,KXNFLSPREAD-25NOV02CHICIN,,,2025-11-16T18:00:00Z,,17,12.0,87.0,13.0,88.0,12.5,87.5,100.0,-99.0,sell_both,10000.0,9900.0,99.0,2125.5882352941176,1.0,0.0
KXNFLSPREAD-25NOV02CHICIN-CHI9,Chicago wins by over 9.5 points?,KXNFLSPREAD-25NOV02CHICIN,,,2025-11-16T18:00:00Z,,17,4.0,34.0,66.0,96.0,35.0,65.0,100.0,-99.0,sell_both,10000.0,9900.0,99.0,2125.5882352941176,62.0,0.0
KXNFLSPREAD-25NOV02CHICIN-CHI7,Chicago wins by over 7.5 points?,KXNFLSPREAD-25NOV02CHICIN,,,2025-11-16T18:00:00Z,,17,5.0,31.0,69.0,95.0,37.0,63.0,100.0,-99.0,sell_both,10000.0,9900.0,99.0,2125.5882352941176,64.0,0.0
KXNFLSPREAD-25NOV02CHICIN-CHI6,Chicago wins by over 6.5 points?,KXNFLSPREAD-25NOV02CHICIN,,,2025-11-16T18:00:00Z,,17,33.0,52.0,48.0,67.0,40.5,59.5,100.0,-99.0,sell_both,10000.0,9900.0,99.0,2125.5882352941176,15.0,0.0
KXNFLSPREAD-25NOV02CHICIN-CHI3,Chicago wins by over 3.5 points?,KXNFLSPREAD-25NOV02CHICIN,,,2025-11-16T18:00:00Z,,17,42.0,52.0,48.0,58.0,45.0,55.0,100.0,-99.0,sell_both,10000.0,9900.0,99.0,2125.5882352941176,6.0,0.05916079783099616
KXNFLSPREAD-25NOV02CHICIN-CHI2,Chicago wins by over 2.5 points?,KXNFLSPREAD-25NOV02CHICIN,,,2025-11-16T18:00:00Z,,17,53.0,46.0,54.0,47.0,53.5,46.5,100.0,-99.0,sell_both,10000.0,9900.0,99.0,2125.5882352941176,1.0,0.0
KXNFLSPREAD-25NOV02CHICIN-CHI14,Chicago wins by over 14.5 points?,KXNFLSPREAD-25NOV02CHICIN,,,2025-11-16T18:00:00Z,,17,2.0,38.0,62.0,98.0,32.0,68.0,100.0,-99.0,sell_both,10000.0,9900.0,99.0,2125.5882352941176,60.0,0.0
KXNFLSPREAD-25NOV02CHICIN-CHI13,Chicago wins by over 13.5 points?,KXNFLSPREAD-25NOV02CHICIN,,,2025-11-16T18:00:00Z,,17,15.0,81.0,19.0,85.0,17.0,83.0,100.0,-99.0,sell_both,10000.0,9900.0,99.0,2125.5882352941176,4.0,0.0
KXNFLSPREAD-25NOV02CHICIN-CHI10,Chicago wins by over 10.5 points?,KXNFLSPREAD-25NOV02CHICIN,,,2025-11-16T18:00:00Z,,17,18.0,36.0,64.0,82.0,41.0,59.0,100.0,-99.0,sell_both,10000.0,9900.0,99.0,2125.5882352941176,46.0,0.0
KXNFLSPREAD-25NOV02DENHOU-HOU9,Houston wins by over 9.5 points?,KXNFLSPREAD-25NOV02DENHOU,,,2025-11-16T18:00:00Z,,17,20.0,36.0,64.0,80.0,42.0,58.0,100.0,-99.0,sell_both,10000.0,9900.0,99.0,2125.5882352941176,44.0,0.0
KXNFLSPREAD-25NOV02DENHOU-HOU7,Houston wins by over 7.5 points?,KXNFLSPREAD-25NOV02DENHOU,,,2025-11-16T18:00:00Z,,17,25.0,72.0,28.0,75.0,26.5,73.5,100.0,-99.0,sell_both,10000.0,9900.0,99.0,2125.5882352941176,3.0,0.0
KXNFLSPREAD-25NOV02DENHOU-HOU6,Houston wins by over 6.5 points?,KXNFLSPREAD-25NOV02DENHOU,,,2025-11-16T18:00:00Z,,17,24.0,62.0,38.0,76.0,31.0,69.0,100.0,-99.0,sell_both,10000.0,9900.0,99.0,2125.5882352941176,14.0,0.0
KXNFLSPREAD-25NOV02DENHOU-HOU3,Houston wins by over 3.5 points?,KXNFLSPREAD-25NOV02DENHOU,,,2025-11-16T18:00:00Z,,17,37.0,59.0,41.0,63.0,39.0,61.0,100.0,-99.0,sell_both,10000.0,9900.0,99.0,2125.5882352941176,4.0,0.0
KXNFLSPREAD-25NOV02DENHOU-HOU2,Houston wins by over 2.5 points?,KXNFLSPREAD-25NOV02DENHOU,,,2025-11-16T18:00:00Z,,17,45.0,50.0,50.0,55.0,47.5,52.5,100.0,-99.0,sell_both,10000.0,9900.0,99.0,2125.5882352941176,5.0,0.0
KXNFLSPREAD-25NOV02DENHOU-HOU14,Houston wins by over 14.5 points?,KXNFLSPREAD-25NOV02DENHOU,,,2025-11-16T18:00:00Z,,17,12.0,80.0,20.0,88.0,16.0,84.0,100.0,-99.0,sell_both,10000.0,9900.0,99.0,2125.5882352941176,8.0,0.0
KXNFLSPREAD-25NOV02DENHOU-HOU13,Houston wins by over 13.5 points?,KXNFLSPREAD-25NOV02DENHOU,,,2025-11-16T18:00:00Z,,17,14.0,78.0,22.0,86.0,18.0,82.0,100.0,-99.0,sell_both,10000.0,9900.0,99.0,2125.5882352941176,8.0,0.0
KXNFLSPREAD-25NOV02DENHOU-HOU10,Houston wins by over 10.5 points?,KXNFLSPREAD-25NOV02DENHOU,,,2025-11-16T18:00:00Z,,17,19.0,73.0,27.0,81.0,23.0,77.0,100.0,-99.0,sell_both,10000.0,9900.0,99.0,2125.5882352941176,8.0,0.0
KXNFLSPREAD-25NOV02DENHOU-DEN9,Denver wins by over 9.5 points?,KXNFLSPREAD-25NOV02DENHOU,,,2025-11-16T18:00:00Z,,17,16.0,76.0,24.0,84.0,20.0,80.0,100.0,-99.0,sell_both,10000.0,9900.0,99.0,2125.5882352941176,8.0,0.0
KXNFLSPREAD-25NOV02DENHOU-DEN7,Denver wins by over 7.5 points?,KXNFLSPREAD-25NOV02DENHOU,,,2025-11-16T18:00:00Z,,17,18.0,73.0,27.0,82.0,22.5,77.5,100.0,-99.0,sell_both,10000.0,9900.0,99.0,2125.5882352941176,9.0,0.0
KXNFLSPREAD-25NOV02DENHOU-DEN6,Denver wins by over 6.5 points?,KXNFLSPREAD-25NOV02DENHOU,,,2025-11-16T18:00:00Z,,17,23.0,70.0,30.0,77.0,26.5,73.5,100.0,-99.0,sell_both,10000.0,9900.0,99.0,2125.5882352941176,7.0,0.0
KXNFLSPREAD-25NOV02DENHOU-DEN3,Denver wins by over 3.5 points?,KXNFLSPREAD-25NOV02DENHOU,,,2025-11-16T18:00:00Z,,17,34.0,63.0,37.0,66.0,35.5,64.5,100.0,-99.0,sell_both,10000.0,9900.0,99.0,2125.5882352941176,3.0,0.0
KXNFLSPREAD-25NOV02DENHOU-DEN2,Denver wins by over 2.5 points?,KXNFLSPREAD-25NOV02DENHOU,,,2025-11-16T18:00:00Z,,17,39.0,56.0,44.0,61.0,41.5,58.5,100.0,-99.0,sell_both,10000.0,9900.0,99.0,2125.5882352941176,5.0,0.0
KXNFLSPREAD-25NOV02DENHOU-DEN14,Denver wins by over 14.5 points?,KXNFLSPREAD-25NOV02DENHOU,,,2025-11-16T18:00:00Z,,17,8.0,82.0,18.0,92.0,13.0,87.0,100.0,-99.0,sell_both,10000.0,9900.0,99.0,2125.5882352941176,10.0,0.0
KXNFLSPREAD-25NOV02DENHOU-DEN13,Denver wins by over 13.5 points?,KXNFLSPREAD-25NOV02DENHOU,,,2025-11-16T18:00:00Z,,17,10.0,80.0,20.0,90.0,15.0,85.0,100.0,-99.0,sell_both,10000.0,9900.0,99.0,2125.5882352941176,10.0,0.0
KXNFLSPREAD-25NOV02DENHOU-DEN10,Denver wins by over 10.5 points?,KXNFLSPREAD-25NOV02DENHOU,,,2025-11-16T18:00:00Z,,17,14.0,78.0,22.0,86.0,18.0,82.0,100.0,-99.0,sell_both,10000.0,9900.0,99.0,2125.5882352941176,8.0,0.0
KXNFLSPREAD-25NOV02INDPIT-PIT9,Pittsburgh wins by over 9.5 points?,KXNFLSPREAD-25NOV02INDPIT,,,2025-11-16T18:00:00Z,,17,2.0,38.0,62.0,98.0,32.0,68.0,100.0,-99.0,sell_both,10000.0,9900.0,99.0,2125.5882352941176,60.0,0.0
KXNFLSPREAD-25NOV02INDPIT-PIT7,Pittsburgh wins by over 7.5 points?,KXNFLSPREAD-25NOV02INDPIT,,,2025-11-16T18:00:00Z,,17,2.0,32.0,68.0,98.0,35.0,65.0,100.0,-99.0,sell_both,10000.0,9900.0,99.0,2125.5882352941176,66.0,0.0
KXNFLSPREAD-25NOV02INDPIT-PIT6,Pittsburgh wins by over 6.5 points?,KXNFLSPREAD-25NOV02INDPIT,,,2025-11-16T18:00:00Z,,17,2.0,36.0,64.0,98.0,33.0,67.0,100.0,-99.0,sell_both,10000.0,9900.0,99.0,2125.5882352941176,62.0,0.0
KXNFLSPREAD-25NOV02INDPIT-PIT3,Pittsburgh wins by over 3.5 points?,KXNFLSPREAD-25NOV02INDPIT,,,2025-11-16T18:00:00Z,,17,27.0,69.0,31.0,73.0,29.0,71.0,100.0,-99.0,sell_both,10000.0,9900.0,99.0,2125.5882352941176,4.0,0.0
KXNFLSPREAD-25NOV02INDPIT-PIT2,Pittsburgh wins by over 2.5 points?,KXNFLSPREAD-25NOV02INDPIT,,,2025-11-16T18:00:00Z,,17,10.0,25.0,75.0,90.0,42.5,57.5,100.0,-99.0,sell_both,10000.0,9900.0,99.0,2125.5882352941176,65.0,0.0
KXNFLSPREAD-25NOV02INDPIT-PIT14,Pittsburgh wins by over 14.5 points?,KXNFLSPREAD-25NOV02INDPIT,,,2025-11-16T18:00:00Z,,17,1.0,46.0,54.0,99.0,27.5,72.5,100.0,-99.0,sell_both,10000.0,9900.0,99.0,2125.5882352941176,53.0,0.0
KXNFLSPREAD-25NOV02INDPIT-PIT13,Pittsburgh wins by over 13.5 points?,KXNFLSPREAD-25NOV02INDPIT,,,2025-11-16T18:00:00Z,,17,7.0,43.0,57.0,93.0,32.0,68.0,100.0,-99.0,sell_both,10000.0,9900.0,99.0,2125.5882352941176,50.0,0.15083103128998357
KXNFLSPREAD-25NOV02INDPIT-PIT10,Pittsburgh wins by over 10.5 points?,KXNFLSPREAD-25NOV02INDPIT,,,2025-11-16T18:00:00Z,,17,2.0,40.0,60.0,98.0,31.0,69.0,100.0,-99.0,sell_both,10000.0,9900.0,99.0,2125.5882352941176,58.0,0.0
KXNFLSPREAD-25NOV02INDPIT-IND9,Indianapolis wins by over 9.5 points?,KXNFLSPREAD-25NOV02INDPIT,,,2025-11-16T18:00:00Z,,17,4.0,70.0,30.0,96.0,17.0,83.0,100.0,-99.0,sell_both,10000.0,9900.0,99.0,2125.5882352941176,26.0,0.0
KXNFLSPREAD-25NOV02INDPIT-IND7,Indianapolis wins by over 7.5 points?,KXNFLSPREAD-25NOV02INDPIT,,,2025-11-16T18:00:00Z,,17,31.0,66.0,34.0,69.0,32.5,67.5,100.0,-99.0,sell_both,10000.0,9900.0,99.0,2125.5882352941176,3.0,0.0
KXNFLSPREAD-25NOV02INDPIT-IND6,Indianapolis wins by over 6.5 points?,KXNFLSPREAD-25NOV02INDPIT,,,2025-11-16T18:00:00Z,,17,36.0,63.0,37.0,64.0,36.5,63.5,100.0,-99.0,sell_both,10000.0,9900.0,99.0,2125.5882352941176,1.0,0.0
KXNFLSPREAD-25NOV02INDPIT-IND3,Indianapolis wins by over 3.5 points?,KXNFLSPREAD-25NOV02INDPIT,,,2025-11-16T18:00:00Z,,17,45.0,52.0,48.0,55.0,46.5,53.5,100.0,-99.0,sell_both,10000.0,9900.0,99.0,2125.5882352941176,3.0,0.0
KXNFLSPREAD-25NOV02INDPIT-IND2,Indianapolis wins by over 2.5 points?,KXNFLSPREAD-25NOV02INDPIT,,,2025-11-16T18:00:00Z,,17,54.0,43.0,57.0,46.0,55.5,44.5,100.0,-99.0,sell_both,10000.0,9900.0,99.0,2125.5882352941176,3.0,0.0
KXNFLSPREAD-25NOV02INDPIT-IND14,Indianapolis wins by over 14.5 points?,KXNFLSPREAD-25NOV02INDPIT,,,2025-11-16T18:00:00Z,,17,15.0,77.0,23.0,85.0,19.0,81.0,100.0,-99.0,sell_both,10000.0,9900.0,99.0,2125.5882352941176,8.0,0.0
KXNFLSPREAD-25NOV02INDPIT-IND13,Indianapolis wins by over 13.5 points?,KXNFLSPREAD-25NOV02INDPIT,,,2025-11-16T18:00:00Z,,17,2.0,34.0,66.0,98.0,34.0,66.0,100.0,-99.0,sell_both,10000.0,9900.0,99.0,2125.5882352941176,64.0,0.0
KXNFLSPREAD-25NOV02INDPIT-IND10,Indianapolis wins by over 10.5 points?,KXNFLSPREAD-25NOV02INDPIT,,,2025-11-16T18:00:00Z,,17,4.0,36.0,64.0,96.0,34.0,66.0,100.0,-99.0,sell_both,10000.0,9900.0,99.0,2125.5882352941176,60.0,0.0
KXNFLSPREAD-25NOV02LACTEN-TEN9,Tennessee wins by over 9.5 points?,KXNFLSPREAD-25NOV02LACTEN,,,2025-11-16T18:00:00Z,,17,1.0,48.0,52.0,99.0,26.5,73.5,100.0,-99.0,sell_both,10000.0,9900.0,99.0,2125.5882352941176,51.0,0.0
KXNFLSPREAD-25NOV02LACTEN-TEN7,Tennessee wins by over 7.5 points?,KXNFLSPREAD-25NOV02LACTEN,,,2025-11-16T18:00:00Z,,17,6.0,46.0,54.0,94.0,30.0,70.0,100.0,-99.0,sell_both,10000.0,9900.0,99.0,2125.5882352941176,48.0,0.19364916731037085
KXNFLSPREAD-25NOV02LACTEN-TEN6,Tennessee wins by over 6.5 points?,KXNFLSPREAD-25NOV02LACTEN,,,2025-11-16T18:00:00Z,,17,1.0,43.0,57.0,99.0,29.0,71.0,100.0,-99.0,sell_both,10000.0,9900.0,99.0,2125.5882352941176,56.0,0.0
KXNFLSPREAD-25NOV02LACTEN-TEN3,Tennessee wins by over 3.5 points?,KXNFLSPREAD-25NOV02LACTEN,,,2025-11-16T18:00:00Z,,17,8.0,82.0,18.0,92.0,13.0,87.0,100.0,-99.0,sell_both,10000.0,9900.0,99.0,2125.5882352941176,10.0,0.0
KXNFLSPREAD-25NOV02LACTEN-TEN2,Tennessee wins by over 2.5 points?,KXNFLSPREAD-25NOV02LACTEN,,,2025-11-16T18:00:00Z,,17,13.0,78.0,22.0,87.0,17.5,82.5,100.0,-99.0,sell_both,10000.0,9900.0,99.0,2125.5882352941176,9.0,0.0
KXNFLSPREAD-25NOV02LACTEN-LAC9,Los Angeles C wins by over 9.5 points?,KXNFLSPREAD-25NOV02LACTEN,,,2025-11-16T18:00:00Z,,17,50.0,49.0,51.0,50.0,50.5,49.5,100.0,-99.0,sell_both,10000.0,9900.0,99.0,2125.5882352941176,1.0,0.0
KXNFLSPREAD-25NOV02LACTEN-LAC7,Los Angeles C wins by over 7.5 points?,KXNFLSPREAD-25NOV02LACTEN,,,2025-11-16T18:00:00Z,,17,53.0,45.0,55.0,47.0,54.0,46.0,100.0,-99.0,sell_both,10000.0,9900.0,99.0,2125.5882352941176,2.0,0.0
KXNFLSPREAD-25NOV02LACTEN-LAC6,Los Angeles C wins by over 6.5 points?,KXNFLSPREAD-25NOV02LACTEN,,,2025-11-16T18:00:00Z,,17,57.0,36.0,64.0,43.0,60.5,39.5,100.0,-99.0,sell_both,10000.0,9900.0,99.0,2125.5882352941176,7.0,0.0
KXNFLSPREAD-25NOV02LACTEN-LAC3,Los Angeles C wins by over 3.5 points?,KXNFLSPREAD-25NOV02LACTEN,,,2025-11-16T18:00:00Z,,17,65.0,30.0,70.0,35.0,67.5,32.5,100.0,-99.0,sell_both,10000.0,9900.0,99.0,2125.5882352941176,5.0,0.0
KXNFLSPREAD-25NOV02LACTEN-LAC20,Los Angeles C wins by over 20.5 points?,KXNFLSPREAD-25NOV02LACTEN,,,2025-11-16T18:00:00Z,,17,2.0,74.0,26.0,98.0,14.0,86.0,100.0,-99.0,sell_both,10000.0,9900.0,99.0,2125.5882352941176,24.0,0.0
KXNFLSPREAD-25NOV02LACTEN-LAC2,Los Angeles C wins by over 2.5 points?,KXNFLSPREAD-25NOV02LACTEN,,,2025-11-16T18:00:00Z,,17,75.0,21.0,79.0,25.0,77.0,23.0,100.0,-99.0,sell_both,10000.0,9900.0,99.0,2125.5882352941176,4.0,0.0
KXNFLSPREAD-25NOV02LACTEN-LAC17,Los Angeles C wins by over 17.5 points?,KXNFLSPREAD-25NOV02LACTEN,,,2025-11-16T18:00:00Z,,17,24.0,72.0,28.0,76.0,26.0,74.0,100.0,-99.0,sell_both,10000.0,9900.0,99.0,2125.5882352941176,4.0,0.0
KXNFLSPREAD-25NOV02LACTEN-LAC14,Los Angeles C wins by over 14.5 points?,KXNFLSPREAD-25NOV02LACTEN,,,2025-11-16T18:00:00Z,,17,32.0,63.0,37.0,68.0,34.5,65.5,100.0,-99.0,sell_both,10000.0,9900.0,99.0,2125.5882352941176,5.0,0.0
KXNFLSPREAD-25NOV02LACTEN-LAC13,Los Angeles C wins by over 13.5 points?,KXNFLSPREAD-25NOV02LACTEN,,,2025-11-16T18:00:00Z,,17,35.0,59.0,41.0,65.0,38.0,62.0,100.0,-99.0,sell_both,10000.0,9900.0,99.0,2125.5882352941176,6.0,0.03162277660168379
KXNFLSPREAD-25NOV02LACTEN-LAC10,Los Angeles C wins by over 10.5 points?,KXNFLSPREAD-25NOV02LACTEN,,,2025-11-16T18:00:00Z,,17,42.0,55.0,45.0,58.0,43.5,56.5,100.0,-99.0,sell_both,10000.0,9900.0,99.0,2125.5882352941176,3.0,0.0
KXNFLSPREAD-25NOV02MINDET-MIN9,Minnesota wins by over 9.5 points?,KXNFLSPREAD-25NOV02MINDET,,,2025-11-16T18:00:00Z,,17,5.0,94.0,6.0,95.0,5.5,94.5,100.0,-99.0,sell_both,10000.0,9900.0,99.0,2125.5882352941176,1.0,0.0
KXNFLSPREAD-25NOV02MINDET-MIN7,Minnesota wins by over 7.5 points?,KXNFLSPREAD-25NOV02MINDET,,,2025-11-16T18:00:00Z,,17,6.0,43.0,57.0,94.0,31.5,68.5,100.0,-99.0,sell_both,10000.0,9900.0,99.0,2125.5882352941176,51.0,0.05
KXNFLSPREAD-25NOV02MINDET-MIN6,Minnesota wins by over 6.5 points?,KXNFLSPREAD-25NOV02MINDET,,,2025-11-16T18:00:00Z,,17,7.0,90.0,10.0,93.0,8.5,91.5,100.0,-99.0,sell_both,10000.0,9900.0,99.0,2125.5882352941176,3.0,0.0
KXNFLSPREAD-25NOV02MINDET-MIN3,Minnesota wins by over 3.5 points?,KXNFLSPREAD-25NOV02MINDET,,,2025-11-16T18:00:00Z,,17,9.0,86.0,14.0,91.0,11.5,88.5,100.0,-99.0,sell_both,10000.0,9900.0,99.0,2125.5882352941176,5.0,0.0
KXNFLSPREAD-25NOV02MINDET-MIN2,Minnesota wins by over 2.5 points?,KXNFLSPREAD-25NOV02MINDET,,,2025-11-16T18:00:00Z,,17,13.0,78.0,22.0,87.0,17.5,82.5,100.0,-99.0,sell_both,10000.0,9900.0,99.0,2125.5882352941176,9.0,0.0
KXNFLSPREAD-25NOV02MINDET-DET9,Detroit wins by over 9.5 points?,KXNFLSPREAD-25NOV02MINDET,,,2025-11-16T18:00:00Z,,17,47.0,51.0,49.0,53.0,48.0,52.0,100.0,-99.0,sell_both,10000.0,9900.0,99.0,2125.5882352941176,2.0,0.0
KXNFLSPREAD-25NOV02MINDET-DET7,Detroit wins by over 7.5 points?,KXNFLSPREAD-25NOV02MINDET,,,2025-11-16T18:00:00Z,,17,50.0,45.0,55.0,50.0,52.5,47.5,100.0,-99.0,sell_both,10000.0,9900.0,99.0,2125.5882352941176,5.0,0.0
KXNFLSPREAD-25NOV02MINDET-DET6,Detroit wins by over 6.5 points?,KXNFLSPREAD-25NOV02MINDET,,,2025-11-16T18:00:00Z,,17,56.0,37.0,63.0,44.0,59.5,40.5,100.0,-99.0,sell_both,10000.0,9900.0,99.0,2125.5882352941176,7.0,0.0
KXNFLSPREAD-25NOV02MINDET-DET3,Detroit wins by over 3.5 points?,KXNFLSPREAD-25NOV02MINDET,,,2025-11-16T18:00:00Z,,17,66.0,30.0,70.0,34.0,68.0,32.0,100.0,-99.0,sell_both,10000.0,9900.0,99.0,2125.5882352941176,4.0,0.0
KXNFLSPREAD-25NOV02MINDET-DET20,Detroit wins by over 20.5 points?,KXNFLSPREAD-25NOV02MINDET,,,2025-11-16T18:00:00Z,,17,20.0,76.0,24.0,80.0,22.0,78.0,100.0,-99.0,sell_both,10000.0,9900.0,99.0,2125.5882352941176,4.0,0.0
KXNFLSPREAD-25NOV02MINDET-DET2,Detroit wins by over 2.5 points?,KXNFLSPREAD-25NOV02MINDET,,,2025-11-16T18:00:00Z,,17,72.0,23.0,77.0,28.0,74.5,25.5,100.0,-99.0,sell_both,10000.0,9900.0,99.0,2125.5882352941176,5.0,0.0
KXNFLSPREAD-25NOV02MINDET-DET17,Detroit wins by over 17.5 points?,KXNFLSPREAD-25NOV02MINDET,,,2025-11-16T18:00:00Z,,17,26.0,36.0,64.0,74.0,45.0,55.0,100.0,-99.0,sell_both,10000.0,9900.0,99.0,2125.5882352941176,38.0,0.0
KXNFLSPREAD-25NOV02MINDET-DET14,Detroit wins by over 14.5 points?,KXNFLSPREAD-25NOV02MINDET,,,2025-11-16T18:00:00Z,,17,29.0,62.0,38.0,71.0,33.5,66.5,100.0,-99.0,sell_both,10000.0,9900.0,99.0,2125.5882352941176,9.0,0.0
KXNFLSPREAD-25NOV02MINDET-DET13,Detroit wins by over 13.5 points?,KXNFLSPREAD-25NOV02MINDET,,,2025-11-16T18:00:00Z,,17,34.0,59.0,41.0,66.0,37.5,62.5,100.0,-99.0,sell_both,10000.0,9900.0,99.0,2125.5882352941176,7.0,0.0
KXNFLSPREAD-25NOV02MINDET-DET10,Detroit wins by over 10.5 points?,KXNFLSPREAD-25NOV02MINDET,,,2025-11-16T18:00:00Z,,17,40.0,53.0,47.0,60.0,43.5,56.5,100.0,-99.0,sell_both,10000.0,9900.0,99.0,2125.5882352941176,7.0,0.06324555320336758
KXNFLSPREAD-25NOV02SFNYG-SF9,San Francisco wins by over 9.5 points?,KXNFLSPREAD-25NOV02SFNYG,,,2025-11-16T18:00:00Z,,17,24.0,68.0,32.0,76.0,28.0,72.0,100.0,-99.0,sell_both,10000.0,9900.0,99.0,2125.5882352941176,8.0,0.0
KXNFLSPREAD-25NOV02SFNYG-SF7,San Francisco wins by over 7.5 points?,KXNFLSPREAD-25NOV02SFNYG,,,2025-11-16T18:00:00Z,,17,5.0,31.0,69.0,95.0,37.0,63.0,100.0,-99.0,sell_both,10000.0,9900.0,99.0,2125.5882352941176,64.0,0.0
KXNFLSPREAD-25NOV02SFNYG-SF6,San Francisco wins by over 6.5 points?,KXNFLSPREAD-25NOV02SFNYG,,,2025-11-16T18:00:00Z,,17,10.0,29.0,71.0,90.0,40.5,59.5,100.0,-99.0,sell_both,10000.0,9900.0,99.0,2125.5882352941176,61.0,0.0
KXNFLSPREAD-25NOV02SFNYG-SF3,San Francisco wins by over 3.5 points?,KXNFLSPREAD-25NOV02SFNYG,,,2025-11-16T18:00:00Z,,17,40.0,56.0,44.0,60.0,42.0,58.0,100.0,-99.0,sell_both,10000.0,9900.0,99.0,2125.5882352941176,4.0,0.044721359549995794
KXNFLSPREAD-25NOV02SFNYG-SF2,San Francisco wins by over 2.5 points?,KXNFLSPREAD-25NOV02SFNYG,,,2025-11-16T18:00:00Z,,17,51.0,47.0,53.0,49.0,52.0,48.0,100.0,-99.0,sell_both,10000.0,9900.0,99.0,2125.5882352941176,2.0,0.0
KXNFLSPREAD-25NOV02SFNYG-SF17,San Francisco wins by over 17.5 points?,KXNFLSPREAD-25NOV02SFNYG,,,2025-11-16T18:00:00Z,,17,2.0,42.0,58.0,98.0,30.0,70.0,100.0,-99.0,sell_both,10000.0,9900.0,99.0,2125.5882352941176,56.0,0.0
KXNFLSPREAD-25NOV02SFNYG-SF14,San Francisco wins by over 14.5 points?,KXNFLSPREAD-25NOV02SFNYG,,,2025-11-16T18:00:00Z,,17,13.0,36.0,64.0,87.0,38.5,61.5,100.0,-99.0,sell_both,10000.0,9900.0,99.0,2125.5882352941176,51.0,0.0
KXNFLSPREAD-25NOV02SFNYG-SF13,San Francisco wins by over 13.5 points?,KXNFLSPREAD-25NOV02SFNYG,,,2025-11-16T18:00:00Z,,17,14.0,76.0,24.0,86.0,19.0,81.0,100.0,-99.0,sell_both,10000.0,9900.0,99.0,2125.5882352941176,10.0,0.0
KXNFLSPREAD-25NOV02SFNYG-SF10,San Francisco wins by over 10.5 points?,KXNFLSPREAD-25NOV02SFNYG,,,2025-11-16T18:00:00Z,,17,20.0,72.0,28.0,80.0,24.0,76.0,100.0,-99.0,sell_both,10000.0,9900.0,99.0,2125.5882352941176,8.0,0.0
KXNFLSPREAD-25NOV02SFNYG-NYG9,New York G wins by over 9.5 points?,KXNFLSPREAD-25NOV02SFNYG,,,2025-11-16T18:00:00Z,,17,13.0,77.0,23.0,87.0,18.0,82.0,100.0,-99.0,sell_both,10000.0,9900.0,99.0,2125.5882352941176,10.0,0.0
KXNFLSPREAD-25NOV02SFNYG-NYG7,New York G wins by over 7.5 points?,KXNFLSPREAD-25NOV02SFNYG,,,2025-11-16T18:00:00Z,,17,2.0,33.0,67.0,98.0,34.5,65.5,100.0,-99.0,sell_both,10000.0,9900.0,99.0,2125.5882352941176,65.0,0.0
KXNFLSPREAD-25NOV02SFNYG-NYG6,New York G wins by over 6.5 points?,KXNFLSPREAD-25NOV02SFNYG,,,2025-11-16T18:00:00Z,,17,4.0,36.0,64.0,96.0,34.0,66.0,100.0,-99.0,sell_both,10000.0,9900.0,99.0,2125.5882352941176,60.0,0.0
KXNFLSPREAD-25NOV02SFNYG-NYG3,New York G wins by over 3.5 points?,KXNFLSPREAD-25NOV02SFNYG,,,2025-11-16T18:00:00Z,,17,5.0,25.0,75.0,95.0,40.0,60.0,100.0,-99.0,sell_both,10000.0,9900.0,99.0,2125.5882352941176,70.0,0.0
KXNFLSPREAD-25NOV02SFNYG-NYG2,New York G wins by over 2.5 points?,KXNFLSPREAD-25NOV02SFNYG,,,2025-11-16T18:00:00Z,,17,10.0,25.0,75.0,90.0,42.5,57.5,100.0,-99.0,sell_both,10000.0,9900.0,99.0,2125.5882352941176,65.0,0.0
KXNFLSPREAD-25NOV02SFNYG-NYG14,New York G wins by over 14.5 points?,KXNFLSPREAD-25NOV02SFNYG,,,2025-11-16T18:00:00Z,,17,7.0,45.0,55.0,93.0,31.0,69.0,100.0,-99.0,sell_both,10000.0,9900.0,99.0,2125.5882352941176,48.0,0.15083103128998357
KXNFLSPREAD-25NOV02SFNYG-NYG13,New York G wins by over 13.5 points?,KXNFLSPREAD-25NOV02SFNYG,,,2025-11-16T18:00:00Z,,17,1.0,42.0,58.0,99.0,29.5,70.5,100.0,-99.0,sell_both,10000.0,9900.0,99.0,2125.5882352941176,57.0,0.0
KXNFLSPREAD-25NOV02SFNYG-NYG10,New York G wins by over 10.5 points?,KXNFLSPREAD-25NOV02SFNYG,,,2025-11-16T18:00:00Z,,17,12.0,38.0,62.0,88.0,37.0,63.0,100.0,-99.0,sell_both,10000.0,9900.0,99.0,2125.5882352941176,50.0,0.0
KXNFLSPREAD-25NOV02JACLV-LV9,Las Vegas wins by over 9.5 points?,KXNFLSPREAD-25NOV02JACLV,,,2025-11-16T21:05:00Z,,17,14.0,84.0,16.0,86.0,15.0,85.0,100.0,-99.0,sell_both,10000.0,9900.0,99.0,2125.5882352941176,2.0,0.0
KXNFLSPREAD-25NOV02JACLV-LV7,Las Vegas wins by over 7.5 points?,KXNFLSPREAD-25NOV02JACLV,,,2025-11-16T21:05:00Z,,17,16.0,75.0,25.0,84.0,20.5,79.5,100.0,-99.0,sell_both,10000.0,9900.0,99.0,2125.5882352941176,9.0,0.0
KXNFLSPREAD-25NOV02JACLV-LV6,Las Vegas wins by over 6.5 points?,KXNFLSPREAD-25NOV02JACLV,,,2025-11-16T21:05:00Z,,17,20.0,76.0,24.0,80.0,22.0,78.0,100.0,-99.0,sell_both,10000.0,9900.0,99.0,2125.5882352941176,4.0,0.0
KXNFLSPREAD-25NOV02JACLV-LV3,Las Vegas wins by over 3.5 points?,KXNFLSPREAD-25NOV02JACLV,,,2025-11-16T21:05:00Z,,17,28.0,69.0,31.0,72.0,29.5,70.5,100.0,-99.0,sell_both,10000.0,9900.0,99.0,2125.5882352941176,3.0,0.0
KXNFLSPREAD-25NOV02JACLV-LV2,Las Vegas wins by over 2.5 points?,KXNFLSPREAD-25NOV02JACLV,,,2025-11-16T21:05:00Z,,17,34.0,62.0,38.0,66.0,36.0,64.0,100.0,-99.0,sell_both,10000.0,9900.0,99.0,2125.5882352941176,4.0,0.0
KXNFLSPREAD-25NOV02JACLV-LV14,Las Vegas wins by over 14.5 points?,KXNFLSPREAD-25NOV02JACLV,,,2025-11-16T21:05:00Z,,17,6.0,92.0,8.0,94.0,7.0,93.0,100.0,-99.0,sell_both,10000.0,9900.0,99.0,2125.5882352941176,2.0,0.0
KXNFLSPREAD-25NOV02JACLV-LV13,Las Vegas wins by over 13.5 points?,KXNFLSPREAD-25NOV02JACLV,,,2025-11-16T21:05:00Z,,17,8.0,90.0,10.0,92.0,9.0,91.0,100.0,-99.0,sell_both,10000.0,9900.0,99.0,2125.5882352941176,2.0,0.0
KXNFLSPREAD-25NOV02JACLV-LV10,Las Vegas wins by over 10.5 points?,KXNFLSPREAD-25NOV02JACLV,,,2025-11-16T21:05:00Z,,17,10.0,87.0,13.0,90.0,11.5,88.5,100.0,-99.0,sell_both,10000.0,9900.0,99.0,2125.5882352941176,3.0,0.0
KXNFLSPREAD-25NOV02JACLV-JAC9,Jacksonville wins by over 9.5 points?,KXNFLSPREAD-25NOV02JACLV,,,2025-11-16T21:05:00Z,,17,25.0,73.0,27.0,75.0,26.0,74.0,100.0,-99.0,sell_both,10000.0,9900.0,99.0,2125.5882352941176,2.0,0.0
KXNFLSPREAD-25NOV02JACLV-JAC7,Jacksonville wins by over 7.5 points?,KXNFLSPREAD-25NOV02JACLV,,,2025-11-16T21:05:00Z,,17,29.0,69.0,31.0,71.0,30.0,70.0,100.0,-99.0,sell_both,10000.0,9900.0,99.0,2125.5882352941176,2.0,0.0
KXNFLSPREAD-25NOV02JACLV-JAC6,Jacksonville wins by over 6.5 points?,KXNFLSPREAD-25NOV02JACLV,,,2025-11-16T21:05:00Z,,17,35.0,61.0,39.0,65.0,37.0,63.0,100.0,-99.0,sell_both,10000.0,9900.0,99.0,2125.5882352941176,4.0,0.0
KXNFLSPREAD-25NOV02JACLV-JAC3,Jacksonville wins by over 3.5 points?,KXNFLSPREAD-25NOV02JACLV,,,2025-11-16T21:05:00Z,,17,43.0,53.0,47.0,57.0,45.0,55.0,100.0,-99.0,sell_both,10000.0,9900.0,99.0,2125.5882352941176,4.0,0.0
KXNFLSPREAD-25NOV02JACLV-JAC2,Jacksonville wins by over 2.5 points?,KXNFLSPREAD-25NOV02JACLV,,,2025-11-16T21:05:00Z,,17,53.0,44.0,56.0,47.0,54.5,45.5,100.0,-99.0,sell_both,10000.0,9900.0,99.0,2125.5882352941176,3.0,0.0
KXNFLSPREAD-25NOV02JACLV-JAC17,Jacksonville wins by over 17.5 points?,KXNFLSPREAD-25NOV02JACLV,,,2025-11-16T21:05:00Z,,17,8.0,89.0,11.0,92.0,9.5,90.5,100.0,-99.0,sell_both,10000.0,9900.0,99.0,2125.5882352941176,3.0,0.0
KXNFLSPREAD-25NOV02JACLV-JAC14,Jacksonville wins by over 14.5 points?,KXNFLSPREAD-25NOV02JACLV,,,2025-11-16T21:05:00Z,,17,12.0,84.0,16.0,88.0,14.0,86.0,100.0,-99.0,sell_both,10000.0,9900.0,99.0,2125.5882352941176,4.0,0.0
KXNFLSPREAD-25NOV02JACLV-JAC13,Jacksonville wins by over 13.5 points?,KXNFLSPREAD-25NOV02JACLV,,,2025-11-16T21:05:00Z,,17,17.0,81.0,19.0,83.0,18.0,82.0,100.0,-99.0,sell_both,10000.0,9900.0,99.0,2125.5882352941176,2.0,0.0
KXNFLSPREAD-25NOV02JACLV-JAC10,Jacksonville wins by over 10.5 points?,KXNFLSPREAD-25NOV02JACLV,,,2025-11-16T21:05:00Z,,17,22.0,76.0,24.0,78.0,23.0,77.0,100.0,-99.0,sell_both,10000.0,9900.0,99.0,2125.5882352941176,2.0,0.0
KXNFLSPREAD-25NOV02NOLA-NO3,New Orleans wins by over 3.5 points?,KXNFLSPREAD-25NOV02NOLA,,,2025-11-16T21:05:00Z,,17,1.0,46.0,54.0,99.0,27.5,72.5,100.0,-99.0,sell_both,10000.0,9900.0,99.0,2125.5882352941176,53.0,0.0
KXNFLSPREAD-25NOV02NOLA-NO2,New Orleans wins by over 2.5 points?,KXNFLSPREAD-25NOV02NOLA,,,2025-11-16T21:05:00Z,,17,2.0,43.0,57.0,98.0,29.5,70.5,100.0,-99.0,sell_both,10000.0,9900.0,99.0,2125.5882352941176,55.0,0.0
KXNFLSPREAD-25NOV02NOLA-LA9,Los Angeles R wins by over 9.5 points?,KXNFLSPREAD-25NOV02NOLA,,,2025-11-16T21:05:00Z,,17,64.0,35.0,65.0,36.0,64.5,35.5,100.0,-99.0,sell_both,10000.0,9900.0,99.0,2125.5882352941176,1.0,0.0
KXNFLSPREAD-25NOV02NOLA-LA6,Los Angeles R wins by over 6.5 points?,KXNFLSPREAD-25NOV02NOLA,,,2025-11-16T21:05:00Z,,17,66.0,25.0,75.0,34.0,70.5,29.5,100.0,-99.0,sell_both,10000.0,9900.0,99.0,2125.5882352941176,9.0,0.0
KXNFLSPREAD-25NOV02NOLA-LA3,Los Angeles R wins by over 3.5 points?,KXNFLSPREAD-25NOV02NOLA,,,2025-11-16T21:05:00Z,,17,36.0,18.0,82.0,64.0,59.0,41.0,100.0,-99.0,sell_both,10000.0,9900.0,99.0,2125.5882352941176,46.0,0.0
KXNFLSPREAD-25NOV02NOLA-LA20,Los Angeles R wins by over 20.5 points?,KXNFLSPREAD-25NOV02NOLA,,,2025-11-16T21:05:00Z,,17,5.0,25.0,75.0,95.0,40.0,60.0,100.0,-99.0,sell_both,10000.0,9900.0,99.0,2125.5882352941176,70.0,0.0
KXNFLSPREAD-25NOV02NOLA-LA2,Los Angeles R wins by over 2.5 points?,KXNFLSPREAD-25NOV02NOLA,,,2025-11-16T21:05:00Z,,17,32.0,13.0,87.0,68.0,59.5,40.5,100.0,-99.0,sell_both,10000.0,9900.0,99.0,2125.5882352941176,55.0,0.0
KXNFLSPREAD-25NOV02NOLA-LA17,Los Angeles R wins by over 17.5 points?,KXNFLSPREAD-25NOV02NOLA,,,2025-11-16T21:05:00Z,,17,10.0,25.0,75.0,90.0,42.5,57.5,100.0,-99.0,sell_both,10000.0,9900.0,99.0,2125.5882352941176,65.0,0.0
KXNFLSPREAD-25NOV02NOLA-LA14,Los Angeles R wins by over 14.5 points?,KXNFLSPREAD-25NOV02NOLA,,,2025-11-16T21:05:00Z,,17,45.0,51.0,49.0,55.0,47.0,53.0,100.0,-99.0,sell_both,10000.0,9900.0,99.0,2125.5882352941176,4.0,0.0
KXNFLSPREAD-25NOV02NOLA-LA13,Los Angeles R wins by over 13.5 points?,KXNFLSPREAD-25NOV02NOLA,,,2025-11-16T21:05:00Z,,17,50.0,46.0,54.0,50.0,52.0,48.0,100.0,-99.0,sell_both,10000.0,9900.0,99.0,2125.5882352941176,4.0,0.0
KXNFLSPREAD-25NOV02NOLA-LA10,Los Angeles R wins by over 10.5 points?,KXNFLSPREAD-25NOV02NOLA,,,2025-11-16T21:05:00Z,,17,53.0,38.0,62.0,47.0,57.5,42.5,100.0,-99.0,sell_both,10000.0,9900.0,99.0,2125.5882352941176,9.0,0.0
KXNFLSPREAD-25NOV02KCBUF-KC9,Kansas City wins by over 9.5 points?,KXNFLSPREAD-25NOV02KCBUF,,,2025-11-16T21:25:00Z,,17,20.0,70.0,30.0,80.0,25.0,75.0,100.0,-99.0,sell_both,10000.0,9900.0,99.0,2125.5882352941176,10.0,0.0
KXNFLSPREAD-25NOV02KCBUF-KC7,Kansas City wins by over 7.5 points?,KXNFLSPREAD-25NOV02KCBUF,,,2025-11-16T21:25:00Z,,17,5.0,33.0,67.0,95.0,36.0,64.0,100.0,-99.0,sell_both,10000.0,9900.0,99.0,2125.5882352941176,62.0,0.0
KXNFLSPREAD-25NOV02KCBUF-KC6,Kansas City wins by over 6.5 points?,KXNFLSPREAD-25NOV02KCBUF,,,2025-11-16T21:25:00Z,,17,29.0,25.0,75.0,71.0,52.0,48.0,100.0,-99.0,sell_both,10000.0,9900.0,99.0,2125.5882352941176,46.0,0.0
KXNFLSPREAD-25NOV02KCBUF-KC3,Kansas City wins by over 3.5 points?,KXNFLSPREAD-25NOV02KCBUF,,,2025-11-16T21:25:00Z,,17,26.0,25.0,75.0,74.0,50.5,49.5,100.0,-99.0,sell_both,10000.0,9900.0,99.0,2125.5882352941176,49.0,0.0
KXNFLSPREAD-25NOV02KCBUF-KC2,Kansas City wins by over 2.5 points?,KXNFLSPREAD-25NOV02KCBUF,,,2025-11-16T21:25:00Z,,17,45.0,51.0,49.0,55.0,47.0,53.0,100.0,-99.0,sell_both,10000.0,9900.0,99.0,2125.5882352941176,4.0,0.0
KXNFLSPREAD-25NOV02KCBUF-KC14,Kansas City wins by over 14.5 points?,KXNFLSPREAD-25NOV02KCBUF,,,2025-11-16T21:25:00Z,,17,2.0,80.0,20.0,98.0,11.0,89.0,100.0,-99.0,sell_both,10000.0,9900.0,99.0,2125.5882352941176,18.0,0.0
KXNFLSPREAD-25NOV02KCBUF-KC10,Kansas City wins by over 10.5 points?,KXNFLSPREAD-25NOV02KCBUF,,,2025-11-16T21:25:00Z,,17,18.0,73.0,27.0,82.0,22.5,77.5,100.0,-99.0,sell_both,10000.0,9900.0,99.0,2125.5882352941176,9.0,0.0
KXNFLSPREAD-25NOV02KCBUF-BUF9,Buffalo wins by over 9.5 points?,KXNFLSPREAD-25NOV02KCBUF,,,2025-11-16T21:25:00Z,,17,2.0,36.0,64.0,98.0,33.0,67.0,100.0,-99.0,sell_both,10000.0,9900.0,99.0,2125.5882352941176,62.0,0.0
KXNFLSPREAD-25NOV02KCBUF-BUF7,Buffalo wins by over 7.5 points?,KXNFLSPREAD-25NOV02KCBUF,,,2025-11-16T21:25:00Z,,17,20.0,79.0,21.0,80.0,20.5,79.5,100.0,-99.0,sell_both,10000.0,9900.0,99.0,2125.5882352941176,1.0,0.0
KXNFLSPREAD-25NOV02KCBUF-BUF6,Buffalo wins by over 6.5 points?,KXNFLSPREAD-25NOV02KCBUF,,,2025-11-16T21:25:00Z,,17,5.0,33.0,67.0,95.0,36.0,64.0,100.0,-99.0,sell_both,10000.0,9900.0,99.0,2125.5882352941176,62.0,0.0
KXNFLSPREAD-25NOV02KCBUF-BUF3,Buffalo wins by over 3.5 points?,KXNFLSPREAD-25NOV02KCBUF,,,2025-11-16T21:25:00Z,,17,10.0,66.0,34.0,90.0,22.0,78.0,100.0,-99.0,sell_both,10000.0,9900.0,99.0,2125.5882352941176,24.0,0.0
KXNFLSPREAD-25NOV02KCBUF-BUF2,Buffalo wins by over 2.5 points?,KXNFLSPREAD-25NOV02KCBUF,,,2025-11-16T21:25:00Z,,17,10.0,25.0,75.0,90.0,42.5,57.5,100.0,-99.0,sell_both,10000.0,9900.0,99.0,2125.5882352941176,65.0,0.0
KXNFLSPREAD-25NOV02KCBUF-BUF14,Buffalo wins by over 14.5 points?,KXNFLSPREAD-25NOV02KCBUF,,,2025-11-16T21:25:00Z,,17,1.0,41.0,59.0,99.0,30.0,70.0,100.0,-99.0,sell_both,10000.0,9900.0,99.0,2125.5882352941176,58.0,0.0
KXNFLSPREAD-25NOV02KCBUF-BUF13,Buffalo wins by over 13.5 points?,KXNFLSPREAD-25NOV02KCBUF,,,2025-11-16T21:25:00Z,,17,2.0,38.0,62.0,98.0,32.0,68.0,100.0,-99.0,sell_both,10000.0,9900.0,99.0,2125.5882352941176,60.0,0.0
KXNFLSPREAD-25NOV02KCBUF-BUF10,Buffalo wins by over 10.5 points?,KXNFLSPREAD-25NOV02KCBUF,,,2025-11-16T21:25:00Z,,17,14.0,85.0,15.0,86.0,14.5,85.5,100.0,-99.0,sell_both,10000.0,9900.0,99.0,2125.5882352941176,1.0,0.05477225575051661
KXNFLGAME-25NOV02ATLNE-NE,Atlanta at New England Winner?,KXNFLGAME-25NOV02ATLNE,,,2025-11-16T18:00:00Z,,17,69.0,29.0,71.0,31.0,70.0,30.0,100.0,-99.0,sell_both,10000.0,9900.0,99.0,2125.5882352941176,2.0,0.057008771254956896
KXNFLGAME-25NOV02ATLNE-ATL,Atlanta at New England Winner?,KXNFLGAME-25NOV02ATLNE,,,2025-11-16T18:00:00Z,,17,29.0,69.0,31.0,71.0,30.0,70.0,100.0,-99.0,sell_both,10000.0,9900.0,99.0,2125.5882352941176,2.0,0.08366600265340755
KXNFLGAME-25NOV02CARGB-GB,Carolina at Green Bay Winner?,KXNFLGAME-25NOV02CARGB,,,2025-11-16T18:00:00Z,,17,87.0,12.0,88.0,13.0,87.5,12.5,100.0,-99.0,sell_both,10000.0,9900.0,99.0,2125.5882352941176,1.0,0.0
KXNFLGAME-25NOV02CARGB-CAR,Carolina at Green Bay Winner?,KXNFLGAME-25NOV02CARGB,,,2025-11-16T18:00:00Z,,17,11.0,85.0,15.0,89.0,13.0,87.0,100.0,-99.0,sell_both,10000.0,9900.0,99.0,2125.5882352941176,4.0,0.07071067811865475
KXNFLGAME-25NOV02CHICIN-CIN,Chicago at Cincinnati Winner?,KXNFLGAME-25NOV02CHICIN,,,2025-11-16T18:00:00Z,,17,40.0,57.0,43.0,60.0,41.5,58.5,100.0,-99.0,sell_both,10000.0,9900.0,99.0,2125.5882352941176,3.0,0.09874208829065749
KXNFLGAME-25NOV02CHICIN-CHI,Chicago at Cincinnati Winner?,KXNFLGAME-25NOV02CHICIN,,,2025-11-16T18:00:00Z,,17,59.0,40.0,60.0,41.0,59.5,40.5,100.0,-99.0,sell_both,10000.0,9900.0,99.0,2125.5882352941176,1.0,0.05916079783099616
KXNFLGAME-25NOV02DENHOU-HOU,Denver at Houston Winner?,KXNFLGAME-25NOV02DENHOU,,,2025-11-16T18:00:00Z,,17,52.0,47.0,53.0,48.0,52.5,47.5,100.0,-99.0,sell_both,10000.0,9900.0,99.0,2125.5882352941176,1.0,0.13874436925511607
KXNFLGAME-25NOV02DENHOU-DEN,Denver at Houston Winner?,KXNFLGAME-25NOV02DENHOU,,,2025-11-16T18:00:00Z,,17,47.0,51.0,49.0,53.0,48.0,52.0,100.0,-99.0,sell_both,10000.0,9900.0,99.0,2125.5882352941176,2.0,0.0
KXNFLGAME-25NOV02INDPIT-PIT,Indianapolis at Pittsburgh Winner?,KXNFLGAME-25NOV02INDPIT,,,2025-11-16T18:00:00Z,,17,36.0,61.0,39.0,64.0,37.5,62.5,100.0,-99.0,sell_both,10000.0,9900.0,99.0,2125.5882352941176,3.0,0.0
KXNFLGAME-25NOV02INDPIT-IND,Indianapolis at Pittsburgh Winner?,KXNFLGAME-25NOV02INDPIT,,,2025-11-16T18:00:00Z,,17,61.0,38.0,62.0,39.0,61.5,38.5,100.0,-99.0,sell_both,10000.0,9900.0,99.0,2125.5882352941176,1.0,0.2449489742783178
KXNFLGAME-25NOV02LACTEN-TEN,Los Angeles C at Tennessee Winner?,KXNFLGAME-25NOV02LACTEN,,,2025-11-16T18:00:00Z,,17,15.0,80.0,20.0,85.0,17.5,82.5,100.0,-99.0,sell_both,10000.0,9900.0,99.0,2125.5882352941176,5.0,0.0
KXNFLGAME-25NOV02LACTEN-LAC,Los Angeles C at Tennessee Winner?,KXNFLGAME-25NOV02LACTEN,,,2025-11-16T18:00:00Z,,17,81.0,16.0,84.0,19.0,82.5,17.5,100.0,-99.0,sell_both,10000.0,9900.0,99.0,2125.5882352941176,3.0,0.0
KXNFLGAME-25NOV02MINDET-MIN,Minnesota at Detroit Winner?,KXNFLGAME-25NOV02MINDET,,,2025-11-16T18:00:00Z,,17,18.0,80.0,20.0,82.0,19.0,81.0,100.0,-99.0,sell_both,10000.0,9900.0,99.0,2125.5882352941176,2.0,0.0
KXNFLGAME-25NOV02MINDET-DET,Minnesota at Detroit Winner?,KXNFLGAME-25NOV02MINDET,,,2025-11-16T18:00:00Z,,17,81.0,18.0,82.0,19.0,81.5,18.5,100.0,-99.0,sell_both,10000.0,9900.0,99.0,2125.5882352941176,1.0,0.0
KXNFLGAME-25NOV02SFNYG-SF,San Francisco at New York G Winner?,KXNFLGAME-25NOV02SFNYG,,,2025-11-16T18:00:00Z,,17,57.0,42.0,58.0,43.0,57.5,42.5,100.0,-99.0,sell_both,10000.0,9900.0,99.0,2125.5882352941176,1.0,0.015811388300841896
KXNFLGAME-25NOV02SFNYG-NYG,San Francisco at New York G Winner?,KXNFLGAME-25NOV02SFNYG,,,2025-11-16T18:00:00Z,,17,41.0,58.0,42.0,59.0,41.5,58.5,100.0,-99.0,sell_both,10000.0,9900.0,99.0,2125.5882352941176,1.0,0.07245688373094719
KXNFLGAME-25NOV02JACLV-LV,Jacksonville at Las Vegas Winner?,KXNFLGAME-25NOV02JACLV,,,2025-11-16T21:05:00Z,,17,39.0,60.0,40.0,61.0,39.5,60.5,100.0,-99.0,sell_both,10000.0,9900.0,99.0,2125.5882352941176,1.0,0.0
KXNFLGAME-25NOV02JACLV-JAC,Jacksonville at Las Vegas Winner?,KXNFLGAME-25NOV02JACLV,,,2025-11-16T21:05:00Z,,17,61.0,38.0,62.0,39.0,61.5,38.5,100.0,-99.0,sell_both,10000.0,9900.0,99.0,2125.5882352941176,1.0,0.0
KXNFLGAME-25NOV02NOLA-NO,New Orleans at Los Angeles R Winner?,KXNFLGAME-25NOV02NOLA,,,2025-11-16T21:05:00Z,,17,11.0,88.0,12.0,89.0,11.5,88.5,100.0,-99.0,sell_both,10000.0,9900.0,99.0,2125.5882352941176,1.0,0.23130067012440755
KXNFLGAME-25NOV02NOLA-LA,New Orleans at Los Angeles R Winner?,KXNFLGAME-25NOV02NOLA,,,2025-11-16T21:05:00Z,,17,89.0,10.0,90.0,11.0,89.5,10.5,100.0,-99.0,sell_both,10000.0,9900.0,99.0,2125.5882352941176,1.0,0.0
KXNFLGAME-25NOV02KCBUF-KC,Kansas City at Buffalo Winner?,KXNFLGAME-25NOV02KCBUF,,,2025-11-16T21:25:00Z,,17,53.0,45.0,55.0,47.0,54.0,46.0,100.0,-99.0,sell_both,10000.0,9900.0,99.0,2125.5882352941176,2.0,0.20976176963403032
KXNFLGAME-25NOV02KCBUF-BUF,Kansas City at Buffalo Winner?,KXNFLGAME-25NOV02KCBUF,,,2025-11-16T21:25:00Z,,17,46.0,53.0,47.0,54.0,46.5,53.5,100.0,-99.0,sell_both,10000.0,9900.0,99.0,2125.5882352941176,1.0,0.1161895003862225
KXMARATHON-NYCWOMENS25-VCHE,Will Vivian Cheruiyot win the New York City Marathon Women's Division?,KXMARATHON-NYCWOMENS25,,,2025-11-16T13:35:00Z,,17,1.0,97.0,3.0,99.0,2.0,98.0,100.0,-99.0,sell_both,10000.0,9900.0,99.0,2125.5882352941176,2.0,0.0
KXMARATHON-NYCWOMENS25-SVAU,Will Sara Vaughn win the New York City Marathon Women's Division?,KXMARATHON-NYCWOMENS25,,,2025-11-16T13:35:00Z,,17,1.0,97.0,3.0,99.0,2.0,98.0,100.0,-99.0,sell_both,10000.0,9900.0,99.0,2125.5882352941176,2.0,0.0
KXMARATHON-NYCWOMENS25-SSUL,Will Susanna Sullivan win the New York City Marathon Women's Division?,KXMARATHON-NYCWOMENS25,,,2025-11-16T13:35:00Z,,17,1.0,97.0,3.0,99.0,2.0,98.0,100.0,-99.0,sell_both,10000.0,9900.0,99.0,2125.5882352941176,2.0,0.0
KXMARATHON-NYCWOMENS25-SLOK,Will Sharon Lokedi win the New York City Marathon Women's Division?,KXMARATHON-NYCWOMENS25,,,2025-11-16T13:35:00Z,,17,33.0,55.0,45.0,67.0,39.0,61.0,100.0,-99.0,sell_both,10000.0,9900.0,99.0,2125.5882352941176,12.0,0.0
KXMARATHON-NYCWOMENS25-SHAL,Will Sara Hall win the New York City Marathon Women's Division?,KXMARATHON-NYCWOMENS25,,,2025-11-16T13:35:00Z,,17,1.0,97.0,3.0,99.0,2.0,98.0,100.0,-99.0,sell_both,10000.0,9900.0,99.0,2125.5882352941176,2.0,0.0
KXMARATHON-NYCWOMENS25-SCHE,Will Sheila Chepkirui win the New York City Marathon Women's Division?,KXMARATHON-NYCWOMENS25,,,2025-11-16T13:35:00Z,,17,7.0,85.0,15.0,93.0,11.0,89.0,100.0,-99.0,sell_both,10000.0,9900.0,99.0,2125.5882352941176,8.0,0.0
KXMARATHON-NYCWOMENS25-SBRU,Will Stephanie Bruce win the New York City Marathon Women's Division?,KXMARATHON-NYCWOMENS25,,,2025-11-16T13:35:00Z,,17,1.0,97.0,3.0,99.0,2.0,98.0,100.0,-99.0,sell_both,10000.0,9900.0,99.0,2125.5882352941176,2.0,0.0
KXMARATHON-NYCWOMENS25-MSEI,Will Molly Seidel win the New York City Marathon Women's Division?,KXMARATHON-NYCWOMENS25,,,2025-11-16T13:35:00Z,,17,1.0,96.0,4.0,99.0,2.5,97.5,100.0,-99.0,sell_both,10000.0,9900.0,99.0,2125.5882352941176,3.0,0.0
KXMARATHON-NYCWOMENS25-KTAY,Will Kellyn Taylor win the New York City Marathon Women's Division?,KXMARATHON-NYCWOMENS25,,,2025-11-16T13:35:00Z,,17,1.0,97.0,3.0,99.0,2.0,98.0,100.0,-99.0,sell_both,10000.0,9900.0,99.0,2125.5882352941176,2.0,0.0
KXMARATHON-NYCWOMENS25-KKUR,Will Khia Kurtenbach win the New York City Marathon Women's Division?,KXMARATHON-NYCWOMENS25,,,2025-11-16T13:35:00Z,,17,1.0,97.0,3.0,99.0,2.0,98.0,100.0,-99.0,sell_both,10000.0,9900.0,99.0,2125.5882352941176,2.0,0.0
KXMARATHON-NYCWOMENS25-KBJE,Will Karoline Bjerkeli win the New York City Marathon Women's Division?,KXMARATHON-NYCWOMENS25,,,2025-11-16T13:35:00Z,,17,1.0,97.0,3.0,99.0,2.0,98.0,100.0,-99.0,sell_both,10000.0,9900.0,99.0,2125.5882352941176,2.0,0.0
KXMARATHON-NYCWOMENS25-JWJU,Will Jessica Warner-Judd win the New York City Marathon Women's Division?,KXMARATHON-NYCWOMENS25,,,2025-11-16T13:35:00Z,,17,1.0,97.0,3.0,99.0,2.0,98.0,100.0,-99.0,sell_both,10000.0,9900.0,99.0,2125.5882352941176,2.0,0.0
KXMARATHON-NYCWOMENS25-HOBI,Will Hellen Obiri win the New York City Marathon Women's Division?,KXMARATHON-NYCWOMENS25,,,2025-11-16T13:35:00Z,,17,33.0,57.0,43.0,67.0,38.0,62.0,100.0,-99.0,sell_both,10000.0,9900.0,99.0,2125.5882352941176,10.0,0.0
KXMARATHON-NYCWOMENS25-GGEB,Will Gotytom Gebreslase win the New York City Marathon Women's Division?,KXMARATHON-NYCWOMENS25,,,2025-11-16T13:35:00Z,,17,1.0,97.0,3.0,99.0,2.0,98.0,100.0,-99.0,sell_both,10000.0,9900.0,99.0,2125.5882352941176,2.0,0.0
KXMARATHON-NYCWOMENS25-FSCH,Will Fabienne Schlumpf win the New York City Marathon Women's Division?,KXMARATHON-NYCWOMENS25,,,2025-11-16T13:35:00Z,,17,1.0,97.0,3.0,99.0,2.0,98.0,100.0,-99.0,sell_both,10000.0,9900.0,99.0,2125.5882352941176,2.0,0.0
KXMARATHON-NYCWOMENS25-FOKE,Will Fiona O'Keeffe win the New York City Marathon Women's Division?,KXMARATHON-NYCWOMENS25,,,2025-11-16T13:35:00Z,,17,1.0,97.0,3.0,99.0,2.0,98.0,100.0,-99.0,sell_both,10000.0,9900.0,99.0,2125.5882352941176,2.0,0.0
KXMARATHON-NYCWOMENS25-FMCC,Will Fionnuala McCormack win the New York City Marathon Women's Division?,KXMARATHON-NYCWOMENS25,,,2025-11-16T13:35:00Z,,17,1.0,97.0,3.0,99.0,2.0,98.0,100.0,-99.0,sell_both,10000.0,9900.0,99.0,2125.5882352941176,2.0,0.0
KXMARATHON-NYCWOMENS25-ESIS,Will Emily Sisson win the New York City Marathon Women's Division?,KXMARATHON-NYCWOMENS25,,,2025-11-16T13:35:00Z,,17,1.0,96.0,4.0,99.0,2.5,97.5,100.0,-99.0,sell_both,10000.0,9900.0,99.0,2125.5882352941176,3.0,0.0
KXMARATHON-NYCWOMENS25-EMCC,Will Eilish McColgan win the New York City Marathon Women's Division?,KXMARATHON-NYCWOMENS25,,,2025-11-16T13:35:00Z,,17,1.0,97.0,3.0,99.0,2.0,98.0,100.0,-99.0,sell_both,10000.0,9900.0,99.0,2125.5882352941176,2.0,0.0
KXMARATHON-NYCWOMENS25-EKIP,Will Edna Kiplagat win the New York City Marathon Women's Division?,KXMARATHON-NYCWOMENS25,,,2025-11-16T13:35:00Z,,17,1.0,97.0,3.0,99.0,2.0,98.0,100.0,-99.0,sell_both,10000.0,9900.0,99.0,2125.5882352941176,2.0,0.0
KXMARATHON-NYCWOMENS25-EHAY,Will Elena Hayday win the New York City Marathon Women's Division?,KXMARATHON-NYCWOMENS25,,,2025-11-16T13:35:00Z,,17,1.0,97.0,3.0,99.0,2.0,98.0,100.0,-99.0,sell_both,10000.0,9900.0,99.0,2125.5882352941176,2.0,0.0
KXMARATHON-NYCWOMENS25-AVES,Will Amanda Vestri win the New York City Marathon Women's Division?,KXMARATHON-NYCWOMENS25,,,2025-11-16T13:35:00Z,,17,1.0,97.0,3.0,99.0,2.0,98.0,100.0,-99.0,sell_both,10000.0,9900.0,99.0,2125.5882352941176,2.0,0.0
KXMARATHON-NYCWOMENS25-AVAL,Will Argentina Valdepenas win the New York City Marathon Women's Division?,KXMARATHON-NYCWOMENS25,,,2025-11-16T13:35:00Z,,17,1.0,97.0,3.0,99.0,2.0,98.0,100.0,-99.0,sell_both,10000.0,9900.0,99.0,2125.5882352941176,2.0,0.0
KXMARATHON-NYCWOMENS25-AFRI,Will Annie Frisbie win the New York City Marathon Women's Division?,KXMARATHON-NYCWOMENS25,,,2025-11-16T13:35:00Z,,17,1.0,97.0,3.0,99.0,2.0,98.0,100.0,-99.0,sell_both,10000.0,9900.0,99.0,2125.5882352941176,2.0,0.0
KXNASCAR-PLAYOFFS25-WBYR,Will William Byron win the NASCAR Cup Series playoffs?,KXNASCAR-PLAYOFFS25,,,2025-11-16T20:00:00Z,,17,25.0,73.0,27.0,75.0,26.0,74.0,100.0,-99.0,sell_both,10000.0,9900.0,99.0,2125.5882352941176,2.0,0.0
KXNASCAR-PLAYOFFS25-KLAR,Will Kyle Larson win the NASCAR Cup Series playoffs?,KXNASCAR-PLAYOFFS25,,,2025-11-16T20:00:00Z,,17,25.0,72.0,28.0,75.0,26.5,73.5,100.0,-99.0,sell_both,10000.0,9900.0,99.0,2125.5882352941176,3.0,0.0
KXNASCAR-PLAYOFFS25-DHAM,Will Denny Hamlin win the NASCAR Cup Series playoffs?,KXNASCAR-PLAYOFFS25,,,2025-11-16T20:00:00Z,,17,28.0,67.0,33.0,72.0,30.5,69.5,100.0,-99.0,sell_both,10000.0,9900.0,99.0,2125.5882352941176,5.0,0.14662878298615178
KXNASCAR-PLAYOFFS25-CBRI,Will Chase Briscoe win the NASCAR Cup Series playoffs?,KXNASCAR-PLAYOFFS25,,,2025-11-16T20:00:00Z,,17,15.0,82.0,18.0,85.0,16.5,83.5,100.0,-99.0,sell_both,10000.0,9900.0,99.0,2125.5882352941176,3.0,0.0
KXHMONTHRANGE-25OCT-T1.30,Oct 2025 temperature increase?,KXHMONTHRANGE-25OCT,,,2025-11-16T04:59:00Z,,17,10.0,85.0,15.0,90.0,12.5,87.5,100.0,-99.0,sell_both,10000.0,9900.0,99.0,2125.5882352941176,5.0,0.0
KXHMONTHRANGE-25OCT-B1.270,Oct 2025 temperature increase?,KXHMONTHRANGE-25OCT,,,2025-11-16T04:59:00Z,,17,36.0,55.0,45.0,64.0,40.5,59.5,100.0,-99.0,sell_both,10000.0,9900.0,99.0,2125.5882352941176,9.0,0.0
KXHMONTHRANGE-25OCT-B1.200,Oct 2025 temperature increase?,KXHMONTHRANGE-25OCT,,,2025-11-16T04:59:00Z,,17,45.0,47.0,53.0,55.0,49.0,51.0,100.0,-99.0,sell_both,10000.0,9900.0,99.0,2125.5882352941176,8.0,0.0
KXNFLSPREAD-25NOV02SEAWAS-WAS9,Washington wins by over 9.5 points?,KXNFLSPREAD-25NOV02SEAWAS,,,2025-11-17T01:20:00Z,,18,12.0,79.0,21.0,88.0,16.5,83.5,100.0,-99.0,sell_both,10000.0,9900.0,99.0,2007.5,9.0,0.0
KXNFLSPREAD-25NOV02SEAWAS-WAS7,Washington wins by over 7.5 points?,KXNFLSPREAD-25NOV02SEAWAS,,,2025-11-17T01:20:00Z,,18,15.0,77.0,23.0,85.0,19.0,81.0,100.0,-99.0,sell_both,10000.0,9900.0,99.0,2007.5,8.0,0.0
KXNFLSPREAD-25NOV02SEAWAS-WAS6,Washington wins by over 6.5 points?,KXNFLSPREAD-25NOV02SEAWAS,,,2025-11-17T01:20:00Z,,18,18.0,78.0,22.0,82.0,20.0,80.0,100.0,-99.0,sell_both,10000.0,9900.0,99.0,2007.5,4.0,0.05244044240850758
KXNFLSPREAD-25NOV02SEAWAS-WAS3,Washington wins by over 3.5 points?,KXNFLSPREAD-25NOV02SEAWAS,,,2025-11-17T01:20:00Z,,18,27.0,70.0,30.0,73.0,28.5,71.5,100.0,-99.0,sell_both,10000.0,9900.0,99.0,2007.5,3.0,0.0
KXNFLSPREAD-25NOV02SEAWAS-WAS2,Washington wins by over 2.5 points?,KXNFLSPREAD-25NOV02SEAWAS,,,2025-11-17T01:20:00Z,,18,33.0,62.0,38.0,67.0,35.5,64.5,100.0,-99.0,sell_both,10000.0,9900.0,99.0,2007.5,5.0,0.0
KXNFLSPREAD-25NOV02SEAWAS-WAS14,Washington wins by over 14.5 points?,KXNFLSPREAD-25NOV02SEAWAS,,,2025-11-17T01:20:00Z,,18,6.0,46.0,54.0,94.0,30.0,70.0,100.0,-99.0,sell_both,10000.0,9900.0,99.0,2007.5,48.0,0.0
KXNFLSPREAD-25NOV02SEAWAS-WAS13,Washington wins by over 13.5 points?,KXNFLSPREAD-25NOV02SEAWAS,,,2025-11-17T01:20:00Z,,18,7.0,83.0,17.0,93.0,12.0,88.0,100.0,-99.0,sell_both,10000.0,9900.0,99.0,2007.5,10.0,0.0
KXNFLSPREAD-25NOV02SEAWAS-WAS10,Washington wins by over 10.5 points?,KXNFLSPREAD-25NOV02SEAWAS,,,2025-11-17T01:20:00Z,,18,9.0,81.0,19.0,91.0,14.0,86.0,100.0,-99.0,sell_both,10000.0,9900.0,99.0,2007.5,10.0,0.0
KXNFLSPREAD-25NOV02SEAWAS-SEA9,Seattle wins by over 9.5 points?,KXNFLSPREAD-25NOV02SEAWAS,,,2025-11-17T01:20:00Z,,18,25.0,68.0,32.0,75.0,28.5,71.5,100.0,-99.0,sell_both,10000.0,9900.0,99.0,2007.5,7.0,0.0
KXNFLSPREAD-25NOV02SEAWAS-SEA7,Seattle wins by over 7.5 points?,KXNFLSPREAD-25NOV02SEAWAS,,,2025-11-17T01:20:00Z,,18,30.0,68.0,32.0,70.0,31.0,69.0,100.0,-99.0,sell_both,10000.0,9900.0,99.0,2007.5,2.0,0.0
KXNFLSPREAD-25NOV02SEAWAS-SEA6,Seattle wins by over 6.5 points?,KXNFLSPREAD-25NOV02SEAWAS,,,2025-11-17T01:20:00Z,,18,36.0,63.0,37.0,64.0,36.5,63.5,100.0,-99.0,sell_both,10000.0,9900.0,99.0,2007.5,1.0,0.0
KXNFLSPREAD-25NOV02SEAWAS-SEA3,Seattle wins by over 3.5 points?,KXNFLSPREAD-25NOV02SEAWAS,,,2025-11-17T01:20:00Z,,18,46.0,53.0,47.0,54.0,46.5,53.5,100.0,-99.0,sell_both,10000.0,9900.0,99.0,2007.5,1.0,0.044721359549995794
KXNFLSPREAD-25NOV02SEAWAS-SEA2,Seattle wins by over 2.5 points?,KXNFLSPREAD-25NOV02SEAWAS,,,2025-11-17T01:20:00Z,,18,54.0,43.0,57.0,46.0,55.5,44.5,100.0,-99.0,sell_both,10000.0,9900.0,99.0,2007.5,3.0,0.0
KXNFLSPREAD-25NOV02SEAWAS-SEA17,Seattle wins by over 17.5 points?,KXNFLSPREAD-25NOV02SEAWAS,,,2025-11-17T01:20:00Z,,18,8.0,82.0,18.0,92.0,13.0,87.0,100.0,-99.0,sell_both,10000.0,9900.0,99.0,2007.5,10.0,0.0
KXNFLSPREAD-25NOV02SEAWAS-SEA14,Seattle wins by over 14.5 points?,KXNFLSPREAD-25NOV02SEAWAS,,,2025-11-17T01:20:00Z,,18,14.0,77.0,23.0,86.0,18.5,81.5,100.0,-99.0,sell_both,10000.0,9900.0,99.0,2007.5,9.0,0.0
KXNFLSPREAD-25NOV02SEAWAS-SEA13,Seattle wins by over 13.5 points?,KXNFLSPREAD-25NOV02SEAWAS,,,2025-11-17T01:20:00Z,,18,16.0,75.0,25.0,84.0,20.5,79.5,100.0,-99.0,sell_both,10000.0,9900.0,99.0,2007.5,9.0,0.0
KXNFLSPREAD-25NOV02SEAWAS-SEA10,Seattle wins by over 10.5 points?,KXNFLSPREAD-25NOV02SEAWAS,,,2025-11-17T01:20:00Z,,18,24.0,72.0,28.0,76.0,26.0,74.0,100.0,-99.0,sell_both,10000.0,9900.0,99.0,2007.5,4.0,0.0
KXALPHAARENA-25-QWEN,Will Qwen3 Max win the Alpha Arena by Nof1 Season 1?,KXALPHAARENA-25,,,2025-11-17T22:00:00Z,,18,21.0,72.0,28.0,79.0,24.5,75.5,100.0,-99.0,sell_both,10000.0,9900.0,99.0,2007.5,7.0,0.0
KXALPHAARENA-25-GROK,Will Grok 4 win the Alpha Arena by Nof1 Season 1?,KXALPHAARENA-25,,,2025-11-17T22:00:00Z,,18,3.0,94.0,6.0,97.0,4.5,95.5,100.0,-99.0,sell_both,10000.0,9900.0,99.0,2007.5,3.0,0.0
KXALPHAARENA-25-DEEP,Will Deepseek Chat v3.1 win the Alpha Arena by Nof1 Season 1?,KXALPHAARENA-25,,,2025-11-17T22:00:00Z,,18,59.0,36.0,64.0,41.0,61.5,38.5,100.0,-99.0,sell_both,10000.0,9900.0,99.0,2007.5,5.0,0.0
KXALPHAARENA-25-CLAU,Will Claude Sonnet 4.5 win the Alpha Arena by Nof1 Season 1?,KXALPHAARENA-25,,,2025-11-17T22:00:00Z,,18,6.0,87.0,13.0,94.0,9.5,90.5,100.0,-99.0,sell_both,10000.0,9900.0,99.0,2007.5,7.0,0.0
KXNFLGAME-25NOV02SEAWAS-WAS,Seattle at Washington Winner?,KXNFLGAME-25NOV02SEAWAS,,,2025-11-17T01:20:00Z,,18,38.0,61.0,39.0,62.0,38.5,61.5,100.0,-99.0,sell_both,10000.0,9900.0,99.0,2007.5,1.0,0.108397416943394
KXNFLGAME-25NOV02SEAWAS-SEA,Seattle at Washington Winner?,KXNFLGAME-25NOV02SEAWAS,,,2025-11-17T01:20:00Z,,18,59.0,38.0,62.0,41.0,60.5,39.5,100.0,-99.0,sell_both,10000.0,9900.0,99.0,2007.5,3.0,0.0
KXNFLSPREAD-25NOV03ARIDAL-DAL9,Dallas wins by over 9.5 points?,KXNFLSPREAD-25NOV03ARIDAL,,,2025-11-18T01:15:00Z,,19,5.0,33.0,67.0,95.0,36.0,64.0,100.0,-99.0,sell_both,10000.0,9900.0,99.0,1901.8421052631577,62.0,0.0
KXNFLSPREAD-25NOV03ARIDAL-DAL7,Dallas wins by over 7.5 points?,KXNFLSPREAD-25NOV03ARIDAL,,,2025-11-18T01:15:00Z,,19,5.0,30.0,70.0,95.0,37.5,62.5,100.0,-99.0,sell_both,10000.0,9900.0,99.0,1901.8421052631577,65.0,0.0
KXNFLSPREAD-25NOV03ARIDAL-DAL3,Dallas wins by over 3.5 points?,KXNFLSPREAD-25NOV03ARIDAL,,,2025-11-18T01:15:00Z,,19,40.0,56.0,44.0,60.0,42.0,58.0,100.0,-99.0,sell_both,10000.0,9900.0,99.0,1901.8421052631577,4.0,0.0
KXNFLSPREAD-25NOV03ARIDAL-DAL2,Dallas wins by over 2.5 points?,KXNFLSPREAD-25NOV03ARIDAL,,,2025-11-18T01:15:00Z,,19,51.0,47.0,53.0,49.0,52.0,48.0,100.0,-99.0,sell_both,10000.0,9900.0,99.0,1901.8421052631577,2.0,0.0
KXNFLSPREAD-25NOV03ARIDAL-DAL17,Dallas wins by over 17.5 points?,KXNFLSPREAD-25NOV03ARIDAL,,,2025-11-18T01:15:00Z,,19,1.0,42.0,58.0,99.0,29.5,70.5,100.0,-99.0,sell_both,10000.0,9900.0,99.0,1901.8421052631577,57.0,0.0
KXNFLSPREAD-25NOV03ARIDAL-DAL10,Dallas wins by over 10.5 points?,KXNFLSPREAD-25NOV03ARIDAL,,,2025-11-18T01:15:00Z,,19,5.0,36.0,64.0,95.0,34.5,65.5,100.0,-99.0,sell_both,10000.0,9900.0,99.0,1901.8421052631577,59.0,0.0
KXNFLSPREAD-25NOV03ARIDAL-ARI9,Arizona wins by over 9.5 points?,KXNFLSPREAD-25NOV03ARIDAL,,,2025-11-18T01:15:00Z,,19,2.0,34.0,66.0,98.0,34.0,66.0,100.0,-99.0,sell_both,10000.0,9900.0,99.0,1901.8421052631577,64.0,0.0
KXNFLSPREAD-25NOV03ARIDAL-ARI6,Arizona wins by over 6.5 points?,KXNFLSPREAD-25NOV03ARIDAL,,,2025-11-18T01:15:00Z,,19,4.0,36.0,64.0,96.0,34.0,66.0,100.0,-99.0,sell_both,10000.0,9900.0,99.0,1901.8421052631577,60.0,0.0
KXNFLSPREAD-25NOV03ARIDAL-ARI3,Arizona wins by over 3.5 points?,KXNFLSPREAD-25NOV03ARIDAL,,,2025-11-18T01:15:00Z,,19,3.0,25.0,75.0,97.0,39.0,61.0,100.0,-99.0,sell_both,10000.0,9900.0,99.0,1901.8421052631577,72.0,0.0
KXNFLSPREAD-25NOV03ARIDAL-ARI2,Arizona wins by over 2.5 points?,KXNFLSPREAD-25NOV03ARIDAL,,,2025-11-18T01:15:00Z,,19,10.0,30.0,70.0,90.0,40.0,60.0,100.0,-99.0,sell_both,10000.0,9900.0,99.0,1901.8421052631577,60.0,0.0
KXNFLSPREAD-25NOV03ARIDAL-ARI14,Arizona wins by over 14.5 points?,KXNFLSPREAD-25NOV03ARIDAL,,,2025-11-18T01:15:00Z,,19,2.0,44.0,56.0,98.0,29.0,71.0,100.0,-99.0,sell_both,10000.0,9900.0,99.0,1901.8421052631577,54.0,0.0
KXNFLSPREAD-25NOV03ARIDAL-ARI13,Arizona wins by over 13.5 points?,KXNFLSPREAD-25NOV03ARIDAL,,,2025-11-18T01:15:00Z,,19,2.0,43.0,57.0,98.0,29.5,70.5,100.0,-99.0,sell_both,10000.0,9900.0,99.0,1901.8421052631577,55.0,0.0
KXNFLSPREAD-25NOV03ARIDAL-ARI10,Arizona wins by over 10.5 points?,KXNFLSPREAD-25NOV03ARIDAL,,,2025-11-18T01:15:00Z,,19,2.0,36.0,64.0,98.0,33.0,67.0,100.0,-99.0,sell_both,10000.0,9900.0,99.0,1901.8421052631577,62.0,0.0
KXNFLGAME-25NOV03ARIDAL-DAL,Arizona at Dallas Winner?,KXNFLGAME-25NOV03ARIDAL,,,2025-11-18T01:15:00Z,,19,57.0,42.0,58.0,43.0,57.5,42.5,100.0,-99.0,sell_both,10000.0,9900.0,99.0,1901.8421052631577,1.0,0.0
KXNFLGAME-25NOV03ARIDAL-ARI,Arizona at Dallas Winner?,KXNFLGAME-25NOV03ARIDAL,,,2025-11-18T01:15:00Z,,19,42.0,57.0,43.0,58.0,42.5,57.5,100.0,-99.0,sell_both,10000.0,9900.0,99.0,1901.8421052631577,1.0,0.0
KXBOXING-25NOV14JPAUGDAV-JPAU,Jake Paul vs. Gervonta Davis Winner?,KXBOXING-25NOV14JPAUGDAV,,,2025-11-29T04:00:00Z,,30,40.0,55.0,45.0,60.0,42.5,57.5,100.0,-99.0,sell_both,10000.0,9900.0,99.0,1204.5,5.0,0.0
KXBOXING-25NOV14JPAUGDAV-GDAV,Jake Paul vs. Gervonta Davis Winner?,KXBOXING-25NOV14JPAUGDAV,,,2025-11-29T04:00:00Z,,30,55.0,39.0,61.0,45.0,58.0,42.0,100.0,-99.0,sell_both,10000.0,9900.0,99.0,1204.5,6.0,0.0
KXMRBEASTMENTION-25NOV30-MILL,What will MrBeast say during Next MrBeast Youtube Video?,KXMRBEASTMENTION-25NOV30,,,2025-11-30T15:00:00Z,,31,66.0,26.0,74.0,34.0,70.0,30.0,100.0,-99.0,sell_both,10000.0,9900.0,99.0,1165.6451612903224,8.0,0.0
KXMRBEASTMENTION-25NOV30-INSA,What will MrBeast say during Next MrBeast Youtube Video?,KXMRBEASTMENTION-25NOV30,,,2025-11-30T15:00:00Z,,31,46.0,16.0,84.0,54.0,65.0,35.0,100.0,-99.0,sell_both,10000.0,9900.0,99.0,1165.6451612903224,38.0,0.0
KXMRBEASTMENTION-25NOV30-FEAS,What will MrBeast say during Next MrBeast Youtube Video?,KXMRBEASTMENTION-25NOV30,,,2025-11-30T15:00:00Z,,31,69.0,23.0,77.0,31.0,73.0,27.0,100.0,-99.0,sell_both,10000.0,9900.0,99.0,1165.6451612903224,8.0,0.0
KXMRBEASTMENTION-25NOV30-ELIM,What will MrBeast say during Next MrBeast Youtube Video?,KXMRBEASTMENTION-25NOV30,,,2025-11-30T15:00:00Z,,31,8.0,83.0,17.0,92.0,12.5,87.5,100.0,-99.0,sell_both,10000.0,9900.0,99.0,1165.6451612903224,9.0,0.0
KXMRBEASTMENTION-25NOV30-CONT,What will MrBeast say during Next MrBeast Youtube Video?,KXMRBEASTMENTION-25NOV30,,,2025-11-30T15:00:00Z,,31,18.0,74.0,26.0,82.0,22.0,78.0,100.0,-99.0,sell_both,10000.0,9900.0,99.0,1165.6451612903224,8.0,0.0
KXMRBEASTMENTION-25NOV30-CHAR,What will MrBeast say during Next MrBeast Youtube Video?,KXMRBEASTMENTION-25NOV30,,,2025-11-30T15:00:00Z,,31,6.0,86.0,14.0,94.0,10.0,90.0,100.0,-99.0,sell_both,10000.0,9900.0,99.0,1165.6451612903224,8.0,0.0
KXMRBEASTMENTION-25NOV30-CHAL,What will MrBeast say during Next MrBeast Youtube Video?,KXMRBEASTMENTION-25NOV30,,,2025-11-30T15:00:00Z,,31,71.0,25.0,75.0,29.0,73.0,27.0,100.0,-99.0,sell_both,10000.0,9900.0,99.0,1165.6451612903224,4.0,0.0
KXMRBEASTMENTION-25NOV30-CAME,What will MrBeast say during Next MrBeast Youtube Video?,KXMRBEASTMENTION-25NOV30,,,2025-11-30T15:00:00Z,,31,42.0,50.0,50.0,58.0,46.0,54.0,100.0,-99.0,sell_both,10000.0,9900.0,99.0,1165.6451612903224,8.0,0.0
KXMRBEASTMENTION-25NOV30-BEAS,What will MrBeast say during Next MrBeast Youtube Video?,KXMRBEASTMENTION-25NOV30,,,2025-11-30T15:00:00Z,,31,47.0,44.0,56.0,53.0,51.5,48.5,100.0,-99.0,sell_both,10000.0,9900.0,99.0,1165.6451612903224,9.0,0.0
KXLLM1-25NOV30-XAI,Best AI in Nov 2025?,KXLLM1-25NOV30,,,2025-11-30T15:00:00Z,,31,2.0,86.0,14.0,98.0,8.0,92.0,100.0,-99.0,sell_both,10000.0,9900.0,99.0,1165.6451612903224,12.0,0.0
KXLLM1-25NOV30-OAI,Best AI in Nov 2025?,KXLLM1-25NOV30,,,2025-11-30T15:00:00Z,,31,2.0,92.0,8.0,98.0,5.0,95.0,100.0,-99.0,sell_both,10000.0,9900.0,99.0,1165.6451612903224,6.0,0.0
KXLLM1-25NOV30-GOOG,Best AI in Nov 2025?,KXLLM1-25NOV30,,,2025-11-30T15:00:00Z,,31,85.0,10.0,90.0,15.0,87.5,12.5,100.0,-99.0,sell_both,10000.0,9900.0,99.0,1165.6451612903224,5.0,0.0
KXLLM1-25NOV30-ALI,Best AI in Nov 2025?,KXLLM1-25NOV30,,,2025-11-30T15:00:00Z,,31,1.0,95.0,5.0,99.0,3.0,97.0,100.0,-99.0,sell_both,10000.0,9900.0,99.0,1165.6451612903224,4.0,0.0
KXLLM1-25NOV30-A,Best AI in Nov 2025?,KXLLM1-25NOV30,,,2025-11-30T15:00:00Z,,31,2.0,90.0,10.0,98.0,6.0,94.0,100.0,-99.0,sell_both,10000.0,9900.0,99.0,1165.6451612903224,8.0,0.0
KXETHMAXM-25DEC01-5500,"Will Ethereum reach above $5500 by Dec 1, 2025 at 12:00AM ET?",KXETHMAXM-25DEC01,,,2025-12-01T05:00:00Z,,32,10.0,84.0,16.0,90.0,13.0,87.0,100.0,-99.0,sell_both,10000.0,9900.0,99.0,1129.21875,6.0,0.0
KXETHMAXM-25DEC01-5200,"Will Ethereum reach above $5200 by Dec 1, 2025 at 12:00AM ET?",KXETHMAXM-25DEC01,,,2025-12-01T05:00:00Z,,32,16.0,78.0,22.0,84.0,19.0,81.0,100.0,-99.0,sell_both,10000.0,9900.0,99.0,1129.21875,6.0,0.0
KXETHMAXM-25DEC01-5000,"Will Ethereum reach above $5000 by Dec 1, 2025 at 12:00AM ET?",KXETHMAXM-25DEC01,,,2025-12-01T05:00:00Z,,32,22.0,72.0,28.0,78.0,25.0,75.0,100.0,-99.0,sell_both,10000.0,9900.0,99.0,1129.21875,6.0,0.0
KXETHMAXM-25DEC01-4800,"Will Ethereum reach above $4800 by Dec 1, 2025 at 12:00AM ET?",KXETHMAXM-25DEC01,,,2025-12-01T05:00:00Z,,32,30.0,64.0,36.0,70.0,33.0,67.0,100.0,-99.0,sell_both,10000.0,9900.0,99.0,1129.21875,6.0,0.0
KXETHMAXM-25DEC01-4600,"Will Ethereum reach above $4600 by Dec 1, 2025 at 12:00AM ET?",KXETHMAXM-25DEC01,,,2025-12-01T05:00:00Z,,32,41.0,53.0,47.0,59.0,44.0,56.0,100.0,-99.0,sell_both,10000.0,9900.0,99.0,1129.21875,6.0,0.0
KXETHMAXM-25DEC01-4400,"Will Ethereum reach above $4400 by Dec 1, 2025 at 12:00AM ET?",KXETHMAXM-25DEC01,,,2025-12-01T05:00:00Z,,32,54.0,40.0,60.0,46.0,57.0,43.0,100.0,-99.0,sell_both,10000.0,9900.0,99.0,1129.21875,6.0,0.0
KXETHMAXM-25DEC01-4200,"Will Ethereum reach above $4200 by Dec 1, 2025 at 12:00AM ET?",KXETHMAXM-25DEC01,,,2025-12-01T05:00:00Z,,32,70.0,24.0,76.0,30.0,73.0,27.0,100.0,-99.0,sell_both,10000.0,9900.0,99.0,1129.21875,6.0,0.0
KXMEDIARELEASEUPONLY-25DEC01-UPON,"Will A New Episode of the UpOnly Podcast be released in Worldwide before Dec 1, 2025?",KXMEDIARELEASEUPONLY,,,2025-12-01T05:00:00Z,,32,68.0,3.0,97.0,32.0,82.5,17.5,100.0,-99.0,sell_both,10000.0,9900.0,99.0,1129.21875,29.0,0.0
KXLOUVRETHIEVESCHARGE-26JAN01-25DEC01,"Will any person be charged with a crime in relation to the October 19, 2025 theft of France's Crown Jewels from the Apollo Gallery in the Louvre Museum crime before Dec 1, 2025?",KXLOUVRETHIEVESCHARGE-26JAN01,,,2025-12-01T04:59:00Z,,32,94.0,1.0,99.0,6.0,96.5,3.5,100.0,-99.0,sell_both,10000.0,9900.0,99.0,1129.21875,5.0,0.0
KXIPODISCORD-25DEC01,When will Discord IPO?,KXIPODISCORD,,,2025-12-01T04:59:00Z,,32,32.0,58.0,42.0,68.0,37.0,63.0,100.0,-99.0,sell_both,10000.0,9900.0,99.0,1129.21875,10.0,0.0
KXHURCTOT-25DEC01-T5,Will there be more than 5  Atlantic hurricanes in 2025?,KXHURCTOT-25DEC01,,,2025-12-02T04:59:00Z,,33,41.0,54.0,46.0,59.0,43.5,56.5,100.0,-99.0,sell_both,10000.0,9900.0,99.0,1095.0,5.0,0.0
KXHURCAT-NESTOR-T5,Will Nestor become a Category 5 hurricane?,KXHURCAT-NESTOR,,,2025-12-02T04:58:53Z,,33,2.0,92.0,8.0,98.0,5.0,95.0,100.0,-99.0,sell_both,10000.0,9900.0,99.0,1095.0,6.0,1.6373759494996865
KXHURCAT-NESTOR-T4,Will Nestor become a Category 4 hurricane?,KXHURCAT-NESTOR,,,2025-12-02T04:58:53Z,,33,7.0,85.0,15.0,93.0,11.0,89.0,100.0,-99.0,sell_both,10000.0,9900.0,99.0,1095.0,8.0,2.2811181468744666
KXHURCAT-NESTOR-T3,Will Nestor become a Category 3 hurricane?,KXHURCAT-NESTOR,,,2025-12-02T04:58:53Z,,33,13.0,79.0,21.0,87.0,17.0,83.0,100.0,-99.0,sell_both,10000.0,9900.0,99.0,1095.0,8.0,1.4807092894960847
KXHURCAT-NESTOR-T2,Will Nestor become a Category 2 hurricane?,KXHURCAT-NESTOR,,,2025-12-02T04:58:53Z,,33,19.0,73.0,27.0,81.0,23.0,77.0,100.0,-99.0,sell_both,10000.0,9900.0,99.0,1095.0,8.0,2.027683407240884
KXHURCAT-NESTOR-T1,Will Nestor become a Category 1 hurricane?,KXHURCAT-NESTOR,,,2025-12-02T04:58:53Z,,33,30.0,62.0,38.0,70.0,34.0,66.0,100.0,-99.0,sell_both,10000.0,9900.0,99.0,1095.0,8.0,1.4830711378757258
KXHURCTOT-25DEC01-T6,Will there be more than 6  Atlantic hurricanes in 2025?,KXHURCTOT-25DEC01,,,2025-12-02T04:59:00Z,,33,10.0,84.0,16.0,90.0,13.0,87.0,100.0,-99.0,sell_both,10000.0,9900.0,99.0,1095.0,6.0,2.0732221299224065
KXHURCTOTMAJ-25DEC01-T5,Will there be more than 5 major Atlantic hurricanes in 2025?,KXHURCTOTMAJ-25DEC01,,,2025-12-02T04:59:00Z,,33,5.0,92.0,8.0,95.0,6.5,93.5,100.0,-99.0,sell_both,10000.0,9900.0,99.0,1095.0,3.0,1.920091143670008
KXHURCTOTMAJ-25DEC01-T4,Will there be more than 4 major Atlantic hurricanes in 2025?,KXHURCTOTMAJ-25DEC01,,,2025-12-02T04:59:00Z,,33,19.0,80.0,20.0,81.0,19.5,80.5,100.0,-99.0,sell_both,10000.0,9900.0,99.0,1095.0,1.0,1.7652195330892984
KXDANCINGWITHTHESTARS-25NOV26-WHI,Will Whitney Leavitt win Dancing with the Stars Season 34?,KXDANCINGWITHTHESTARS-25NOV26,,,2025-12-03T15:00:00Z,,34,17.0,78.0,22.0,83.0,19.5,80.5,100.0,-99.0,sell_both,10000.0,9900.0,99.0,1062.7941176470588,5.0,0.0
KXDANCINGWITHTHESTARS-25NOV26-ROB,Will Robert Irwin win Dancing with the Stars Season 34?,KXDANCINGWITHTHESTARS-25NOV26,,,2025-12-03T15:00:00Z,,34,51.0,48.0,52.0,49.0,51.5,48.5,100.0,-99.0,sell_both,10000.0,9900.0,99.0,1062.7941176470588,1.0,0.05477225575051661
KXDANCINGWITHTHESTARS-25NOV26-JOR,Will Jordan Chiles win Dancing with the Stars Season 34?,KXDANCINGWITHTHESTARS-25NOV26,,,2025-12-03T15:00:00Z,,34,1.0,95.0,5.0,99.0,3.0,97.0,100.0,-99.0,sell_both,10000.0,9900.0,99.0,1062.7941176470588,4.0,0.0
KXDANCINGWITHTHESTARS-25NOV26-DYL,Will Dylan Efron win Dancing with the Stars Season 34?,KXDANCINGWITHTHESTARS-25NOV26,,,2025-12-03T15:00:00Z,,34,1.0,95.0,5.0,99.0,3.0,97.0,100.0,-99.0,sell_both,10000.0,9900.0,99.0,1062.7941176470588,4.0,0.0
KXDANCINGWITHTHESTARS-25NOV26-AND,Will Andy Richter win Dancing with the Stars Season 34?,KXDANCINGWITHTHESTARS-25NOV26,,,2025-12-03T15:00:00Z,,34,1.0,95.0,5.0,99.0,3.0,97.0,100.0,-99.0,sell_both,10000.0,9900.0,99.0,1062.7941176470588,4.0,0.0
KXDANCINGWITHTHESTARS-25NOV26-ALI,Will Alix Earle win Dancing with the Stars Season 34?,KXDANCINGWITHTHESTARS-25NOV26,,,2025-12-03T15:00:00Z,,34,21.0,73.0,27.0,79.0,24.0,76.0,100.0,-99.0,sell_both,10000.0,9900.0,99.0,1062.7941176470588,6.0,0.0
KXPAYROLLS-25NOV-T0,Will above 0 jobs be added in November 2025?,KXPAYROLLS-25NOV,,,2025-12-05T13:29:00Z,,36,1.0,1.0,99.0,99.0,50.0,50.0,100.0,-99.0,sell_both,10000.0,9900.0,99.0,1003.75,98.0,0.0
KXU3-25NOV-T4.3,Will the unemployment rate (U-3) be above 4.3% in November?,KXU3-25NOV,,,2025-12-05T13:29:00Z,,36,4.0,7.0,93.0,96.0,48.5,51.5,100.0,-99.0,sell_both,10000.0,9900.0,99.0,1003.75,89.0,0.0
KXU3-25NOV-T4.2,Will the unemployment rate (U-3) be above 4.2% in November?,KXU3-25NOV,,,2025-12-05T13:29:00Z,,36,83.0,13.0,87.0,17.0,85.0,15.0,100.0,-99.0,sell_both,10000.0,9900.0,99.0,1003.75,4.0,0.0
KXPRESROMANIA24-MG,Will Mircea Geoana win the 2024 Romanian presidential election?,KXPRESROMANIA24,,,2025-12-08T15:00:00Z,,39,46.0,53.0,47.0,54.0,46.5,53.5,100.0,-99.0,sell_both,10000.0,9900.0,99.0,926.5384615384615,1.0,1.8930134706335293
KXPRESROMANIA24-CG,Will Călin Georgescu win the 2024 Romanian presidential election?,KXPRESROMANIA24,,,2025-12-08T15:00:00Z,,39,27.0,72.0,28.0,73.0,27.5,72.5,100.0,-99.0,sell_both,10000.0,9900.0,99.0,926.5384615384615,1.0,2.011839953873071
KXCPICORE-25NOV-T0.3,Will core inflation rise more than 0.3% in November?,KXCPICORE-25NOV,,,2025-12-10T13:25:00Z,,41,31.0,61.0,39.0,69.0,35.0,65.0,100.0,-99.0,sell_both,10000.0,9900.0,99.0,881.3414634146342,8.0,0.0
KXCPICORE-25NOV-T0.2,Will core inflation rise more than 0.2% in November?,KXCPICORE-25NOV,,,2025-12-10T13:25:00Z,,41,56.0,36.0,64.0,44.0,60.0,40.0,100.0,-99.0,sell_both,10000.0,9900.0,99.0,881.3414634146342,8.0,0.0
KXCPICORE-25NOV-T0.1,Will core inflation rise more than 0.1% in November?,KXCPICORE-25NOV,,,2025-12-10T13:25:00Z,,41,76.0,16.0,84.0,24.0,80.0,20.0,100.0,-99.0,sell_both,10000.0,9900.0,99.0,881.3414634146342,8.0,0.0
KXCPICORE-25NOV-T0.0,Will core inflation rise more than 0.0% in November?,KXCPICORE-25NOV,,,2025-12-10T13:25:00Z,,41,91.0,1.0,99.0,9.0,95.0,5.0,100.0,-99.0,sell_both,10000.0,9900.0,99.0,881.3414634146342,8.0,0.0
KXFEDDECISION-25DEC-H0,Will the Federal Reserve Hike rates by 0bps at their December 2025 meeting?,KXFEDDECISION-25DEC,,,2025-12-10T18:59:00Z,,41,29.0,69.0,31.0,71.0,30.0,70.0,100.0,-99.0,sell_both,10000.0,9900.0,99.0,881.3414634146342,2.0,2.378655082184048
KXFEDDECISION-25DEC-C26,Will the Federal Reserve Cut rates by >25bps at their December 2025 meeting?,KXFEDDECISION-25DEC,,,2025-12-10T18:59:00Z,,41,3.0,96.0,4.0,97.0,3.5,96.5,100.0,-99.0,sell_both,10000.0,9900.0,99.0,881.3414634146342,1.0,1.379764472654663
KXFEDDECISION-25DEC-C25,Will the Federal Reserve Cut rates by 25bps at their December 2025 meeting?,KXFEDDECISION-25DEC,,,2025-12-10T18:59:00Z,,41,66.0,31.0,69.0,34.0,67.5,32.5,100.0,-99.0,sell_both,10000.0,9900.0,99.0,881.3414634146342,3.0,0.8122499615266227
FED-25DEC-T4.00,"Will the upper bound of the federal funds rate be above 4.00% following the Fed's Dec 10, 2025 meeting?",FED-25DEC,,,2025-12-10T18:55:00Z,,41,1.0,98.0,2.0,99.0,1.5,98.5,100.0,-99.0,sell_both,10000.0,9900.0,99.0,881.3414634146342,1.0,5.0
FED-25DEC-T3.75,"Will the upper bound of the federal funds rate be above 3.75% following the Fed's Dec 10, 2025 meeting?",FED-25DEC,,,2025-12-10T18:55:00Z,,41,33.0,66.0,34.0,67.0,33.5,66.5,100.0,-99.0,sell_both,10000.0,9900.0,99.0,881.3414634146342,1.0,4.734685839630756
FED-25DEC-T3.50,"Will the upper bound of the federal funds rate be above 3.50% following the Fed's Dec 10, 2025 meeting?",FED-25DEC,,,2025-12-10T18:55:00Z,,41,94.0,5.0,95.0,6.0,94.5,5.5,100.0,-99.0,sell_both,10000.0,9900.0,99.0,881.3414634146342,1.0,5.0
KXNCAAFUNDEFEATED-25-TXAM,Will Texas A&M go Undefeated in the 2025 College Football Regular Season?,KXNCAAFUNDEFEATED-25,,,2025-12-14T15:00:00Z,,45,37.0,59.0,41.0,63.0,39.0,61.0,100.0,-99.0,sell_both,10000.0,9900.0,99.0,803.0,4.0,0.0
KXNCAAFUNDEFEATED-25-OSU,Will Ohio St. go Undefeated in the 2025 College Football Regular Season?,KXNCAAFUNDEFEATED-25,,,2025-12-14T15:00:00Z,,45,68.0,27.0,73.0,32.0,70.5,29.5,100.0,-99.0,sell_both,10000.0,9900.0,99.0,803.0,5.0,0.0
KXNCAAFUNDEFEATED-25-NAVY,Will Navy go Undefeated in the 2025 College Football Regular Season?,KXNCAAFUNDEFEATED-25,,,2025-12-14T15:00:00Z,,45,1.0,90.0,10.0,99.0,5.5,94.5,100.0,-99.0,sell_both,10000.0,9900.0,99.0,803.0,9.0,0.0
KXNCAAFUNDEFEATED-25-IND,Will Indiana go Undefeated in the 2025 College Football Regular Season?,KXNCAAFUNDEFEATED-25,,,2025-12-14T15:00:00Z,,45,67.0,26.0,74.0,33.0,70.5,29.5,100.0,-99.0,sell_both,10000.0,9900.0,99.0,803.0,7.0,0.0
KXNCAAFUNDEFEATED-25-GT,Will Georgia Tech go Undefeated in the 2025 College Football Regular Season?,KXNCAAFUNDEFEATED-25,,,2025-12-14T15:00:00Z,,45,11.0,83.0,17.0,89.0,14.0,86.0,100.0,-99.0,sell_both,10000.0,9900.0,99.0,803.0,6.0,0.0
KXNCAAFUNDEFEATED-25-BYU,Will BYU go Undefeated in the 2025 College Football Regular Season?,KXNCAAFUNDEFEATED-25,,,2025-12-14T15:00:00Z,,45,11.0,84.0,16.0,89.0,13.5,86.5,100.0,-99.0,sell_both,10000.0,9900.0,99.0,803.0,5.0,0.0
KXMEDIARELEASEUPONLY-25DEC15-UPON,"Will A New Episode of the UpOnly Podcast be released in Worldwide before Dec 15, 2025?",KXMEDIARELEASEUPONLY,,,2025-12-15T05:00:00Z,,46,73.0,2.0,98.0,27.0,85.5,14.5,100.0,-99.0,sell_both,10000.0,9900.0,99.0,785.5434782608696,25.0,0.0
KXNCAAFPLAYOFF-25-WASH,College Football Playoff Qualifiers,KXNCAAFPLAYOFF-25,,,2025-12-15T15:00:00Z,,46,9.0,89.0,11.0,91.0,10.0,90.0,100.0,-99.0,sell_both,10000.0,9900.0,99.0,785.5434782608696,2.0,0.0
KXNCAAFPLAYOFF-25-VAN,College Football Playoff Qualifiers,KXNCAAFPLAYOFF-25,,,2025-12-15T15:00:00Z,,46,44.0,53.0,47.0,56.0,45.5,54.5,100.0,-99.0,sell_both,10000.0,9900.0,99.0,785.5434782608696,3.0,0.0
KXNCAAFPLAYOFF-25-UVA,College Football Playoff Qualifiers,KXNCAAFPLAYOFF-25,,,2025-12-15T15:00:00Z,,46,9.0,79.0,21.0,91.0,15.0,85.0,100.0,-99.0,sell_both,10000.0,9900.0,99.0,785.5434782608696,12.0,0.0
KXNCAAFPLAYOFF-25-UTAH,College Football Playoff Qualifiers,KXNCAAFPLAYOFF-25,,,2025-12-15T15:00:00Z,,46,2.0,85.0,15.0,98.0,8.5,91.5,100.0,-99.0,sell_both,10000.0,9900.0,99.0,785.5434782608696,13.0,0.0
KXNCAAFPLAYOFF-25-USF,College Football Playoff Qualifiers,KXNCAAFPLAYOFF-25,,,2025-12-15T15:00:00Z,,46,16.0,72.0,28.0,84.0,22.0,78.0,100.0,-99.0,sell_both,10000.0,9900.0,99.0,785.5434782608696,12.0,0.0
KXNCAAFPLAYOFF-25-USC,College Football Playoff Qualifiers,KXNCAAFPLAYOFF-25,,,2025-12-15T15:00:00Z,,46,11.0,87.0,13.0,89.0,12.0,88.0,100.0,-99.0,sell_both,10000.0,9900.0,99.0,785.5434782608696,2.0,0.0
KXNCAAFPLAYOFF-25-UGA,College Football Playoff Qualifiers,KXNCAAFPLAYOFF-25,,,2025-12-15T15:00:00Z,,46,77.0,22.0,78.0,23.0,77.5,22.5,100.0,-99.0,sell_both,10000.0,9900.0,99.0,785.5434782608696,1.0,0.0
KXNCAAFPLAYOFF-25-TXAM,College Football Playoff Qualifiers,KXNCAAFPLAYOFF-25,,,2025-12-15T15:00:00Z,,46,89.0,2.0,98.0,11.0,93.5,6.5,100.0,-99.0,sell_both,10000.0,9900.0,99.0,785.5434782608696,9.0,0.0
KXNCAAFPLAYOFF-25-TULN,College Football Playoff Qualifiers,KXNCAAFPLAYOFF-25,,,2025-12-15T15:00:00Z,,46,21.0,71.0,29.0,79.0,25.0,75.0,100.0,-99.0,sell_both,10000.0,9900.0,99.0,785.5434782608696,8.0,0.0
KXNCAAFPLAYOFF-25-TTU,College Football Playoff Qualifiers,KXNCAAFPLAYOFF-25,,,2025-12-15T15:00:00Z,,46,60.0,38.0,62.0,40.0,61.0,39.0,100.0,-99.0,sell_both,10000.0,9900.0,99.0,785.5434782608696,2.0,0.0
KXNCAAFPLAYOFF-25-TEX,College Football Playoff Qualifiers,KXNCAAFPLAYOFF-25,,,2025-12-15T15:00:00Z,,46,15.0,80.0,20.0,85.0,17.5,82.5,100.0,-99.0,sell_both,10000.0,9900.0,99.0,785.5434782608696,5.0,0.0
KXNCAAFPLAYOFF-25-TENN,College Football Playoff Qualifiers,KXNCAAFPLAYOFF-25,,,2025-12-15T15:00:00Z,,46,21.0,68.0,32.0,79.0,26.5,73.5,100.0,-99.0,sell_both,10000.0,9900.0,99.0,785.5434782608696,11.0,0.0
KXNCAAFPLAYOFF-25-TCU,College Football Playoff Qualifiers,KXNCAAFPLAYOFF-25,,,2025-12-15T15:00:00Z,,46,3.0,90.0,10.0,97.0,6.5,93.5,100.0,-99.0,sell_both,10000.0,9900.0,99.0,785.5434782608696,7.0,0.0
KXNCAAFPLAYOFF-25-OSU,College Football Playoff Qualifiers,KXNCAAFPLAYOFF-25,,,2025-12-15T15:00:00Z,,46,97.0,2.0,98.0,3.0,97.5,2.5,100.0,-99.0,sell_both,10000.0,9900.0,99.0,785.5434782608696,1.0,0.0
KXNCAAFPLAYOFF-25-ORE,College Football Playoff Qualifiers,KXNCAAFPLAYOFF-25,,,2025-12-15T15:00:00Z,,46,65.0,24.0,76.0,35.0,70.5,29.5,100.0,-99.0,sell_both,10000.0,9900.0,99.0,785.5434782608696,11.0,0.0
KXNCAAFPLAYOFF-25-OKLA,College Football Playoff Qualifiers,KXNCAAFPLAYOFF-25,,,2025-12-15T15:00:00Z,,46,12.0,82.0,18.0,88.0,15.0,85.0,100.0,-99.0,sell_both,10000.0,9900.0,99.0,785.5434782608696,6.0,0.0
KXNCAAFPLAYOFF-25-NEB,College Football Playoff Qualifiers,KXNCAAFPLAYOFF-25,,,2025-12-15T15:00:00Z,,46,1.0,86.0,14.0,99.0,7.5,92.5,100.0,-99.0,sell_both,10000.0,9900.0,99.0,785.5434782608696,13.0,0.0
KXNCAAFPLAYOFF-25-ND,College Football Playoff Qualifiers,KXNCAAFPLAYOFF-25,,,2025-12-15T15:00:00Z,,46,67.0,23.0,77.0,33.0,72.0,28.0,100.0,-99.0,sell_both,10000.0,9900.0,99.0,785.5434782608696,10.0,0.0
KXNCAAFPLAYOFF-25-MIZZ,College Football Playoff Qualifiers,KXNCAAFPLAYOFF-25,,,2025-12-15T15:00:00Z,,46,6.0,87.0,13.0,94.0,9.5,90.5,100.0,-99.0,sell_both,10000.0,9900.0,99.0,785.5434782608696,7.0,0.0
KXNCAAFPLAYOFF-25-MISS,College Football Playoff Qualifiers,KXNCAAFPLAYOFF-25,,,2025-12-15T15:00:00Z,,46,72.0,20.0,80.0,28.0,76.0,24.0,100.0,-99.0,sell_both,10000.0,9900.0,99.0,785.5434782608696,8.0,0.0
KXNCAAFPLAYOFF-25-MICH,College Football Playoff Qualifiers,KXNCAAFPLAYOFF-25,,,2025-12-15T15:00:00Z,,46,10.0,84.0,16.0,90.0,13.0,87.0,100.0,-99.0,sell_both,10000.0,9900.0,99.0,785.5434782608696,6.0,0.0
KXNCAAFPLAYOFF-25-MIA,College Football Playoff Qualifiers,KXNCAAFPLAYOFF-25,,,2025-12-15T15:00:00Z,,46,66.0,29.0,71.0,34.0,68.5,31.5,100.0,-99.0,sell_both,10000.0,9900.0,99.0,785.5434782608696,5.0,0.0
KXMAMDANIBOROUGHS-25-SI,Which boroughs will Zohran Mamdani win in NYC Mayoral Race?,KXMAMDANIBOROUGHS-25,,,2025-12-19T15:00:00Z,,50,3.0,96.0,4.0,97.0,3.5,96.5,100.0,-99.0,sell_both,10000.0,9900.0,99.0,722.6999999999999,1.0,0.0
KX1SONGARIANAGRANDE-DEC2725,"Will Ariana Grande have a #1 hit by Dec 27, 2025?",KX1SONGARIANAGRANDE-DEC2725,,,2025-12-22T05:01:00Z,,53,18.0,80.0,20.0,82.0,19.0,81.0,100.0,-99.0,sell_both,10000.0,9900.0,99.0,681.7924528301886,2.0,0.31701734968294715
KX1SONGKALIUCHIS-DEC2725,"Will Kali Uchis have a #1 hit by Dec 27, 2025?",KX1SONGKALIUCHIS-DEC2725,,,2025-12-22T05:01:00Z,,53,25.0,25.0,75.0,75.0,50.0,50.0,100.0,-99.0,sell_both,10000.0,9900.0,99.0,681.7924528301886,50.0,2.0141375325433963
KX1SONGTYLA-DEC2725,"Will Tyla have a #1 hit by Dec 27, 2025?",KX1SONGTYLA-DEC2725,,,2025-12-22T05:01:00Z,,53,46.0,52.0,48.0,54.0,47.0,53.0,100.0,-99.0,sell_both,10000.0,9900.0,99.0,681.7924528301886,2.0,1.7262676501632068
KXTOPALBUMBYEDSHEERAN-25DEC,Ed Sheeran has a #1 album in 2025?,KXTOPALBUMBYEDSHEERAN-25DEC,,,2025-12-28T04:59:00Z,,59,40.0,36.0,64.0,60.0,52.0,48.0,100.0,-99.0,sell_both,10000.0,9900.0,99.0,612.4576271186442,24.0,0.16881943016134132
KXTOPSONGRECORDLORDE-8,How long will What Was That be #1?,KXTOPSONGRECORDLORDE,,,2025-12-29T04:59:00Z,,60,76.0,23.0,77.0,24.0,76.5,23.5,100.0,-99.0,sell_both,10000.0,9900.0,99.0,602.25,1.0,1.7531400400424377
KXTOPSONGRECORDIACB-4,How long will I Ain’t Comin’ Back be #1?,KXTOPSONGRECORDIACB,,,2025-12-29T04:59:00Z,,60,99.0,90.0,10.0,1.0,54.5,45.5,100.0,-99.0,sell_both,10000.0,9900.0,99.0,602.25,-89.0,4456.65635141199
KXSPOTIFYBILLIONS-25DEC31-SAY,"Will Say Yes To Heaven hit 1 Billion million Spotify streams in Dec 31, 2025?",KXSPOTIFYBILLIONS-25DEC31,,,2025-12-31T15:00:00Z,,62,85.0,5.0,95.0,15.0,90.0,10.0,100.0,-99.0,sell_both,10000.0,9900.0,99.0,582.8225806451612,10.0,0.0
KXSPOTIFYBILLIONS-25DEC31-FAT,"Will The Fate of Ophelia hit 1 Billion million Spotify streams in Dec 31, 2025?",KXSPOTIFYBILLIONS-25DEC31,,,2025-12-31T15:00:00Z,,62,1.0,91.0,9.0,99.0,5.0,95.0,100.0,-99.0,sell_both,10000.0,9900.0,99.0,582.8225806451612,8.0,0.27522717889045767
KXSPOTIFYSONG-25-BRU,Will Bruno Mars release a song this yearE?,KXSPOTIFYSONG-25,,,2025-12-31T15:00:00Z,,62,46.0,45.0,55.0,54.0,50.5,49.5,100.0,-99.0,sell_both,10000.0,9900.0,99.0,582.8225806451612,9.0,0.0
KXFDVLIGHTER-25DEC31-8,What will Lighter FDV be at 10:00 AM ET 1 day after launch?,KXFDVLIGHTER-25DEC31,,,2025-12-31T16:59:00Z,,62,13.0,79.0,21.0,87.0,17.0,83.0,100.0,-99.0,sell_both,10000.0,9900.0,99.0,582.8225806451612,8.0,0.0
KXFDVLIGHTER-25DEC31-5,What will Lighter FDV be at 10:00 AM ET 1 day after launch?,KXFDVLIGHTER-25DEC31,,,2025-12-31T16:59:00Z,,62,45.0,47.0,53.0,55.0,49.0,51.0,100.0,-99.0,sell_both,10000.0,9900.0,99.0,582.8225806451612,8.0,0.0
KXFDVLIGHTER-25DEC31-2,What will Lighter FDV be at 10:00 AM ET 1 day after launch?,KXFDVLIGHTER-25DEC31,,,2025-12-31T16:59:00Z,,62,84.0,13.0,87.0,16.0,85.5,14.5,100.0,-99.0,sell_both,10000.0,9900.0,99.0,582.8225806451612,3.0,0.0
KXFDVLIGHTER-25DEC31-12,What will Lighter FDV be at 10:00 AM ET 1 day after launch?,KXFDVLIGHTER-25DEC31,,,2025-12-31T16:59:00Z,,62,2.0,89.0,11.0,98.0,6.5,93.5,100.0,-99.0,sell_both,10000.0,9900.0,99.0,582.8225806451612,9.0,0.0
KXFDVLIGHTER-25DEC31-10,What will Lighter FDV be at 10:00 AM ET 1 day after launch?,KXFDVLIGHTER-25DEC31,,,2025-12-31T16:59:00Z,,62,5.0,86.0,14.0,95.0,9.5,90.5,100.0,-99.0,sell_both,10000.0,9900.0,99.0,582.8225806451612,9.0,0.0
KXETHMAXY-25DEC31-6999.99,How high will Ethereum get this year?,KXETHMAXY-25DEC31,,,2025-12-31T15:00:00Z,,62,6.0,93.0,7.0,94.0,6.5,93.5,100.0,-99.0,sell_both,10000.0,9900.0,99.0,582.8225806451612,1.0,0.0
KXETHMAXY-25DEC31-6749.99,How high will Ethereum get this year?,KXETHMAXY-25DEC31,,,2025-12-31T15:00:00Z,,62,8.0,91.0,9.0,92.0,8.5,91.5,100.0,-99.0,sell_both,10000.0,9900.0,99.0,582.8225806451612,1.0,0.0
KXETHMAXY-25DEC31-6499.99,How high will Ethereum get this year?,KXETHMAXY-25DEC31,,,2025-12-31T15:00:00Z,,62,7.0,89.0,11.0,93.0,9.0,91.0,100.0,-99.0,sell_both,10000.0,9900.0,99.0,582.8225806451612,4.0,0.0
KXETHMAXY-25DEC31-6249.99,How high will Ethereum get this year?,KXETHMAXY-25DEC31,,,2025-12-31T15:00:00Z,,62,13.0,86.0,14.0,87.0,13.5,86.5,100.0,-99.0,sell_both,10000.0,9900.0,99.0,582.8225806451612,1.0,0.0
KXSPOTIFYSONG-25-OLI,Will Olivia Rodrigo release a song this yearE?,KXSPOTIFYSONG-25,,,2025-12-31T15:00:00Z,,62,23.0,67.0,33.0,77.0,28.0,72.0,100.0,-99.0,sell_both,10000.0,9900.0,99.0,582.8225806451612,10.0,0.529386437302657
KXSPOTIFYSONG-25-NIC,Will Nicki Minaj release a song this yearE?,KXSPOTIFYSONG-25,,,2025-12-31T15:00:00Z,,62,18.0,74.0,26.0,82.0,22.0,78.0,100.0,-99.0,sell_both,10000.0,9900.0,99.0,582.8225806451612,8.0,0.10606601717798213
KXSPOTIFYSONG-25-JAY,Will JAY-Z release a song this yearE?,KXSPOTIFYSONG-25,,,2025-12-31T15:00:00Z,,62,14.0,75.0,25.0,86.0,19.5,80.5,100.0,-99.0,sell_both,10000.0,9900.0,99.0,582.8225806451612,11.0,0.0
KXSPOTIFYSONG-25-CHAR,Will Charli xcx release a song this yearE?,KXSPOTIFYSONG-25,,,2025-12-31T15:00:00Z,,62,20.0,25.0,75.0,80.0,47.5,52.5,100.0,-99.0,sell_both,10000.0,9900.0,99.0,582.8225806451612,55.0,0.4138236339311712
KXSPOTIFYSONG-25-BTS,Will BTS release a song this yearE?,KXSPOTIFYSONG-25,,,2025-12-31T15:00:00Z,,62,22.0,68.0,32.0,78.0,27.0,73.0,100.0,-99.0,sell_both,10000.0,9900.0,99.0,582.8225806451612,10.0,0.3694590640382233
KXETHMAXY-25DEC31-5999.99,How high will Ethereum get this year?,KXETHMAXY-25DEC31,,,2025-12-31T15:00:00Z,,62,17.0,82.0,18.0,83.0,17.5,82.5,100.0,-99.0,sell_both,10000.0,9900.0,99.0,582.8225806451612,1.0,0.0
KXETHMAXY-25DEC31-5749.99,How high will Ethereum get this year?,KXETHMAXY-25DEC31,,,2025-12-31T15:00:00Z,,62,17.0,79.0,21.0,83.0,19.0,81.0,100.0,-99.0,sell_both,10000.0,9900.0,99.0,582.8225806451612,4.0,0.0
KXETHMAXY-25DEC31-5499.99,How high will Ethereum get this year?,KXETHMAXY-25DEC31,,,2025-12-31T15:00:00Z,,62,22.0,74.0,26.0,78.0,24.0,76.0,100.0,-99.0,sell_both,10000.0,9900.0,99.0,582.8225806451612,4.0,0.0
KXETHMAXY-25DEC31-5249.99,How high will Ethereum get this year?,KXETHMAXY-25DEC31,,,2025-12-31T15:00:00Z,,62,27.0,70.0,30.0,73.0,28.5,71.5,100.0,-99.0,sell_both,10000.0,9900.0,99.0,582.8225806451612,3.0,0.0
KXCHARCOUNTLOLWORLDS-25,Will there be more than 90 different characters played during League of Legends Worlds?,KXCHARCOUNTLOLWORLDS-25,,,2025-12-31T04:59:00Z,,62,94.0,4.0,96.0,6.0,95.0,5.0,100.0,-99.0,sell_both,10000.0,9900.0,99.0,582.8225806451612,2.0,0.0
KXETHMINY-25DEC31-3249.99,How low will Ethereum get this year?,KXETHMINY-25DEC31,,,2025-12-31T15:00:00Z,,62,40.0,54.0,46.0,60.0,43.0,57.0,100.0,-99.0,sell_both,10000.0,9900.0,99.0,582.8225806451612,6.0,0.0
KXETHMINY-25DEC31-2999.99,How low will Ethereum get this year?,KXETHMINY-25DEC31,,,2025-12-31T15:00:00Z,,62,27.0,68.0,32.0,73.0,29.5,70.5,100.0,-99.0,sell_both,10000.0,9900.0,99.0,582.8225806451612,5.0,0.0
KXETHMINY-25DEC31-2749.99,How low will Ethereum get this year?,KXETHMINY-25DEC31,,,2025-12-31T15:00:00Z,,62,15.0,81.0,19.0,85.0,17.0,83.0,100.0,-99.0,sell_both,10000.0,9900.0,99.0,582.8225806451612,4.0,0.0
KXETHMINY-25DEC31-2499.99,How low will Ethereum get this year?,KXETHMINY-25DEC31,,,2025-12-31T15:00:00Z,,62,12.0,87.0,13.0,88.0,12.5,87.5,100.0,-99.0,sell_both,10000.0,9900.0,99.0,582.8225806451612,1.0,0.0
KXETHMINY-25DEC31-2249.99,How low will Ethereum get this year?,KXETHMINY-25DEC31,,,2025-12-31T15:00:00Z,,62,6.0,92.0,8.0,94.0,7.0,93.0,100.0,-99.0,sell_both,10000.0,9900.0,99.0,582.8225806451612,2.0,0.0
KXETHMINY-25DEC31-1999.99,How low will Ethereum get this year?,KXETHMINY-25DEC31,,,2025-12-31T15:00:00Z,,62,3.0,94.0,6.0,97.0,4.5,95.5,100.0,-99.0,sell_both,10000.0,9900.0,99.0,582.8225806451612,3.0,0.0
KXETHMINY-25DEC31-1749.99,How low will Ethereum get this year?,KXETHMINY-25DEC31,,,2025-12-31T15:00:00Z,,62,1.0,95.0,5.0,99.0,3.0,97.0,100.0,-99.0,sell_both,10000.0,9900.0,99.0,582.8225806451612,4.0,0.0
KXHURPATHGULFCOAST-25,Will a hurricane make landfall in the U.S. Gulf Coast during the 2025 hurricane season?,KXHURPATHGULFCOAST-25,,,2025-12-31T15:00:00Z,,62,4.0,92.0,8.0,96.0,6.0,94.0,100.0,-99.0,sell_both,10000.0,9900.0,99.0,582.8225806451612,4.0,0.0
KXHURPATHFLA-25,Will a hurricane make landfall in Florida during the 2025 hurricane season?,KXHURPATHFLA-25,,,2025-12-31T15:00:00Z,,62,11.0,88.0,12.0,89.0,11.5,88.5,100.0,-99.0,sell_both,10000.0,9900.0,99.0,582.8225806451612,1.0,1.744204689822843
KXMLBDIVWINNER-25-NLWEST,Which division will win the pro men's baseball championship?,KXMLBDIVWINNER-25,,,2025-12-31T04:59:00Z,,62,62.0,34.0,66.0,38.0,64.0,36.0,100.0,-99.0,sell_both,10000.0,9900.0,99.0,582.8225806451612,4.0,2.008730942660067
KXMLBDIVWINNER-25-ALEAST,Which division will win the pro men's baseball championship?,KXMLBDIVWINNER-25,,,2025-12-31T04:59:00Z,,62,34.0,59.0,41.0,66.0,37.5,62.5,100.0,-99.0,sell_both,10000.0,9900.0,99.0,582.8225806451612,7.0,1.8193405398660252
KXSPINOFFSEV-25-DEC31,Will Severance have a spin-off announced this year?,KXSPINOFFSEV-25,,,2025-12-31T04:59:00Z,,62,10.0,30.0,70.0,90.0,40.0,60.0,100.0,-99.0,sell_both,10000.0,9900.0,99.0,582.8225806451612,60.0,1.9899120583583587
KXSPOTIFYBILLIONS-25DEC31-THE,Will Therefore I Am hit 1 Billion Spotify streams in 2025?,KXSPOTIFYBILLIONS-25DEC31,,,2025-12-31T15:00:00Z,,62,1.0,93.0,7.0,99.0,4.0,96.0,100.0,-99.0,sell_both,10000.0,9900.0,99.0,582.8225806451612,6.0,2.092904680103707
KXSPOTIFYBILLIONS-25DEC31-PAR,Will Party Monster hit 1 Billion Spotify streams in 2025?,KXSPOTIFYBILLIONS-25DEC31,,,2025-12-31T15:00:00Z,,62,2.0,89.0,11.0,98.0,6.5,93.5,100.0,-99.0,sell_both,10000.0,9900.0,99.0,582.8225806451612,9.0,2.9324477829963143
KXSPOTIFYBILLIONS-25DEC31-MIS,Will Mistletoe hit 1 Billion Spotify streams in 2025?,KXSPOTIFYBILLIONS-25DEC31,,,2025-12-31T15:00:00Z,,62,86.0,7.0,93.0,14.0,89.5,10.5,100.0,-99.0,sell_both,10000.0,9900.0,99.0,582.8225806451612,7.0,2.934578334275642
KXSPOTIFYBILLIONS-25DEC31-MAN,Will The Man hit 1 Billion Spotify streams in 2025?,KXSPOTIFYBILLIONS-25DEC31,,,2025-12-31T15:00:00Z,,62,1.0,89.0,11.0,99.0,6.0,94.0,100.0,-99.0,sell_both,10000.0,9900.0,99.0,582.8225806451612,10.0,1.757341742519081
KXSPOTIFYBILLIONS-25DEC31-LON,Will Lonely (with benny blanco) hit 1 Billion Spotify streams in 2025?,KXSPOTIFYBILLIONS-25DEC31,,,2025-12-31T15:00:00Z,,62,1.0,94.0,6.0,99.0,3.5,96.5,100.0,-99.0,sell_both,10000.0,9900.0,99.0,582.8225806451612,5.0,2.1531953000134476
KXSPOTIFYBILLIONS-25DEC31-KAR,Will Karma hit 1 Billion Spotify streams in 2025?,KXSPOTIFYBILLIONS-25DEC31,,,2025-12-31T15:00:00Z,,62,1.0,86.0,14.0,99.0,7.5,92.5,100.0,-99.0,sell_both,10000.0,9900.0,99.0,582.8225806451612,13.0,2.5373706863601937
KXSPOTIFYBILLIONS-25DEC31-BAIL,Will BAILE INoLVIDABLE hit 1 Billion Spotify streams in 2025?,KXSPOTIFYBILLIONS-25DEC31,,,2025-12-31T15:00:00Z,,62,88.0,1.0,99.0,12.0,93.5,6.5,100.0,-99.0,sell_both,10000.0,9900.0,99.0,582.8225806451612,11.0,2.072015926579716
KXINXPOS-25DEC31H1600-T5881.63,"Will the S&P 500 be above 5881.63 on Dec 31, 2025 at 4pm EST?",KXINXPOS-25DEC31H1600,,,2025-12-31T21:00:00Z,,62,94.0,5.0,95.0,6.0,94.5,5.5,100.0,-99.0,sell_both,10000.0,9900.0,99.0,582.8225806451612,1.0,1.8404483149493767
KXSPOTIFYSONG-25-JM,Will John Mayer release a song this yearE?,KXSPOTIFYSONG-25,,,2025-12-31T15:00:00Z,,62,20.0,76.0,24.0,80.0,22.0,78.0,100.0,-99.0,sell_both,10000.0,9900.0,99.0,582.8225806451612,4.0,2.085665361461421
KXSPOTIFYSONG-25-FO,Will Frank Ocean release a song this yearE?,KXSPOTIFYSONG-25,,,2025-12-31T15:00:00Z,,62,5.0,88.0,12.0,95.0,8.5,91.5,100.0,-99.0,sell_both,10000.0,9900.0,99.0,582.8225806451612,7.0,2.316732612970258
KXDOJPARDONS-25,Will the DOJ claim in federal court that any of President Biden's pardons are void?,KXDOJPARDONS-25,,,2025-12-31T15:00:00Z,,62,20.0,77.0,23.0,80.0,21.5,78.5,100.0,-99.0,sell_both,10000.0,9900.0,99.0,582.8225806451612,3.0,1.7150072886142496
KXSTARLINKFAA-25,Will Starlink get an FAA contract this year?,KXSTARLINKFAA-25,,,2025-12-31T15:00:00Z,,62,99.0,91.0,9.0,1.0,54.0,46.0,100.0,-99.0,sell_both,10000.0,9900.0,99.0,582.8225806451612,-90.0,4506.870026737777
KXMINCORPTAX-25-NO,Will the minimum corporate tax be repealed this year?,KXMINCORPTAX-25,,,2025-12-31T15:00:00Z,,62,36.0,99.0,1.0,64.0,18.5,81.5,100.0,-99.0,sell_both,10000.0,9900.0,99.0,582.8225806451612,-35.0,1756.8377975949488
KXMINCORPTAX-25-FULL,Will the minimum corporate tax be repealed this year?,KXMINCORPTAX-25,,,2025-12-31T15:00:00Z,,62,84.0,15.0,85.0,16.0,84.5,15.5,100.0,-99.0,sell_both,10000.0,9900.0,99.0,582.8225806451612,1.0,2.229237537814219
KXSPOTIFYSONG-25-RADIO,Will Radiohead release a song this yearE?,KXSPOTIFYSONG-25,,,2025-12-31T15:00:00Z,,62,19.0,64.0,36.0,81.0,27.5,72.5,100.0,-99.0,sell_both,10000.0,9900.0,99.0,582.8225806451612,17.0,1.9223033059327552
KXSPOTIFYSONG-25-LUZI,Will Lil Uzi Vert release a song this yearE?,KXSPOTIFYSONG-25,,,2025-12-31T15:00:00Z,,62,21.0,76.0,24.0,79.0,22.5,77.5,100.0,-99.0,sell_both,10000.0,9900.0,99.0,582.8225806451612,3.0,2.487971060924946
KXSPOTIFYSONG-25-JCOL,Will J. Cole release a song this yearE?,KXSPOTIFYSONG-25,,,2025-12-31T15:00:00Z,,62,9.0,82.0,18.0,91.0,13.5,86.5,100.0,-99.0,sell_both,10000.0,9900.0,99.0,582.8225806451612,9.0,1.7793257149830664
KXSPOTIFYSONG-25-ATWIN,Will Aphex Twin release a song this yearE?,KXSPOTIFYSONG-25,,,2025-12-31T15:00:00Z,,62,22.0,66.0,34.0,78.0,28.0,72.0,100.0,-99.0,sell_both,10000.0,9900.0,99.0,582.8225806451612,12.0,1.9406828695075349
KXSPOTIFYSONG-25-BEYO,Will Beyonce release a song this yearE?,KXSPOTIFYSONG-25,,,2025-12-31T15:00:00Z,,62,12.0,82.0,18.0,88.0,15.0,85.0,100.0,-99.0,sell_both,10000.0,9900.0,99.0,582.8225806451612,6.0,2.6695036991920427
KXCRYPTORESERVE-25-ADA,What assets will Trump's crypto reserve acquire this year?,KXCRYPTORESERVE-25,,,2025-12-31T15:00:00Z,,62,5.0,91.0,9.0,95.0,7.0,93.0,100.0,-99.0,sell_both,10000.0,9900.0,99.0,582.8225806451612,4.0,2.1714626407101734
KXCRYPTORESERVE-25-XRP,What assets will Trump's crypto reserve acquire this year?,KXCRYPTORESERVE-25,,,2025-12-31T15:00:00Z,,62,5.0,93.0,7.0,95.0,6.0,94.0,100.0,-99.0,sell_both,10000.0,9900.0,99.0,582.8225806451612,2.0,1.635236985883086
KXCRYPTORESERVE-25-SOL,What assets will Trump's crypto reserve acquire this year?,KXCRYPTORESERVE-25,,,2025-12-31T15:00:00Z,,62,4.0,91.0,9.0,96.0,6.5,93.5,100.0,-99.0,sell_both,10000.0,9900.0,99.0,582.8225806451612,5.0,1.915006527404019
KXCRYPTORESERVE-25-ETH,What assets will Trump's crypto reserve acquire this year?,KXCRYPTORESERVE-25,,,2025-12-31T15:00:00Z,,62,4.0,92.0,8.0,96.0,6.0,94.0,100.0,-99.0,sell_both,10000.0,9900.0,99.0,582.8225806451612,4.0,2.1782447061797257
KXCRYPTORESERVE-25-BTC,What assets will Trump's crypto reserve acquire this year?,KXCRYPTORESERVE-25,,,2025-12-31T15:00:00Z,,62,11.0,86.0,14.0,89.0,12.5,87.5,100.0,-99.0,sell_both,10000.0,9900.0,99.0,582.8225806451612,3.0,2.3891421054428723
KXGASBAN-25-OR,Which states will enact gas stove bans this year?,KXGASBAN-25,,,2025-12-31T15:00:00Z,,62,53.0,45.0,55.0,47.0,54.0,46.0,100.0,-99.0,sell_both,10000.0,9900.0,99.0,582.8225806451612,2.0,1.264713406270369
KXGOLDCARDS-25-B550.5,How many Gold Cards will Trump sell this year?,KXGOLDCARDS-25,,,2025-12-31T15:00:00Z,,62,5.0,94.0,6.0,95.0,5.5,94.5,100.0,-99.0,sell_both,10000.0,9900.0,99.0,582.8225806451612,1.0,1.9681844425764572
KXGOLDCARDS-25-B50.5,How many Gold Cards will Trump sell this year?,KXGOLDCARDS-25,,,2025-12-31T15:00:00Z,,62,17.0,82.0,18.0,83.0,17.5,82.5,100.0,-99.0,sell_both,10000.0,9900.0,99.0,582.8225806451612,1.0,2.0506096654409878
KXGOLDCARDS-25-B1750.5,How many Gold Cards will Trump sell this year?,KXGOLDCARDS-25,,,2025-12-31T15:00:00Z,,62,1.0,98.0,2.0,99.0,1.5,98.5,100.0,-99.0,sell_both,10000.0,9900.0,99.0,582.8225806451612,1.0,2.054628920267599
KXGOLDCARDS-25-T1,How many Gold Cards will Trump sell this year?,KXGOLDCARDS-25,,,2025-12-31T15:00:00Z,,62,77.0,22.0,78.0,23.0,77.5,22.5,100.0,-99.0,sell_both,10000.0,9900.0,99.0,582.8225806451612,1.0,1.966341781074694
KXHEADSTART-25,Will Trump end Head Start this year?,KXHEADSTART-25,,,2025-12-31T15:00:00Z,,62,31.0,68.0,32.0,69.0,31.5,68.5,100.0,-99.0,sell_both,10000.0,9900.0,99.0,582.8225806451612,1.0,1.484840058726865
KXMETACLOSE-25,Will Meta release an AI model that isn't open source in 2025?,KXMETACLOSE-25,,,2025-12-31T15:00:00Z,,62,11.0,80.0,20.0,89.0,15.5,84.5,100.0,-99.0,sell_both,10000.0,9900.0,99.0,582.8225806451612,9.0,2.2049376408415724
KXDJTNFT-25,Will Donald Trump launch an NFT in 2025?,KXDJTNFT-25,,,2025-12-31T15:00:00Z,,62,7.0,92.0,8.0,93.0,7.5,92.5,100.0,-99.0,sell_both,10000.0,9900.0,99.0,582.8225806451612,1.0,2.2147798987709817
KXTPSUKR-25,Will Temporary Protected Status for Ukraine end in 2025?,KXTPSUKR-25,,,2025-12-31T15:00:00Z,,62,77.0,22.0,78.0,23.0,77.5,22.5,100.0,-99.0,sell_both,10000.0,9900.0,99.0,582.8225806451612,1.0,1.9634790551467565
KXNEWSOMGUEST-25-AJON,Will Alex Jones go on the This Is Gavin Newsom this year?,KXNEWSOMGUEST-25,,,2025-12-31T15:00:00Z,,62,80.0,19.0,81.0,20.0,80.5,19.5,100.0,-99.0,sell_both,10000.0,9900.0,99.0,582.8225806451612,1.0,1.833984732760881
KXJBEARDOC-2025-GL,2025 James Beard Award for Outstanding Chef?,KXJBEARDOC-2025,,,2025-12-31T15:00:00Z,,62,34.0,99.0,1.0,66.0,17.5,82.5,100.0,-99.0,sell_both,10000.0,9900.0,99.0,582.8225806451612,-33.0,1656.9070264812005
KXJBEARDOC-2025-CP,2025 James Beard Award for Outstanding Chef?,KXJBEARDOC-2025,,,2025-12-31T15:00:00Z,,62,78.0,21.0,79.0,22.0,78.5,21.5,100.0,-99.0,sell_both,10000.0,9900.0,99.0,582.8225806451612,1.0,1.9162463307205575
KXJBEARDOC-2025-AB,2025 James Beard Award for Outstanding Chef?,KXJBEARDOC-2025,,,2025-12-31T15:00:00Z,,62,82.0,17.0,83.0,18.0,82.5,17.5,100.0,-99.0,sell_both,10000.0,9900.0,99.0,582.8225806451612,1.0,2.122439634006112
KXUSDBRLMAX-25DEC31-T7.9999,"Will the  USD/BRL exchange rate reach 7.9999 by Dec 31, 2025?",KXUSDBRLMAX-25DEC31,,,2025-12-31T16:00:00Z,,62,54.0,45.0,55.0,46.0,54.5,45.5,100.0,-99.0,sell_both,10000.0,9900.0,99.0,582.8225806451612,1.0,1.7202470752772696
KXGRAMMYWINNERS-67AOTYXXBNAXXROTY-HMHASXXCRXXNLU,"Will Hit Me Hard and Soft,Chappell Roan,Not Like Us win Album of the Year,Best New Artist,Record of the Year at the Grammys?",KXGRAMMYWINNERS-67AOTYXXBNAXXROTY,,,2025-12-31T15:00:00Z,,62,1.0,52.0,48.0,99.0,24.5,75.5,100.0,-99.0,sell_both,10000.0,9900.0,99.0,582.8225806451612,47.0,2.538454254068802
KXNEWOUTBREAK-P-25,New pandemic by 2025?,KXNEWOUTBREAK-P,,,2025-12-31T15:00:00Z,,62,3.0,95.0,5.0,97.0,4.0,96.0,100.0,-99.0,sell_both,10000.0,9900.0,99.0,582.8225806451612,2.0,1.9836204274003633
KXNEWOUTBREAKPH5N1-25,New pandemic by 2025?,KXNEWOUTBREAKPH5N1,,,2025-12-31T15:00:00Z,,62,3.0,96.0,4.0,97.0,3.5,96.5,100.0,-99.0,sell_both,10000.0,9900.0,99.0,582.8225806451612,1.0,1.7752464617624224
KXINXY-25DEC31-T7600,"Will the S&P 500 be above 7600 at the end of Dec 31, 2025?",KXINXY-25DEC31,,,2025-12-31T15:00:00Z,,62,3.0,96.0,4.0,97.0,3.5,96.5,100.0,-99.0,sell_both,10000.0,9900.0,99.0,582.8225806451612,1.0,1.5494353810340076
KXINXY-25DEC31-B7500,"Will the S&P 500 be between 7400 and 7600 at the end of Dec 31, 2025?",KXINXY-25DEC31,,,2025-12-31T15:00:00Z,,62,6.0,93.0,7.0,94.0,6.5,93.5,100.0,-99.0,sell_both,10000.0,9900.0,99.0,582.8225806451612,1.0,2.068272225796208
KXINXY-25DEC31-B7300,"Will the S&P 500 be between 7200 and 7399.99 at the end of Dec 31, 2025?",KXINXY-25DEC31,,,2025-12-31T15:00:00Z,,62,17.0,82.0,18.0,83.0,17.5,82.5,100.0,-99.0,sell_both,10000.0,9900.0,99.0,582.8225806451612,1.0,1.9645610196682617
KXINXY-25DEC31-B7100,"Will the S&P 500 be between 7000 and 7199.99 at the end of Dec 31, 2025?",KXINXY-25DEC31,,,2025-12-31T15:00:00Z,,62,30.0,68.0,32.0,70.0,31.0,69.0,100.0,-99.0,sell_both,10000.0,9900.0,99.0,582.8225806451612,2.0,1.8932115571166366
KXINXY-25DEC31-B6900,"Will the S&P 500 be between 6800 and 6999.99 at the end of Dec 31, 2025?",KXINXY-25DEC31,,,2025-12-31T15:00:00Z,,62,18.0,79.0,21.0,82.0,19.5,80.5,100.0,-99.0,sell_both,10000.0,9900.0,99.0,582.8225806451612,3.0,2.1217916957137897
KXINXY-25DEC31-B6700,"Will the S&P 500 be between 6600 and 6799.99 at the end of Dec 31, 2025?",KXINXY-25DEC31,,,2025-12-31T15:00:00Z,,62,10.0,88.0,12.0,90.0,11.0,89.0,100.0,-99.0,sell_both,10000.0,9900.0,99.0,582.8225806451612,2.0,2.2646743695286524
KXINXY-25DEC31-B6500,"Will the S&P 500 be between 6400 and 6599.99 at the end of Dec 31, 2025?",KXINXY-25DEC31,,,2025-12-31T15:00:00Z,,62,6.0,93.0,7.0,94.0,6.5,93.5,100.0,-99.0,sell_both,10000.0,9900.0,99.0,582.8225806451612,1.0,2.497598846892751
KXINXY-25DEC31-B6300,"Will the S&P 500 be between 6200 and 6399.99 at the end of Dec 31, 2025?",KXINXY-25DEC31,,,2025-12-31T15:00:00Z,,62,4.0,95.0,5.0,96.0,4.5,95.5,100.0,-99.0,sell_both,10000.0,9900.0,99.0,582.8225806451612,1.0,2.2590927382469275
KXINXY-25DEC31-B6100,"Will the S&P 500 be between 6000 and 6199.99 at the end of Dec 31, 2025?",KXINXY-25DEC31,,,2025-12-31T15:00:00Z,,62,2.0,97.0,3.0,98.0,2.5,97.5,100.0,-99.0,sell_both,10000.0,9900.0,99.0,582.8225806451612,1.0,2.279857451684206
KXINXY-25DEC31-B5900,"Will the S&P 500 be between 5800 and 5999.99 at the end of Dec 31, 2025?",KXINXY-25DEC31,,,2025-12-31T15:00:00Z,,62,1.0,98.0,2.0,99.0,1.5,98.5,100.0,-99.0,sell_both,10000.0,9900.0,99.0,582.8225806451612,1.0,2.0480478510034867
KXINXY-25DEC31-T4000,"Will the S&P 500 be below 4000 at the end of Dec 31, 2025?",KXINXY-25DEC31,,,2025-12-31T15:00:00Z,,62,1.0,98.0,2.0,99.0,1.5,98.5,100.0,-99.0,sell_both,10000.0,9900.0,99.0,582.8225806451612,1.0,1.7327723451163457
KXNASDAQ100Y-25DEC31-T24500,"Will the Nasdaq-100 be above 24500 at the end of Dec 31, 2025?",KXNASDAQ100Y-25DEC31,,,2025-12-31T21:00:00Z,,62,84.0,4.0,96.0,16.0,90.0,10.0,100.0,-99.0,sell_both,10000.0,9900.0,99.0,582.8225806451612,12.0,2.600817179272699
KXNASDAQ100Y-25DEC31-B24250,"Will the Nasdaq-100 be between 24000 and 24500 at the end of Dec 31, 2025?",KXNASDAQ100Y-25DEC31,,,2025-12-31T21:00:00Z,,62,4.0,94.0,6.0,96.0,5.0,95.0,100.0,-99.0,sell_both,10000.0,9900.0,99.0,582.8225806451612,2.0,1.7798876369029593
KXNASDAQ100Y-25DEC31-B23750,"Will the Nasdaq-100 be between 23500 and 23999.99 at the end of Dec 31, 2025?",KXNASDAQ100Y-25DEC31,,,2025-12-31T21:00:00Z,,62,3.0,96.0,4.0,97.0,3.5,96.5,100.0,-99.0,sell_both,10000.0,9900.0,99.0,582.8225806451612,1.0,2.2088458524759034
KXNASDAQ100Y-25DEC31-B23250,"Will the Nasdaq-100 be between 23000 and 23499.99 at the end of Dec 31, 2025?",KXNASDAQ100Y-25DEC31,,,2025-12-31T21:00:00Z,,62,3.0,96.0,4.0,97.0,3.5,96.5,100.0,-99.0,sell_both,10000.0,9900.0,99.0,582.8225806451612,1.0,2.4288371703348086
KXNASDAQ100Y-25DEC31-B22750,"Will the Nasdaq-100 be between 22500 and 22999.99 at the end of Dec 31, 2025?",KXNASDAQ100Y-25DEC31,,,2025-12-31T21:00:00Z,,62,2.0,97.0,3.0,98.0,2.5,97.5,100.0,-99.0,sell_both,10000.0,9900.0,99.0,582.8225806451612,1.0,2.0690577565645674
KXNASDAQ100Y-25DEC31-T15500,"Will the Nasdaq-100 be below 15500 at the end of Dec 31, 2025?",KXNASDAQ100Y-25DEC31,,,2025-12-31T21:00:00Z,,62,1.0,98.0,2.0,99.0,1.5,98.5,100.0,-99.0,sell_both,10000.0,9900.0,99.0,582.8225806451612,1.0,2.137054047047009
KXBTCMAXY-25-DEC31-149999.99,How high will Bitcoin get this year?,KXBTCMAXY-25,,,2025-12-31T15:00:00Z,,62,15.0,82.0,18.0,85.0,16.5,83.5,100.0,-99.0,sell_both,10000.0,9900.0,99.0,582.8225806451612,3.0,1.659141344189819
KXETHMAXY-25DEC31-4999.99,How high will Ethereum get this year?,KXETHMAXY-25DEC31,,,2025-12-31T15:00:00Z,,62,39.0,60.0,40.0,61.0,39.5,60.5,100.0,-99.0,sell_both,10000.0,9900.0,99.0,582.8225806451612,1.0,1.3502777492056959
KXGTEMP-25-P0,Will 2025 be the hottest year on record?,KXGTEMP-25,,,2025-12-31T16:00:00Z,,62,3.0,95.0,5.0,97.0,4.0,96.0,100.0,-99.0,sell_both,10000.0,9900.0,99.0,582.8225806451612,2.0,2.0556629101095343
KXNGASMAX-25DEC29-P3,"Will the price of natural gas get above $3 per million BTU by December 29, 2025?",KXNGASMAX-25DEC29,,,2025-12-31T18:59:00Z,,62,57.0,41.0,59.0,43.0,58.0,42.0,100.0,-99.0,sell_both,10000.0,9900.0,99.0,582.8225806451612,2.0,2.157950416483196
KXOSCARNOMPIC-25-M17,2025 Best Picture Oscar nominations?,KXOSCARNOMPIC-25,,,2025-12-31T15:00:00Z,,62,99.0,34.0,66.0,1.0,82.5,17.5,100.0,-99.0,sell_both,10000.0,9900.0,99.0,582.8225806451612,-33.0,1657.1359424149541
KXGRAMMYWINNERS-67BNAXXROTYXXSOTY-CRXXTHEXXBOAF,"Will Chappell Roan,Texas Hold 'Em,Birds of a Feather win Best New Artist,Record of the Year,Song of the Year at the Grammys?",KXGRAMMYWINNERS-67BNAXXROTYXXSOTY,,,2025-12-31T15:00:00Z,,62,99.0,61.0,39.0,1.0,69.0,31.0,100.0,-99.0,sell_both,10000.0,9900.0,99.0,582.8225806451612,-60.0,3006.869157564252
KXGRAMMYWINNERS-67AOTYXXBNAXXROTY-HMHASXXCRXXTHE,"Will Hit Me Hard and Soft,Chappell Roan,Texas Hold 'Em win Album of the Year,Best New Artist,Record of the Year at the Grammys?",KXGRAMMYWINNERS-67AOTYXXBNAXXROTY,,,2025-12-31T15:00:00Z,,62,72.0,26.0,74.0,28.0,73.0,27.0,100.0,-99.0,sell_both,10000.0,9900.0,99.0,582.8225806451612,2.0,2.057668583615933
KXGRAMMYWINNERS-67AOTYXXBNAXXROTYXXSOTY-HMHASXXBBXXTHEXXBOAF,"Will Hit Me Hard and Soft,Benson Boone,Texas Hold 'Em,Birds of a Feather win Album of the Year,Best New Artist,Record of the Year,Song of the Year at the Grammys?",KXGRAMMYWINNERS-67AOTYXXBNAXXROTYXXSOTY,,,2025-12-31T15:00:00Z,,62,35.0,62.0,38.0,65.0,36.5,63.5,100.0,-99.0,sell_both,10000.0,9900.0,99.0,582.8225806451612,3.0,1.897893569197177
KXGRAMMYWINNERS-67AOTYXXROTY-TTPDXXTHE,"Will The Tortured Poets Department,Texas Hold 'Em win Album of the Year,Record of the Year at the Grammys?",KXGRAMMYWINNERS-67AOTYXXROTY,,,2025-12-31T15:00:00Z,,62,24.0,75.0,25.0,76.0,24.5,75.5,100.0,-99.0,sell_both,10000.0,9900.0,99.0,582.8225806451612,1.0,1.6692812824685959
KXGRAMMYWINNERS-67BNAXXROTYXXSOTY-KXXEXXPPP,"Will Khruangbin,Espresso,Please Please Please win Best New Artist,Record of the Year,Song of the Year at the Grammys?",KXGRAMMYWINNERS-67BNAXXROTYXXSOTY,,,2025-12-31T15:00:00Z,,62,99.0,53.0,47.0,1.0,73.0,27.0,100.0,-99.0,sell_both,10000.0,9900.0,99.0,582.8225806451612,-52.0,2606.0298058069366
KXGOVSHUTLENGTH-26JAN01-80D,Will the federal government shut down for more than 80 days?,KXGOVSHUTLENGTH-26JAN01,,,2026-01-01T15:00:00Z,,63,9.0,90.0,10.0,91.0,9.5,90.5,100.0,-99.0,sell_both,10000.0,9900.0,99.0,573.5714285714286,1.0,0.0
KXGOVSHUTLENGTH-26JAN01-65D,Will the federal government shut down for more than 65 days?,KXGOVSHUTLENGTH-26JAN01,,,2026-01-01T15:00:00Z,,63,15.0,83.0,17.0,85.0,16.0,84.0,100.0,-99.0,sell_both,10000.0,9900.0,99.0,573.5714285714286,2.0,0.0
KXGOVSHUTLENGTH-26JAN01-39D,Will the federal government shut down for more than 39 days?,KXGOVSHUTLENGTH-26JAN01,,,2026-01-01T15:00:00Z,,63,63.0,35.0,65.0,37.0,64.0,36.0,100.0,-99.0,sell_both,10000.0,9900.0,99.0,573.5714285714286,2.0,0.0
KXGOVSHUTLENGTH-26JAN01-38D,Will the federal government shut down for more than 38 days?,KXGOVSHUTLENGTH-26JAN01,,,2026-01-01T15:00:00Z,,63,68.0,31.0,69.0,32.0,68.5,31.5,100.0,-99.0,sell_both,10000.0,9900.0,99.0,573.5714285714286,1.0,0.0
KXGOVSHUTLENGTH-26JAN01-37D,Will the federal government shut down for more than 37 days?,KXGOVSHUTLENGTH-26JAN01,,,2026-01-01T15:00:00Z,,63,74.0,24.0,76.0,26.0,75.0,25.0,100.0,-99.0,sell_both,10000.0,9900.0,99.0,573.5714285714286,2.0,0.0
KXGOVSHUTLENGTH-26JAN01-36D,Will the federal government shut down for more than 36 days?,KXGOVSHUTLENGTH-26JAN01,,,2026-01-01T15:00:00Z,,63,81.0,17.0,83.0,19.0,82.0,18.0,100.0,-99.0,sell_both,10000.0,9900.0,99.0,573.5714285714286,2.0,0.0
KXGOVREOPEN2025-26JAN01,Will the federal government shut down for fewer than 92 days?,KXGOVREOPEN2025-26JAN01,,,2026-01-01T15:00:00Z,,63,90.0,8.0,92.0,10.0,91.0,9.0,100.0,-99.0,sell_both,10000.0,9900.0,99.0,573.5714285714286,2.0,0.0
KXMEDIARELEASEUPONLY-26JAN01-UPON,"Will A New Episode of the UpOnly Podcast be released in Worldwide before Jan 1, 2026?",KXMEDIARELEASEUPONLY,,,2026-01-01T05:00:00Z,,63,5.0,1.0,99.0,95.0,52.0,48.0,100.0,-99.0,sell_both,10000.0,9900.0,99.0,573.5714285714286,94.0,0.0
KXGOVSHUTLENGTH-26JAN01-70D,Will the federal government shut down for more than 70 days?,KXGOVSHUTLENGTH-26JAN01,,,2026-01-01T15:00:00Z,,63,14.0,85.0,15.0,86.0,14.5,85.5,100.0,-99.0,sell_both,10000.0,9900.0,99.0,573.5714285714286,1.0,0.0
KXGOVSHUTLENGTH-26JAN01-55D,Will the federal government shut down for more than 55 days?,KXGOVSHUTLENGTH-26JAN01,,,2026-01-01T15:00:00Z,,63,26.0,73.0,27.0,74.0,26.5,73.5,100.0,-99.0,sell_both,10000.0,9900.0,99.0,573.5714285714286,1.0,0.6121682775185268
KXGOVSHUTLENGTH-26JAN01-34D,Will the federal government shut down for more than 34 days?,KXGOVSHUTLENGTH-26JAN01,,,2026-01-01T15:00:00Z,,63,87.0,12.0,88.0,13.0,87.5,12.5,100.0,-99.0,sell_both,10000.0,9900.0,99.0,573.5714285714286,1.0,0.0
KXGOVSHUTLENGTH-26JAN01-33D,Will the federal government shut down for more than 33 days?,KXGOVSHUTLENGTH-26JAN01,,,2026-01-01T15:00:00Z,,63,91.0,7.0,93.0,9.0,92.0,8.0,100.0,-99.0,sell_both,10000.0,9900.0,99.0,573.5714285714286,2.0,0.0
KXGOVSHUTLENGTH-26JAN01-32D,Will the federal government shut down for more than 32 days?,KXGOVSHUTLENGTH-26JAN01,,,2026-01-01T15:00:00Z,,63,93.0,6.0,94.0,7.0,93.5,6.5,100.0,-99.0,sell_both,10000.0,9900.0,99.0,573.5714285714286,1.0,0.0
KXGOVSHUTLENGTH-26JAN01-31D,Will the federal government shut down for more than 31 days?,KXGOVSHUTLENGTH-26JAN01,,,2026-01-01T15:00:00Z,,63,96.0,3.0,97.0,4.0,96.5,3.5,100.0,-99.0,sell_both,10000.0,9900.0,99.0,573.5714285714286,1.0,0.0
KXLOUVRETHIEVESCHARGE-26JAN01,"Will Any Person be charged with a crime in relation to the October 19, 2025 theft of France's Crown Jewels from the Apollo Gallery in the Louvre Museum crime before Jan 1, 2026?",KXLOUVRETHIEVESCHARGE-26JAN01,,,2026-01-01T04:59:00Z,,63,98.0,1.0,99.0,2.0,98.5,1.5,100.0,-99.0,sell_both,10000.0,9900.0,99.0,573.5714285714286,1.0,0.0
KXBILLS-26-S1241,"Will S. 1241  become law before Jan 1, 2026?",KXBILLS-26,,,2026-01-01T15:00:00Z,,63,16.0,77.0,23.0,84.0,19.5,80.5,100.0,-99.0,sell_both,10000.0,9900.0,99.0,573.5714285714286,7.0,0.0
KXBILLS-26-HR3633,"Will H.R.3633 becomes law before Jan 1, 2026?",KXBILLS-26,,,2026-01-01T15:00:00Z,,63,11.0,86.0,14.0,89.0,12.5,87.5,100.0,-99.0,sell_both,10000.0,9900.0,99.0,573.5714285714286,3.0,0.0
KXBILLS-26-S288,"Will  becomes law before Jan 1, 2026?",KXBILLS-26,,,2026-01-01T15:00:00Z,,63,1.0,95.0,5.0,99.0,3.0,97.0,100.0,-99.0,sell_both,10000.0,9900.0,99.0,573.5714285714286,4.0,0.0
KXBILLS-26-HRCR,"Will  law before Jan 1, 2026?",KXBILLS-26,,,2026-01-01T15:00:00Z,,63,49.0,45.0,55.0,51.0,52.0,48.0,100.0,-99.0,sell_both,10000.0,9900.0,99.0,573.5714285714286,6.0,0.0
KXIPO-25-MED,Who will IPO in 2025?,KXIPO-25,,,2026-01-01T04:59:00Z,,63,91.0,3.0,97.0,9.0,94.0,6.0,100.0,-99.0,sell_both,10000.0,9900.0,99.0,573.5714285714286,6.0,0.0
KXGOVSHUTLENGTH-26JAN01-60D,Will the federal government shut down for more than 60 days?,KXGOVSHUTLENGTH-26JAN01,,,2026-01-01T15:00:00Z,,63,20.0,79.0,21.0,80.0,20.5,79.5,100.0,-99.0,sell_both,10000.0,9900.0,99.0,573.5714285714286,1.0,0.0
KXGOVSHUTLENGTH-26JAN01-50D,Will the federal government shut down for more than 50 days?,KXGOVSHUTLENGTH-26JAN01,,,2026-01-01T15:00:00Z,,63,36.0,63.0,37.0,64.0,36.5,63.5,100.0,-99.0,sell_both,10000.0,9900.0,99.0,573.5714285714286,1.0,0.0
KXGOVSHUTLENGTH-26JAN01-45D,Will the federal government shut down for more than 45 days?,KXGOVSHUTLENGTH-26JAN01,,,2026-01-01T15:00:00Z,,63,45.0,54.0,46.0,55.0,45.5,54.5,100.0,-99.0,sell_both,10000.0,9900.0,99.0,573.5714285714286,1.0,0.0
KXGOVSHUTLENGTH-26JAN01-40D,Will the federal government shut down for  days?,KXGOVSHUTLENGTH-26JAN01,,,2026-01-01T15:00:00Z,,63,60.0,39.0,61.0,40.0,60.5,39.5,100.0,-99.0,sell_both,10000.0,9900.0,99.0,573.5714285714286,1.0,0.05477225575051661
KXGOVSHUTLENGTH-26JAN01-30D,Will the federal government shut down for  days?,KXGOVSHUTLENGTH-26JAN01,,,2026-01-01T15:00:00Z,,63,97.0,2.0,98.0,3.0,97.5,2.5,100.0,-99.0,sell_both,10000.0,9900.0,99.0,573.5714285714286,1.0,0.0
KXMEASLES-2531-1900,Will there be more than 1900 measles cases in 2025?,KXMEASLES-2531,,,2026-01-01T04:59:00Z,,63,32.0,60.0,40.0,68.0,36.0,64.0,100.0,-99.0,sell_both,10000.0,9900.0,99.0,573.5714285714286,8.0,0.0
KXMEASLES-2531-1800,Will there be more than 1800 measles cases in 2025?,KXMEASLES-2531,,,2026-01-01T04:59:00Z,,63,66.0,32.0,68.0,34.0,67.0,33.0,100.0,-99.0,sell_both,10000.0,9900.0,99.0,573.5714285714286,2.0,0.0
KXETHATH-25DEC31,"Will Ethereum reach above $4953.73 by Dec 31, 2025 at 11:59 PM?",KXETHATH-25DEC31,,,2026-01-01T04:59:00Z,,63,39.0,56.0,44.0,61.0,41.5,58.5,100.0,-99.0,sell_both,10000.0,9900.0,99.0,573.5714285714286,5.0,0.0
KXLEAVEADMIN-26-THOM,Will Tom Homan leave the Trump Administration this year?,KXLEAVEADMIN-26,,,2026-01-01T15:00:00Z,,63,12.0,87.0,13.0,88.0,12.5,87.5,100.0,-99.0,sell_both,10000.0,9900.0,99.0,573.5714285714286,1.0,0.0
KXTOKENLAUNCH-26JAN01-ASBT,"Will Abstract launch a token before Jan 1, 2026?",KXTOKENLAUNCH-26JAN01,,,2026-01-01T04:59:00Z,,63,24.0,55.0,45.0,76.0,34.5,65.5,100.0,-99.0,sell_both,10000.0,9900.0,99.0,573.5714285714286,21.0,0.0
KXAPRPOTUSEOY-26JAN01-50.0,Will the President's approval rating be above 50.0 according to RealClearPolitics?,KXAPRPOTUSEOY-26JAN01,,,2026-01-01T16:00:00Z,,63,2.0,93.0,7.0,98.0,4.5,95.5,100.0,-99.0,sell_both,10000.0,9900.0,99.0,573.5714285714286,5.0,0.0
KXAPRPOTUSEOY-26JAN01-48.45,Will the President's approval rating be between 48.0 and 48.9 according to RealClearPolitics?,KXAPRPOTUSEOY-26JAN01,,,2026-01-01T16:00:00Z,,63,4.0,92.0,8.0,96.0,6.0,94.0,100.0,-99.0,sell_both,10000.0,9900.0,99.0,573.5714285714286,4.0,0.0
KXAPRPOTUSEOY-26JAN01-47.45,Will the President's approval rating be between 47.0 and 47.9 according to RealClearPolitics?,KXAPRPOTUSEOY-26JAN01,,,2026-01-01T16:00:00Z,,63,5.0,90.0,10.0,95.0,7.5,92.5,100.0,-99.0,sell_both,10000.0,9900.0,99.0,573.5714285714286,5.0,0.0
KXAPRPOTUSEOY-26JAN01-46.45,Will the President's approval rating be between 46.0 and 46.9 according to RealClearPolitics?,KXAPRPOTUSEOY-26JAN01,,,2026-01-01T16:00:00Z,,63,16.0,80.0,20.0,84.0,18.0,82.0,100.0,-99.0,sell_both,10000.0,9900.0,99.0,573.5714285714286,4.0,0.0
KXAPRPOTUSEOY-26JAN01-45.45,Will the President's approval rating be between 45.0 and 45.9 according to RealClearPolitics?,KXAPRPOTUSEOY-26JAN01,,,2026-01-01T16:00:00Z,,63,15.0,82.0,18.0,85.0,16.5,83.5,100.0,-99.0,sell_both,10000.0,9900.0,99.0,573.5714285714286,3.0,0.0
KXAPRPOTUSEOY-26JAN01-44.45,Will the President's approval rating be between 44.0 and 44.9 according to RealClearPolitics?,KXAPRPOTUSEOY-26JAN01,,,2026-01-01T16:00:00Z,,63,13.0,82.0,18.0,87.0,15.5,84.5,100.0,-99.0,sell_both,10000.0,9900.0,99.0,573.5714285714286,5.0,0.0
KXAPRPOTUSEOY-26JAN01-43.45,Will the President's approval rating be between 43.0 and 43.9 according to RealClearPolitics?,KXAPRPOTUSEOY-26JAN01,,,2026-01-01T16:00:00Z,,63,8.0,87.0,13.0,92.0,10.5,89.5,100.0,-99.0,sell_both,10000.0,9900.0,99.0,573.5714285714286,5.0,0.0
KXAPRPOTUSEOY-26JAN01-42.45,Will the President's approval rating be between 42.0 and 42.9 according to RealClearPolitics?,KXAPRPOTUSEOY-26JAN01,,,2026-01-01T16:00:00Z,,63,7.0,92.0,8.0,93.0,7.5,92.5,100.0,-99.0,sell_both,10000.0,9900.0,99.0,573.5714285714286,1.0,0.0
KXAPRPOTUSEOY-26JAN01-41.45,Will the President's approval rating be between 41.0 and 41.9 according to RealClearPolitics?,KXAPRPOTUSEOY-26JAN01,,,2026-01-01T16:00:00Z,,63,5.0,91.0,9.0,95.0,7.0,93.0,100.0,-99.0,sell_both,10000.0,9900.0,99.0,573.5714285714286,4.0,0.0
KXAPRPOTUSEOY-26JAN01-40,Will the President's approval rating be below 40 according to RealClearPolitics?,KXAPRPOTUSEOY-26JAN01,,,2026-01-01T16:00:00Z,,63,16.0,80.0,20.0,84.0,18.0,82.0,100.0,-99.0,sell_both,10000.0,9900.0,99.0,573.5714285714286,4.0,0.0
KXNEXTTEAMTYREEK-26-NOTEAM,What will be Tyreek Hill's next team?,KXNEXTTEAMTYREEK-26,,,2026-01-01T04:59:00Z,,63,89.0,5.0,95.0,11.0,92.0,8.0,100.0,-99.0,sell_both,10000.0,9900.0,99.0,573.5714285714286,6.0,0.0
KXLEADEROUT-26-PSUB,Prabowo Subianto out this year?,KXLEADEROUT-26,,,2026-01-01T15:00:00Z,,63,2.0,95.0,5.0,98.0,3.5,96.5,100.0,-99.0,sell_both,10000.0,9900.0,99.0,573.5714285714286,3.0,0.0
KXLEADEROUT-26-NMAD,Nicolás Maduro out this year?,KXLEADEROUT-26,,,2026-01-01T15:00:00Z,,63,26.0,73.0,27.0,74.0,26.5,73.5,100.0,-99.0,sell_both,10000.0,9900.0,99.0,573.5714285714286,1.0,0.0
KXMUSKPACKAGEVOTE-26JAN01,Will Tesla shareholders approve Elon Musk's new compensation package at the next annual shareholder meeting?,KXMUSKPACKAGEVOTE-26JAN01,,,2026-01-01T04:59:00Z,,63,90.0,9.0,91.0,10.0,90.5,9.5,100.0,-99.0,sell_both,10000.0,9900.0,99.0,573.5714285714286,1.0,0.0
KXGOVSHUTLENGTH-26JAN01-35D,Will the federal government shut down for more than 35 days?,KXGOVSHUTLENGTH-26JAN01,,,2026-01-01T15:00:00Z,,63,84.0,15.0,85.0,16.0,84.5,15.5,100.0,-99.0,sell_both,10000.0,9900.0,99.0,573.5714285714286,1.0,0.04743416490252569
KXEPSTEINBILL-26JAN01,House passes bill to release Epstein files this year?,KXEPSTEINBILL-26JAN01,,,2026-01-01T05:00:00Z,,63,45.0,54.0,46.0,55.0,45.5,54.5,100.0,-99.0,sell_both,10000.0,9900.0,99.0,573.5714285714286,1.0,0.0
KXBTCMAXY-25-DEC31-224999.99,How high will Bitcoin get this year?,KXBTCMAXY-25,,,2026-01-01T04:59:00Z,,63,4.0,95.0,5.0,96.0,4.5,95.5,100.0,-99.0,sell_both,10000.0,9900.0,99.0,573.5714285714286,1.0,0.05916079783099616
KXBTCMAXY-25-DEC31-189999.99,How high will Bitcoin get this year?,KXBTCMAXY-25,,,2026-01-01T04:59:00Z,,63,6.0,93.0,7.0,94.0,6.5,93.5,100.0,-99.0,sell_both,10000.0,9900.0,99.0,573.5714285714286,1.0,0.0
KXBTCMAXY-25-DEC31-169999.99,How high will Bitcoin get this year?,KXBTCMAXY-25,,,2026-01-01T04:59:00Z,,63,8.0,91.0,9.0,92.0,8.5,91.5,100.0,-99.0,sell_both,10000.0,9900.0,99.0,573.5714285714286,1.0,0.0
KXBTCMAXY-25-DEC31-139999.99,How high will Bitcoin get this year?,KXBTCMAXY-25,,,2026-01-01T04:59:00Z,,63,26.0,73.0,27.0,74.0,26.5,73.5,100.0,-99.0,sell_both,10000.0,9900.0,99.0,573.5714285714286,1.0,0.0
KXBTCMAXY-25-DEC31-129999.99,How high will Bitcoin get this year?,KXBTCMAXY-25,,,2026-01-01T04:59:00Z,,63,42.0,56.0,44.0,58.0,43.0,57.0,100.0,-99.0,sell_both,10000.0,9900.0,99.0,573.5714285714286,2.0,0.13133925536563698
KXEPSTEINLIST-26-THANKS,Who will be named in Epstein documents released in 2025?,KXEPSTEINLIST-26,,,2026-01-01T04:59:00Z,,63,3.0,73.0,27.0,97.0,15.0,85.0,100.0,-99.0,sell_both,10000.0,9900.0,99.0,573.5714285714286,24.0,0.0
KXEPSTEINLIST-26-MSTEW,Who will be named in Epstein documents released in 2025?,KXEPSTEINLIST-26,,,2026-01-01T04:59:00Z,,63,1.0,80.0,20.0,99.0,10.5,89.5,100.0,-99.0,sell_both,10000.0,9900.0,99.0,573.5714285714286,19.0,0.0
KXEPSTEINLIST-26-JKIM,Who will be named in Epstein documents released in 2025?,KXEPSTEINLIST-26,,,2026-01-01T04:59:00Z,,63,2.0,90.0,10.0,98.0,6.0,94.0,100.0,-99.0,sell_both,10000.0,9900.0,99.0,573.5714285714286,8.0,0.0
KXEPSTEINLIST-26-DLAM,Who will be named in Epstein documents released in 2025?,KXEPSTEINLIST-26,,,2026-01-01T04:59:00Z,,63,2.0,80.0,20.0,98.0,11.0,89.0,100.0,-99.0,sell_both,10000.0,9900.0,99.0,573.5714285714286,18.0,0.0
KXFTACOUNTRIES-26-INDO,"Will Trump make a new  before Jan 1, 2026?",KXFTACOUNTRIES-26,,,2026-01-01T15:00:00Z,,63,5.0,94.0,6.0,95.0,5.5,94.5,100.0,-99.0,sell_both,10000.0,9900.0,99.0,573.5714285714286,1.0,0.0
KXFTACOUNTRIES-26-CAM,"Will Trump make a new  before Jan 1, 2026?",KXFTACOUNTRIES-26,,,2026-01-01T15:00:00Z,,63,7.0,92.0,8.0,93.0,7.5,92.5,100.0,-99.0,sell_both,10000.0,9900.0,99.0,573.5714285714286,1.0,0.03872983346207417
KXIPO-25-VANTA,Who will IPO in 2025?,KXIPO-25,,,2026-01-01T04:59:00Z,,63,5.0,93.0,7.0,95.0,6.0,94.0,100.0,-99.0,sell_both,10000.0,9900.0,99.0,573.5714285714286,2.0,0.0
KXIPO-25-RIP,Who will IPO in 2025?,KXIPO-25,,,2026-01-01T04:59:00Z,,63,16.0,82.0,18.0,84.0,17.0,83.0,100.0,-99.0,sell_both,10000.0,9900.0,99.0,573.5714285714286,2.0,0.0
KXIPO-25-REMOTE,Who will IPO in 2025?,KXIPO-25,,,2026-01-01T04:59:00Z,,63,3.0,96.0,4.0,97.0,3.5,96.5,100.0,-99.0,sell_both,10000.0,9900.0,99.0,573.5714285714286,1.0,0.0
KXIPO-25-MISTRAL,Who will IPO in 2025?,KXIPO-25,,,2026-01-01T04:59:00Z,,63,2.0,94.0,6.0,98.0,4.0,96.0,100.0,-99.0,sell_both,10000.0,9900.0,99.0,573.5714285714286,4.0,0.0
KXIPO-25-DEEL,Who will IPO in 2025?,KXIPO-25,,,2026-01-01T04:59:00Z,,63,3.0,96.0,4.0,97.0,3.5,96.5,100.0,-99.0,sell_both,10000.0,9900.0,99.0,573.5714285714286,1.0,0.0
KXIPO-25-CELONIS,Who will IPO in 2025?,KXIPO-25,,,2026-01-01T04:59:00Z,,63,3.0,96.0,4.0,97.0,3.5,96.5,100.0,-99.0,sell_both,10000.0,9900.0,99.0,573.5714285714286,1.0,0.0
KXLEAVEADMIN-26-KPAT,Will Kash Patel leave the Trump Administration this year?,KXLEAVEADMIN-26,,,2026-01-01T15:00:00Z,,63,14.0,85.0,15.0,86.0,14.5,85.5,100.0,-99.0,sell_both,10000.0,9900.0,99.0,573.5714285714286,1.0,0.12549900398011132
KXLEAVEADMIN-26-DBON,Will Dan Bongino leave the Trump Administration this year?,KXLEAVEADMIN-26,,,2026-01-01T15:00:00Z,,63,21.0,78.0,22.0,79.0,21.5,78.5,100.0,-99.0,sell_both,10000.0,9900.0,99.0,573.5714285714286,1.0,0.1665833124895768
KXMEASLES-2531-1700,Will there be more than 1700 measles cases in 2025?,KXMEASLES-2531,,,2026-01-01T04:59:00Z,,63,95.0,2.0,98.0,5.0,96.5,3.5,100.0,-99.0,sell_both,10000.0,9900.0,99.0,573.5714285714286,3.0,0.0
KXBTCVSGOLD-25,Will gold outperform Bitcoin in 2025?,KXBTCVSGOLD-25,,,2026-01-01T04:59:00Z,,63,74.0,24.0,76.0,26.0,75.0,25.0,100.0,-99.0,sell_both,10000.0,9900.0,99.0,573.5714285714286,2.0,0.0
KXACQUANNOUNCETIKTOK-25-ANY,Will Any Company acquire Tiktok in 2025?,KXACQUANNOUNCETIKTOK-25,,,2026-01-01T04:59:00Z,,63,59.0,40.0,60.0,41.0,59.5,40.5,100.0,-99.0,sell_both,10000.0,9900.0,99.0,573.5714285714286,1.0,0.0
KXLEADEROUT-26-XJI,Xi Jinping out this year?,KXLEADEROUT-26,,,2026-01-01T15:00:00Z,,63,2.0,97.0,3.0,98.0,2.5,97.5,100.0,-99.0,sell_both,10000.0,9900.0,99.0,573.5714285714286,1.0,0.0
KXLEADEROUT-26-VZEL,Volodymyr Zelenskyy out this year?,KXLEADEROUT-26,,,2026-01-01T15:00:00Z,,63,4.0,95.0,5.0,96.0,4.5,95.5,100.0,-99.0,sell_both,10000.0,9900.0,99.0,573.5714285714286,1.0,0.0
KXLEADEROUT-26-VPU,Vladimir Putin out this year?,KXLEADEROUT-26,,,2026-01-01T15:00:00Z,,63,4.0,95.0,5.0,96.0,4.5,95.5,100.0,-99.0,sell_both,10000.0,9900.0,99.0,573.5714285714286,1.0,0.0
KXLEADEROUT-26-UVO,Ursula von der Leyen out this year?,KXLEADEROUT-26,,,2026-01-01T15:00:00Z,,63,2.0,93.0,7.0,98.0,4.5,95.5,100.0,-99.0,sell_both,10000.0,9900.0,99.0,573.5714285714286,5.0,0.0
KXLEADEROUT-26-SSH,Shehbaz Sharif out this year?,KXLEADEROUT-26,,,2026-01-01T15:00:00Z,,63,2.0,93.0,7.0,98.0,4.5,95.5,100.0,-99.0,sell_both,10000.0,9900.0,99.0,573.5714285714286,5.0,0.0
KXLEADEROUT-26-PSA,Pedro Sanchez out this year?,KXLEADEROUT-26,,,2026-01-01T15:00:00Z,,63,7.0,87.0,13.0,93.0,10.0,90.0,100.0,-99.0,sell_both,10000.0,9900.0,99.0,573.5714285714286,6.0,0.0
KXLEADEROUT-26-NMO,Narendra Modi out this year?,KXLEADEROUT-26,,,2026-01-01T15:00:00Z,,63,1.0,96.0,4.0,99.0,2.5,97.5,100.0,-99.0,sell_both,10000.0,9900.0,99.0,573.5714285714286,3.0,0.0
KXLEADEROUT-26-KST,Keir Starmer out this year?,KXLEADEROUT-26,,,2026-01-01T15:00:00Z,,63,5.0,89.0,11.0,95.0,8.0,92.0,100.0,-99.0,sell_both,10000.0,9900.0,99.0,573.5714285714286,6.0,0.0
KXLEADEROUT-26-KJO,Kim Jong Un out this year?,KXLEADEROUT-26,,,2026-01-01T15:00:00Z,,63,1.0,96.0,4.0,99.0,2.5,97.5,100.0,-99.0,sell_both,10000.0,9900.0,99.0,573.5714285714286,3.0,0.0
KXLEADEROUT-26-BNE,Benjamin Netanyahu out this year?,KXLEADEROUT-26,,,2026-01-01T15:00:00Z,,63,6.0,91.0,9.0,94.0,7.5,92.5,100.0,-99.0,sell_both,10000.0,9900.0,99.0,573.5714285714286,3.0,0.0
KXCLAUDE5-26,Will Anthropic release Claude 5 before Jan 2026?,KXCLAUDE5-26,,,2026-01-01T15:00:00Z,,63,12.0,83.0,17.0,88.0,14.5,85.5,100.0,-99.0,sell_both,10000.0,9900.0,99.0,573.5714285714286,5.0,0.0
KXIPO-25-XAI,Who will IPO in 2025?,KXIPO-25,,,2026-01-01T04:59:00Z,,63,1.0,98.0,2.0,99.0,1.5,98.5,100.0,-99.0,sell_both,10000.0,9900.0,99.0,573.5714285714286,1.0,0.0
KXIPO-25-STRIPE,Who will IPO in 2025?,KXIPO-25,,,2026-01-01T04:59:00Z,,63,4.0,94.0,6.0,96.0,5.0,95.0,100.0,-99.0,sell_both,10000.0,9900.0,99.0,573.5714285714286,2.0,0.0
KXIPO-25-SPACEX,Who will IPO in 2025?,KXIPO-25,,,2026-01-01T04:59:00Z,,63,2.0,94.0,6.0,98.0,4.0,96.0,100.0,-99.0,sell_both,10000.0,9900.0,99.0,573.5714285714286,4.0,0.0
KXIPO-25-RIPPLING,Who will IPO in 2025?,KXIPO-25,,,2026-01-01T04:59:00Z,,63,2.0,94.0,6.0,98.0,4.0,96.0,100.0,-99.0,sell_both,10000.0,9900.0,99.0,573.5714285714286,4.0,0.0
KXIPO-25-RAMP,Who will IPO in 2025?,KXIPO-25,,,2026-01-01T04:59:00Z,,63,4.0,95.0,5.0,96.0,4.5,95.5,100.0,-99.0,sell_both,10000.0,9900.0,99.0,573.5714285714286,1.0,0.0
KXIPO-25-OPENAI,Who will IPO in 2025?,KXIPO-25,,,2026-01-01T04:59:00Z,,63,3.0,95.0,5.0,97.0,4.0,96.0,100.0,-99.0,sell_both,10000.0,9900.0,99.0,573.5714285714286,2.0,0.0
KXIPO-25-GLEAN,Who will IPO in 2025?,KXIPO-25,,,2026-01-01T04:59:00Z,,63,2.0,95.0,5.0,98.0,3.5,96.5,100.0,-99.0,sell_both,10000.0,9900.0,99.0,573.5714285714286,3.0,0.0
KXIPO-25-DISCORD,Who will IPO in 2025?,KXIPO-25,,,2026-01-01T04:59:00Z,,63,42.0,54.0,46.0,58.0,44.0,56.0,100.0,-99.0,sell_both,10000.0,9900.0,99.0,573.5714285714286,4.0,0.027386127875258306
KXIPO-25-DATABRICKS,Who will IPO in 2025?,KXIPO-25,,,2026-01-01T04:59:00Z,,63,3.0,96.0,4.0,97.0,3.5,96.5,100.0,-99.0,sell_both,10000.0,9900.0,99.0,573.5714285714286,1.0,0.0
KXIPO-25-CEREBRAS,Who will IPO in 2025?,KXIPO-25,,,2026-01-01T04:59:00Z,,63,3.0,91.0,9.0,97.0,6.0,94.0,100.0,-99.0,sell_both,10000.0,9900.0,99.0,573.5714285714286,6.0,0.0
KXIPO-25-BREX,Who will IPO in 2025?,KXIPO-25,,,2026-01-01T04:59:00Z,,63,4.0,93.0,7.0,96.0,5.5,94.5,100.0,-99.0,sell_both,10000.0,9900.0,99.0,573.5714285714286,3.0,0.0
KXIPO-25-ANYSPHERE,Who will IPO in 2025?,KXIPO-25,,,2026-01-01T04:59:00Z,,63,3.0,95.0,5.0,97.0,4.0,96.0,100.0,-99.0,sell_both,10000.0,9900.0,99.0,573.5714285714286,2.0,0.0
KXIPO-25-ANDURIL,Who will IPO in 2025?,KXIPO-25,,,2026-01-01T04:59:00Z,,63,3.0,95.0,5.0,97.0,4.0,96.0,100.0,-99.0,sell_both,10000.0,9900.0,99.0,573.5714285714286,2.0,0.015811388300841896
KXIPO-25-AINTUITION,Who will IPO in 2025?,KXIPO-25,,,2026-01-01T04:59:00Z,,63,3.0,92.0,8.0,97.0,5.5,94.5,100.0,-99.0,sell_both,10000.0,9900.0,99.0,573.5714285714286,5.0,0.0
KXIPODISCORD-26JAN01,When will Discord IPO?,KXIPODISCORD,,,2026-01-01T04:59:00Z,,63,50.0,40.0,60.0,50.0,55.0,45.0,100.0,-99.0,sell_both,10000.0,9900.0,99.0,573.5714285714286,10.0,0.0
KXIPOOPENAI-26JAN01,When will OpenAI IPO?,KXIPOOPENAI,,,2026-01-01T04:59:00Z,,63,2.0,88.0,12.0,98.0,7.0,93.0,100.0,-99.0,sell_both,10000.0,9900.0,99.0,573.5714285714286,10.0,0.0
KXEPSTEINLIST-26-SHAW,Who will be named in Epstein documents released in 2025?,KXEPSTEINLIST-26,,,2026-01-01T04:59:00Z,,63,21.0,65.0,35.0,79.0,28.0,72.0,100.0,-99.0,sell_both,10000.0,9900.0,99.0,573.5714285714286,14.0,0.0
KXEPSTEINLIST-26-OWIN,Who will be named in Epstein documents released in 2025?,KXEPSTEINLIST-26,,,2026-01-01T04:59:00Z,,63,4.0,90.0,10.0,96.0,7.0,93.0,100.0,-99.0,sell_both,10000.0,9900.0,99.0,573.5714285714286,6.0,0.0
KXEPSTEINLIST-26-JZ,Who will be named in Epstein documents released in 2025?,KXEPSTEINLIST-26,,,2026-01-01T04:59:00Z,,63,7.0,87.0,13.0,93.0,10.0,90.0,100.0,-99.0,sell_both,10000.0,9900.0,99.0,573.5714285714286,6.0,0.0
KXEPSTEINLIST-26-JBID,Who will be named in Epstein documents released in 2025?,KXEPSTEINLIST-26,,,2026-01-01T04:59:00Z,,63,28.0,70.0,30.0,72.0,29.0,71.0,100.0,-99.0,sell_both,10000.0,9900.0,99.0,573.5714285714286,2.0,0.0
KXEPSTEINLIST-26-HKIS,Who will be named in Epstein documents released in 2025?,KXEPSTEINLIST-26,,,2026-01-01T04:59:00Z,,63,7.0,70.0,30.0,93.0,18.5,81.5,100.0,-99.0,sell_both,10000.0,9900.0,99.0,573.5714285714286,23.0,0.0
KXEPSTEINLIST-26-BOBA,Who will be named in Epstein documents released in 2025?,KXEPSTEINLIST-26,,,2026-01-01T04:59:00Z,,63,28.0,71.0,29.0,72.0,28.5,71.5,100.0,-99.0,sell_both,10000.0,9900.0,99.0,573.5714285714286,1.0,0.0
KXACAEXT-26JAN-ACA,"Will legislation extending enhanced ACA premium tax credits becomes law before Jan 1, 2026?",KXACAEXT-26JAN,,,2026-01-01T15:00:00Z,,63,65.0,32.0,68.0,35.0,66.5,33.5,100.0,-99.0,sell_both,10000.0,9900.0,99.0,573.5714285714286,3.0,0.0
KXNINTENDOZELDA-26,When will Nintendo release a mainline Legend of Zelda game to the public?,KXNINTENDOZELDA-26,,,2026-01-01T04:59:00Z,,63,58.0,41.0,59.0,42.0,58.5,41.5,100.0,-99.0,sell_both,10000.0,9900.0,99.0,573.5714285714286,1.0,1.35
KXGAMBLINGREPEAL-26JAN-GAMBLE,"Will a bill that removes/changes the gambling tax provision that OBBB becomes law before Jan 1, 2026?",KXGAMBLINGREPEAL-26JAN,,,2026-01-01T15:00:00Z,,63,21.0,78.0,22.0,79.0,21.5,78.5,100.0,-99.0,sell_both,10000.0,9900.0,99.0,573.5714285714286,1.0,1.846009209077788
KXINTERSTELLAR-25,Will a new interstellar visitor be confirmed in 2025?,KXINTERSTELLAR-25,,,2026-01-01T04:59:00Z,,63,12.0,84.0,16.0,88.0,14.0,86.0,100.0,-99.0,sell_both,10000.0,9900.0,99.0,573.5714285714286,4.0,2.215908391608281
KXARRESTMAMDANI-26JAN,Will Zohran Mamdani be arrested before Jan 2026?,KXARRESTMAMDANI-26JAN,,,2026-01-01T04:59:00Z,,63,5.0,93.0,7.0,95.0,6.0,94.0,100.0,-99.0,sell_both,10000.0,9900.0,99.0,573.5714285714286,2.0,2.6098850549401598
KXDEPORTMAMDANI-25,Will Zohran Mamdani be deported in 2025?,KXDEPORTMAMDANI-25,,,2026-01-01T04:59:00Z,,63,74.0,25.0,75.0,26.0,74.5,25.5,100.0,-99.0,sell_both,10000.0,9900.0,99.0,573.5714285714286,1.0,1.49507524894234
KXJOINOPENAI-26JAN-JCLA,Will Jack Clark join OpenAI before Jan 2026?,KXJOINOPENAI-26JAN,,,2026-01-01T04:59:00Z,,63,90.0,99.0,1.0,10.0,45.5,54.5,100.0,-99.0,sell_both,10000.0,9900.0,99.0,573.5714285714286,-89.0,4456.764015306056
KXJOINOPENAI-26JAN-AWAN,Will Alexandr Wang join OpenAI before Jan 2026?,KXJOINOPENAI-26JAN,,,2026-01-01T04:59:00Z,,63,99.0,64.0,36.0,1.0,67.5,32.5,100.0,-99.0,sell_both,10000.0,9900.0,99.0,573.5714285714286,-63.0,3156.8857359306116
KXPIPELINECEASETURKBLUE-25,Will either the TurkStream or Blue Stream pipeline cease pumping gas at any point in 2025?,KXPIPELINECEASETURKBLUE-25,,,2026-01-01T04:59:00Z,,63,59.0,40.0,60.0,41.0,59.5,40.5,100.0,-99.0,sell_both,10000.0,9900.0,99.0,573.5714285714286,1.0,1.8354835875049387
KXBILLS-26-WARPOW,"Will H.Con.Res.38 - War Powers Resolution law before Jan 1, 2026?",KXBILLS-26,,,2026-01-01T15:00:00Z,,63,1.0,95.0,5.0,99.0,3.0,97.0,100.0,-99.0,sell_both,10000.0,9900.0,99.0,573.5714285714286,4.0,1.9608671551127579
KXBILLS-26-GENIUS,"Will S.394 - GENIUS Act law before Jan 1, 2026?",KXBILLS-26,,,2026-01-01T15:00:00Z,,63,2.0,94.0,6.0,98.0,4.0,96.0,100.0,-99.0,sell_both,10000.0,9900.0,99.0,573.5714285714286,4.0,1.7062385530751554
KXBILLS-26-CLARITY,"Will S.81 - Clarity Act law before Jan 1, 2026?",KXBILLS-26,,,2026-01-01T15:00:00Z,,63,3.0,90.0,10.0,97.0,6.5,93.5,100.0,-99.0,sell_both,10000.0,9900.0,99.0,573.5714285714286,7.0,1.8892458812976145
KXGEMINI3-26,Will Google release Gemini 3.0 before Jan 2026?,KXGEMINI3-26,,,2026-01-01T15:00:00Z,,63,89.0,8.0,92.0,11.0,90.5,9.5,100.0,-99.0,sell_both,10000.0,9900.0,99.0,573.5714285714286,3.0,2.2723886111314675
KXEARTHQUAKECALIFORNIA-26,Will there be an at least 8.0 magnitude earthquake in the state of California before 2026?,KXEARTHQUAKECALIFORNIA-26,,,2026-01-01T04:59:00Z,,63,5.0,94.0,6.0,95.0,5.5,94.5,100.0,-99.0,sell_both,10000.0,9900.0,99.0,573.5714285714286,1.0,1.498999666444259
KXPARTYLEADEROUT-25-GWIL,Which party leaders will be out this year?,KXPARTYLEADEROUT-25,,,2026-01-01T15:00:00Z,,63,11.0,88.0,12.0,89.0,11.5,88.5,100.0,-99.0,sell_both,10000.0,9900.0,99.0,573.5714285714286,1.0,1.6301840386901107
KXBOEINGCEOCHANGE-25,New Boeing CEO in 2025?,KXBOEINGCEOCHANGE-25,,,2026-01-01T04:59:00Z,,63,6.0,87.0,13.0,94.0,9.5,90.5,100.0,-99.0,sell_both,10000.0,9900.0,99.0,573.5714285714286,7.0,1.7665644624524746
KXMJSCHEDULE-26,When will marijuana be rescheduled?,KXMJSCHEDULE,,,2026-01-01T04:59:00Z,,63,12.0,84.0,16.0,88.0,14.0,86.0,100.0,-99.0,sell_both,10000.0,9900.0,99.0,573.5714285714286,4.0,1.9938655922604211
KXCALIDJT-26,Will United States District Court for the Northern District of California rule for Trump (that Trump's use of 10 U.S.C. § 12406 was lawful)?,KXCALIDJT-26,,,2026-01-01T04:59:00Z,,63,6.0,93.0,7.0,94.0,6.5,93.5,100.0,-99.0,sell_both,10000.0,9900.0,99.0,573.5714285714286,1.0,2.244159085270026
KXCOACHOUTNBA-0-26-ORL,Which pro men's basketball coachces will be out before 2026?,KXCOACHOUTNBA-0,,,2026-01-01T04:59:00Z,,63,1.0,7.0,93.0,99.0,47.0,53.0,100.0,-99.0,sell_both,10000.0,9900.0,99.0,573.5714285714286,92.0,1.45275600153639
KXCOACHOUTNBA-0-26-DAL,Which pro men's basketball coachces will be out before 2026?,KXCOACHOUTNBA-0,,,2026-01-01T04:59:00Z,,63,14.0,7.0,93.0,86.0,53.5,46.5,100.0,-99.0,sell_both,10000.0,9900.0,99.0,573.5714285714286,79.0,2.1789332252274276
KXCOACHOUTNBA-0-26-MIL,Which pro men's basketball coachces will be out before 2026?,KXCOACHOUTNBA-0,,,2026-01-01T04:59:00Z,,63,10.0,80.0,20.0,90.0,15.0,85.0,100.0,-99.0,sell_both,10000.0,9900.0,99.0,573.5714285714286,10.0,1.933714042975331
KXCOACHOUTNBA-0-26-DEN,Which pro men's basketball coachces will be out before 2026?,KXCOACHOUTNBA-0,,,2026-01-01T04:59:00Z,,63,8.0,7.0,93.0,92.0,50.5,49.5,100.0,-99.0,sell_both,10000.0,9900.0,99.0,573.5714285714286,85.0,1.9917329138215294
KXCOACHOUTNBA-0-26-CLE,Which pro men's basketball coachces will be out before 2026?,KXCOACHOUTNBA-0,,,2026-01-01T04:59:00Z,,63,5.0,7.0,93.0,95.0,49.0,51.0,100.0,-99.0,sell_both,10000.0,9900.0,99.0,573.5714285714286,88.0,2.022065775389119
KXCOACHOUTNBA-0-26-PHI,Which pro men's basketball coachces will be out before 2026?,KXCOACHOUTNBA-0,,,2026-01-01T04:59:00Z,,63,1.0,9.0,91.0,99.0,46.0,54.0,100.0,-99.0,sell_both,10000.0,9900.0,99.0,573.5714285714286,90.0,2.134068883611773
KXDJTUNFOLLOWMUSK-25,Will Trump unfollow Elon in 2025?,KXDJTUNFOLLOWMUSK-25,,,2026-01-01T04:59:00Z,,63,5.0,94.0,6.0,95.0,5.5,94.5,100.0,-99.0,sell_both,10000.0,9900.0,99.0,573.5714285714286,1.0,2.2104863718195595
KXIMPOUNDAUTH-25-DEC31,Will presidential impoundment authority be expanded by the Supreme Court or by law this year?,KXIMPOUNDAUTH-25,,,2026-01-01T04:59:00Z,,63,99.0,94.0,6.0,1.0,52.5,47.5,100.0,-99.0,sell_both,10000.0,9900.0,99.0,573.5714285714286,-93.0,4656.58185018254
KXMUSKUNFOLLOWDJT-25,Will Elon unfollow Trump in 2025?,KXMUSKUNFOLLOWDJT-25,,,2026-01-01T04:59:00Z,,63,6.0,92.0,8.0,94.0,7.0,93.0,100.0,-99.0,sell_both,10000.0,9900.0,99.0,573.5714285714286,2.0,1.9838724757403132
KXCODINGMODEL-26JAN-XAI,"Which AI company will have the best coding model on Jan 1, 2026?",KXCODINGMODEL-26JAN,,,2026-01-01T15:00:00Z,,63,4.0,88.0,12.0,96.0,8.0,92.0,100.0,-99.0,sell_both,10000.0,9900.0,99.0,573.5714285714286,8.0,1.8481747752850648
KXCODINGMODEL-26JAN-GOOG,"Which AI company will have the best coding model on Jan 1, 2026?",KXCODINGMODEL-26JAN,,,2026-01-01T15:00:00Z,,63,7.0,87.0,13.0,93.0,10.0,90.0,100.0,-99.0,sell_both,10000.0,9900.0,99.0,573.5714285714286,6.0,1.500916386745111
KXCODINGMODEL-26JAN-ANTH,"Which AI company will have the best coding model on Jan 1, 2026?",KXCODINGMODEL-26JAN,,,2026-01-01T15:00:00Z,,63,63.0,31.0,69.0,37.0,66.0,34.0,100.0,-99.0,sell_both,10000.0,9900.0,99.0,573.5714285714286,6.0,1.6797321215003302
KXCODINGMODEL-26JAN-OPEN,"Which AI company will have the best coding model on Jan 1, 2026?",KXCODINGMODEL-26JAN,,,2026-01-01T15:00:00Z,,63,23.0,74.0,26.0,77.0,24.5,75.5,100.0,-99.0,sell_both,10000.0,9900.0,99.0,573.5714285714286,3.0,2.1629262585673144
KXFETTERMANSWITCH-26JAN,Will John Fetterman leave the Democrats?,KXFETTERMANSWITCH-26JAN,,,2026-01-01T15:00:00Z,,63,8.0,89.0,11.0,92.0,9.5,90.5,100.0,-99.0,sell_both,10000.0,9900.0,99.0,573.5714285714286,3.0,2.1222629431811693
KXAIRLINEZYN-26JAN-SOUTHWEST,What airline will be the first to sell zyn on their flights?,KXAIRLINEZYN-26JAN,,,2026-01-01T04:59:00Z,,63,77.0,20.0,80.0,23.0,78.5,21.5,100.0,-99.0,sell_both,10000.0,9900.0,99.0,573.5714285714286,3.0,1.748070364716478
KXCREDITRATING-25DEC31B,"Will the U.S. credit rating be downgraded by December 31, 2025?",KXCREDITRATING-25DEC31B,,,2026-01-01T04:59:00Z,,63,12.0,83.0,17.0,88.0,14.5,85.5,100.0,-99.0,sell_both,10000.0,9900.0,99.0,573.5714285714286,5.0,1.9844394674567425
KXEPSTEIN-26,"Will Trump release any documents about Epstein's associates before Jan 1, 2026?",KXEPSTEIN-26,,,2026-01-01T15:00:00Z,,63,17.0,82.0,18.0,83.0,17.5,82.5,100.0,-99.0,sell_both,10000.0,9900.0,99.0,573.5714285714286,1.0,2.369968354219102
KXFTACOUNTRIES-26-BR,"Will Trump make a new  before Jan 1, 2026?",KXFTACOUNTRIES-26,,,2026-01-01T15:00:00Z,,63,2.0,94.0,6.0,98.0,4.0,96.0,100.0,-99.0,sell_both,10000.0,9900.0,99.0,573.5714285714286,4.0,2.0949940334043915
KXFTACOUNTRIES-26-VN,"Will Trump make a new  before Jan 1, 2026?",KXFTACOUNTRIES-26,,,2026-01-01T15:00:00Z,,63,5.0,94.0,6.0,95.0,5.5,94.5,100.0,-99.0,sell_both,10000.0,9900.0,99.0,573.5714285714286,1.0,1.9826749607537792
KXFTACOUNTRIES-26-MX,"Will Trump make a new  before Jan 1, 2026?",KXFTACOUNTRIES-26,,,2026-01-01T15:00:00Z,,63,5.0,94.0,6.0,95.0,5.5,94.5,100.0,-99.0,sell_both,10000.0,9900.0,99.0,573.5714285714286,1.0,2.266274475874447
KXFTACOUNTRIES-26-KR,"Will Trump make a new  before Jan 1, 2026?",KXFTACOUNTRIES-26,,,2026-01-01T15:00:00Z,,63,15.0,84.0,16.0,85.0,15.5,84.5,100.0,-99.0,sell_both,10000.0,9900.0,99.0,573.5714285714286,1.0,2.49304031255012
KXFTACOUNTRIES-26-JP,"Will Trump make a new  before Jan 1, 2026?",KXFTACOUNTRIES-26,,,2026-01-01T15:00:00Z,,63,9.0,90.0,10.0,91.0,9.5,90.5,100.0,-99.0,sell_both,10000.0,9900.0,99.0,573.5714285714286,1.0,2.1713475078853683
KXFTACOUNTRIES-26-IN,"Will Trump make a new  before Jan 1, 2026?",KXFTACOUNTRIES-26,,,2026-01-01T15:00:00Z,,63,9.0,88.0,12.0,91.0,10.5,89.5,100.0,-99.0,sell_both,10000.0,9900.0,99.0,573.5714285714286,3.0,1.7077763319591943
KXFTACOUNTRIES-26-IL,"Will Trump make a new  before Jan 1, 2026?",KXFTACOUNTRIES-26,,,2026-01-01T15:00:00Z,,63,5.0,94.0,6.0,95.0,5.5,94.5,100.0,-99.0,sell_both,10000.0,9900.0,99.0,573.5714285714286,1.0,1.7954108164985527
KXFTACOUNTRIES-26-EU,"Will Trump make a new  before Jan 1, 2026?",KXFTACOUNTRIES-26,,,2026-01-01T15:00:00Z,,63,4.0,95.0,5.0,96.0,4.5,95.5,100.0,-99.0,sell_both,10000.0,9900.0,99.0,573.5714285714286,1.0,1.9865799757371965
KXFTACOUNTRIES-26-CA,"Will Trump make a new  before Jan 1, 2026?",KXFTACOUNTRIES-26,,,2026-01-01T15:00:00Z,,63,3.0,94.0,6.0,97.0,4.5,95.5,100.0,-99.0,sell_both,10000.0,9900.0,99.0,573.5714285714286,3.0,2.0685139593437603
KXFTACOUNTRIES-26-AU,"Will Trump make a new  before Jan 1, 2026?",KXFTACOUNTRIES-26,,,2026-01-01T15:00:00Z,,63,5.0,94.0,6.0,95.0,5.5,94.5,100.0,-99.0,sell_both,10000.0,9900.0,99.0,573.5714285714286,1.0,2.149418526020468
KXFTACOUNTRIES-26-AR,"Will Trump make a new  before Jan 1, 2026?",KXFTACOUNTRIES-26,,,2026-01-01T15:00:00Z,,63,8.0,90.0,10.0,92.0,9.0,91.0,100.0,-99.0,sell_both,10000.0,9900.0,99.0,573.5714285714286,2.0,2.110923968313402
KXFTACOUNTRIES-26-GB,"Will Trump make a new  before Jan 1, 2026?",KXFTACOUNTRIES-26,,,2026-01-01T15:00:00Z,,63,5.0,94.0,6.0,95.0,5.5,94.5,100.0,-99.0,sell_both,10000.0,9900.0,99.0,573.5714285714286,1.0,1.9153981309377954
KXMEASLES-2531-2500,Will there be more than 2500 measles cases in 2025?,KXMEASLES-2531,,,2026-01-01T04:59:00Z,,63,6.0,93.0,7.0,94.0,6.5,93.5,100.0,-99.0,sell_both,10000.0,9900.0,99.0,573.5714285714286,1.0,2.0030601588569423
KXCEOMETA-25,Will the CEO of Meta Platforms Inc leave in 2025?,KXCEOMETA-25,,,2026-01-01T04:59:00Z,,63,19.0,80.0,20.0,81.0,19.5,80.5,100.0,-99.0,sell_both,10000.0,9900.0,99.0,573.5714285714286,1.0,1.9912935494296164
KXLEAVEADMIN-26-JGRE,Will Jamieson Greer leave the Trump Administration this year?,KXLEAVEADMIN-26,,,2026-01-01T15:00:00Z,,63,1.0,96.0,4.0,99.0,2.5,97.5,100.0,-99.0,sell_both,10000.0,9900.0,99.0,573.5714285714286,3.0,2.107368026710095
KXLEAVEADMIN-26-PNAV,Will Peter Navarro leave the Trump Administration this year?,KXLEAVEADMIN-26,,,2026-01-01T15:00:00Z,,63,5.0,92.0,8.0,95.0,6.5,93.5,100.0,-99.0,sell_both,10000.0,9900.0,99.0,573.5714285714286,3.0,2.3103571152529643
KXLEAVEADMIN-26-HLUT,Will Howard Lutnick leave the Trump Administration this year?,KXLEAVEADMIN-26,,,2026-01-01T15:00:00Z,,63,6.0,92.0,8.0,94.0,7.0,93.0,100.0,-99.0,sell_both,10000.0,9900.0,99.0,573.5714285714286,2.0,2.2647847579847404
KXMEASLES-2531-7000,Will there be more than 7000 measles cases in 2025?,KXMEASLES-2531,,,2026-01-01T04:59:00Z,,63,1.0,96.0,4.0,99.0,2.5,97.5,100.0,-99.0,sell_both,10000.0,9900.0,99.0,573.5714285714286,3.0,1.9798989873223332
KXDOTMINY-25-3.5,How low will Polkadot get this year?,KXDOTMINY-25,,,2026-01-01T15:00:00Z,,63,92.0,7.0,93.0,8.0,92.5,7.5,100.0,-99.0,sell_both,10000.0,9900.0,99.0,573.5714285714286,1.0,1.9047309521294602
KXSHIBAMAXY-25-.000030,How high will Shiba Inu get this year?,KXSHIBAMAXY-25,,,2026-01-01T15:00:00Z,,63,10.0,8.0,92.0,90.0,51.0,49.0,100.0,-99.0,sell_both,10000.0,9900.0,99.0,573.5714285714286,82.0,2.055784521782378
KXSHIBAMAXY-25-.000025,How high will Shiba Inu get this year?,KXSHIBAMAXY-25,,,2026-01-01T15:00:00Z,,63,10.0,5.0,95.0,90.0,52.5,47.5,100.0,-99.0,sell_both,10000.0,9900.0,99.0,573.5714285714286,85.0,2.233327114419202
KXAISPIKE-26-1600,"Will any AI model have an elo of at least 1600 before Jan 1, 2026",KXAISPIKE-26,,,2026-01-01T15:00:00Z,,63,2.0,91.0,9.0,98.0,5.5,94.5,100.0,-99.0,sell_both,10000.0,9900.0,99.0,573.5714285714286,7.0,2.1475567512873788
KXAISPIKE-26-1550,"Will any AI model have an elo of at least 1550 before Jan 1, 2026",KXAISPIKE-26,,,2026-01-01T15:00:00Z,,63,10.0,89.0,11.0,90.0,10.5,89.5,100.0,-99.0,sell_both,10000.0,9900.0,99.0,573.5714285714286,1.0,1.7216271373325875
KXCLEANCR-26,Will the next government funding bill be a 'clean CR'?,KXCLEANCR-26,,,2026-01-01T15:00:00Z,,63,23.0,75.0,25.0,77.0,24.0,76.0,100.0,-99.0,sell_both,10000.0,9900.0,99.0,573.5714285714286,2.0,1.780379173097686
KXINXMAXY-26-7499.99,"Will the maximum SP500 value reach 7499.99 by Jan 1, 2026?",KXINXMAXY-26,,,2026-01-01T21:00:00Z,,63,15.0,80.0,20.0,85.0,17.5,82.5,100.0,-99.0,sell_both,10000.0,9900.0,99.0,573.5714285714286,5.0,2.227105745132009
KXINXMAXY-26-6999.99,"Will the maximum SP500 value reach 6999.99 by Jan 1, 2026?",KXINXMAXY-26,,,2026-01-01T21:00:00Z,,63,79.0,19.0,81.0,21.0,80.0,20.0,100.0,-99.0,sell_both,10000.0,9900.0,99.0,573.5714285714286,2.0,1.836232556077797
KXBTCRESERVESTATES-26-WY,What states will create crypto reserves this year?,KXBTCRESERVESTATES-26,,,2026-01-01T15:00:00Z,,63,78.0,20.0,80.0,22.0,79.0,21.0,100.0,-99.0,sell_both,10000.0,9900.0,99.0,573.5714285714286,2.0,1.5563579279844337
KXCRYPTOCAPGAIN-26-JAN01,"Will eliminating capital gains taxes for at least some digital assets become law before Jan 1, 2026?",KXCRYPTOCAPGAIN-26,,,2026-01-01T15:00:00Z,,63,4.0,95.0,5.0,96.0,4.5,95.5,100.0,-99.0,sell_both,10000.0,9900.0,99.0,573.5714285714286,1.0,2.045727254547878
KXLEAVEADMIN-26-RKEN,Will Robert F. Kennedy Jr. leave the Trump Administration this year?,KXLEAVEADMIN-26,,,2026-01-01T15:00:00Z,,63,7.0,90.0,10.0,93.0,8.5,91.5,100.0,-99.0,sell_both,10000.0,9900.0,99.0,573.5714285714286,3.0,2.196076046042122
KXLEAVEADMIN-26-LZEL,Will Lee Zeldin leave the Trump Administration this year?,KXLEAVEADMIN-26,,,2026-01-01T15:00:00Z,,63,3.0,96.0,4.0,97.0,3.5,96.5,100.0,-99.0,sell_both,10000.0,9900.0,99.0,573.5714285714286,1.0,1.9428715860807682
KXLEAVEADMIN-26-TGAB,Will Tulsi Gabbard leave the Trump Administration this year?,KXLEAVEADMIN-26,,,2026-01-01T15:00:00Z,,63,8.0,90.0,10.0,92.0,9.0,91.0,100.0,-99.0,sell_both,10000.0,9900.0,99.0,573.5714285714286,2.0,2.376920276323966
KXLEAVEADMIN-26-SBES,Will Scott Bessent leave the Trump Administration this year?,KXLEAVEADMIN-26,,,2026-01-01T15:00:00Z,,63,6.0,91.0,9.0,94.0,7.5,92.5,100.0,-99.0,sell_both,10000.0,9900.0,99.0,573.5714285714286,3.0,2.2311992291142446
KXLEAVEADMIN-26-PHEG,Will Pete Hegseth leave the Trump Administration this year?,KXLEAVEADMIN-26,,,2026-01-01T15:00:00Z,,63,8.0,91.0,9.0,92.0,8.5,91.5,100.0,-99.0,sell_both,10000.0,9900.0,99.0,573.5714285714286,1.0,2.037707044695091
KXLEAVEADMIN-26-PBON,Will Pam Bondi leave the Trump Administration this year?,KXLEAVEADMIN-26,,,2026-01-01T15:00:00Z,,63,9.0,88.0,12.0,91.0,10.5,89.5,100.0,-99.0,sell_both,10000.0,9900.0,99.0,573.5714285714286,3.0,2.0168663812954986
KXLEAVEADMIN-26-MRUB,Will Marco Rubio leave the Trump Administration this year?,KXLEAVEADMIN-26,,,2026-01-01T15:00:00Z,,63,2.0,94.0,6.0,98.0,4.0,96.0,100.0,-99.0,sell_both,10000.0,9900.0,99.0,573.5714285714286,4.0,2.366273441510934
KXLEAVEADMIN-26-KLEA,Will Karoline Leavitt leave the Trump Administration this year?,KXLEAVEADMIN-26,,,2026-01-01T15:00:00Z,,63,7.0,92.0,8.0,93.0,7.5,92.5,100.0,-99.0,sell_both,10000.0,9900.0,99.0,573.5714285714286,1.0,2.0514628926695213
KXMEASLES-2531-5000,Will there be more than 5000 measles cases in 2025?,KXMEASLES-2531,,,2026-01-01T04:59:00Z,,63,3.0,96.0,4.0,97.0,3.5,96.5,100.0,-99.0,sell_both,10000.0,9900.0,99.0,573.5714285714286,1.0,1.92067696398952
KXMEASLES-2531-4000,Will there be more than 4000 measles cases in 2025?,KXMEASLES-2531,,,2026-01-01T04:59:00Z,,63,4.0,95.0,5.0,96.0,4.5,95.5,100.0,-99.0,sell_both,10000.0,9900.0,99.0,573.5714285714286,1.0,2.323843798537242
KXMEASLES-2531-3000,Will there be more than 3000 measles cases in 2025?,KXMEASLES-2531,,,2026-01-01T04:59:00Z,,63,4.0,95.0,5.0,96.0,4.5,95.5,100.0,-99.0,sell_both,10000.0,9900.0,99.0,573.5714285714286,1.0,2.315599274485981
KXMEASLES-2531-10000,Will there be more than 10000 measles cases in 2025?,KXMEASLES-2531,,,2026-01-01T04:59:00Z,,63,3.0,96.0,4.0,97.0,3.5,96.5,100.0,-99.0,sell_both,10000.0,9900.0,99.0,573.5714285714286,1.0,1.8029836383062383
KXMEASLES-2531-2000,Will there be more than 2000 measles cases in 2025?,KXMEASLES-2531,,,2026-01-01T04:59:00Z,,63,18.0,79.0,21.0,82.0,19.5,80.5,100.0,-99.0,sell_both,10000.0,9900.0,99.0,573.5714285714286,3.0,1.939974226632921
KXBESTLLMCHINA-26,Will a Chinese AI model be #1 this year?,KXBESTLLMCHINA-26,,,2026-01-01T15:00:00Z,,63,11.0,86.0,14.0,89.0,12.5,87.5,100.0,-99.0,sell_both,10000.0,9900.0,99.0,573.5714285714286,3.0,1.9868316486305526
KXBTCMINY-25-DEC31-70000,How low will Bitcoin get this year?,KXBTCMINY-25,,,2026-01-01T04:59:00Z,,63,6.0,92.0,8.0,94.0,7.0,93.0,100.0,-99.0,sell_both,10000.0,9900.0,99.0,573.5714285714286,2.0,1.9194400225065642
KXBTCMINY-25-DEC31-60000,How low will Bitcoin get this year?,KXBTCMINY-25,,,2026-01-01T04:59:00Z,,63,2.0,97.0,3.0,98.0,2.5,97.5,100.0,-99.0,sell_both,10000.0,9900.0,99.0,573.5714285714286,1.0,1.7198837169994954
KXBTCMINY-25-DEC31-50000,How low will Bitcoin get this year?,KXBTCMINY-25,,,2026-01-01T04:59:00Z,,63,1.0,97.0,3.0,99.0,2.0,98.0,100.0,-99.0,sell_both,10000.0,9900.0,99.0,573.5714285714286,2.0,2.2418184583056675
KXDEEPSEEKBAN-26,Will DeepSeek be banned in the United States this year?,KXDEEPSEEKBAN-26,,,2026-01-01T15:00:00Z,,63,5.0,93.0,7.0,95.0,6.0,94.0,100.0,-99.0,sell_both,10000.0,9900.0,99.0,573.5714285714286,2.0,2.628782988380745
KXBTCMAXY-25-DEC31-499999.99,How high will Bitcoin get this year?,KXBTCMAXY-25,,,2026-01-01T04:59:00Z,,63,1.0,98.0,2.0,99.0,1.5,98.5,100.0,-99.0,sell_both,10000.0,9900.0,99.0,573.5714285714286,1.0,1.8988812495782879
KXBTCMAXY-25-DEC31-299999.99,How high will Bitcoin get this year?,KXBTCMAXY-25,,,2026-01-01T04:59:00Z,,63,2.0,96.0,4.0,98.0,3.0,97.0,100.0,-99.0,sell_both,10000.0,9900.0,99.0,573.5714285714286,2.0,1.3918512851594453
KXBTCMAXY-25-DEC31-249999.99,How high will Bitcoin get this year?,KXBTCMAXY-25,,,2026-01-01T04:59:00Z,,63,3.0,96.0,4.0,97.0,3.5,96.5,100.0,-99.0,sell_both,10000.0,9900.0,99.0,573.5714285714286,1.0,1.9515378551286162
KXTECHCEONEXT-25-BA,"Will Trump as President meet with  first of Jensen Huang, Lisa Su, Dara Khosrowshahi, Marc Benioff, Daniel Ek, Brian Armstrong, Ted Sarandos, Brian Chesky?",KXTECHCEONEXT-25,,,2026-01-01T04:59:00Z,,63,9.0,90.0,10.0,91.0,9.5,90.5,100.0,-99.0,sell_both,10000.0,9900.0,99.0,573.5714285714286,1.0,1.4814688656870247
KXEMERCUTS-25-T3,Will the Fed cut rates 3 times at emergency meetings?,KXEMERCUTS-25,,,2026-01-01T04:59:00Z,,63,1.0,98.0,2.0,99.0,1.5,98.5,100.0,-99.0,sell_both,10000.0,9900.0,99.0,573.5714285714286,1.0,2.0053677966896744
KXEMERCUTS-25-T2,Will the Fed cut rates 2 times at emergency meetings?,KXEMERCUTS-25,,,2026-01-01T04:59:00Z,,63,1.0,98.0,2.0,99.0,1.5,98.5,100.0,-99.0,sell_both,10000.0,9900.0,99.0,573.5714285714286,1.0,2.0741263220932327
KXEMERCUTS-25-T1,Will the Fed cut rates 1 times at emergency meetings?,KXEMERCUTS-25,,,2026-01-01T04:59:00Z,,63,3.0,96.0,4.0,97.0,3.5,96.5,100.0,-99.0,sell_both,10000.0,9900.0,99.0,573.5714285714286,1.0,1.996121238802894
KXEMERCUTS-25-T0,Will the Fed cut rates 0 times at emergency meetings?,KXEMERCUTS-25,,,2026-01-01T04:59:00Z,,63,95.0,4.0,96.0,5.0,95.5,4.5,100.0,-99.0,sell_both,10000.0,9900.0,99.0,573.5714285714286,1.0,2.4064496670406386
KXALIENS-26,Will the U.S. confirm that aliens exist in 2026?,KXALIENS-26,,,2026-01-01T15:00:00Z,,63,4.0,95.0,5.0,96.0,4.5,95.5,100.0,-99.0,sell_both,10000.0,9900.0,99.0,573.5714285714286,1.0,2.723279273229244
KXLARGECUT-25,Will the Fed cut rates more than 25 bps in 2025?,KXLARGECUT-25,,,2026-01-01T15:00:00Z,,63,4.0,94.0,6.0,96.0,5.0,95.0,100.0,-99.0,sell_both,10000.0,9900.0,99.0,573.5714285714286,2.0,2.205277760283271
KXBTCMAX150-25-DEC31-149999.99,When will Bitcoin hit $150k?,KXBTCMAX150-25,,,2026-01-01T04:59:00Z,,63,18.0,81.0,19.0,82.0,18.5,81.5,100.0,-99.0,sell_both,10000.0,9900.0,99.0,573.5714285714286,1.0,2.604131333093629
KXBTCMAXY-25-DEC31-199999.99,How high will Bitcoin get this year?,KXBTCMAXY-25,,,2026-01-01T04:59:00Z,,63,6.0,93.0,7.0,94.0,6.5,93.5,100.0,-99.0,sell_both,10000.0,9900.0,99.0,573.5714285714286,1.0,2.160960434621606
KXBTCMAXY-25-DEC31-179999.99,How high will Bitcoin get this year?,KXBTCMAXY-25,,,2026-01-01T04:59:00Z,,63,7.0,92.0,8.0,93.0,7.5,92.5,100.0,-99.0,sell_both,10000.0,9900.0,99.0,573.5714285714286,1.0,2.1708869155255415
KXBTCMAXY-25-DEC31-159999.99,How high will Bitcoin get this year?,KXBTCMAXY-25,,,2026-01-01T04:59:00Z,,63,11.0,88.0,12.0,89.0,11.5,88.5,100.0,-99.0,sell_both,10000.0,9900.0,99.0,573.5714285714286,1.0,1.9258115172570758
KXRATECUTCOUNT-25DEC31-T4,Will the Fed cut rates 4 times?,KXRATECUTCOUNT-25DEC31,,,2026-01-01T04:59:00Z,,63,2.0,97.0,3.0,98.0,2.5,97.5,100.0,-99.0,sell_both,10000.0,9900.0,99.0,573.5714285714286,1.0,2.582634314028992
KXRATECUTCOUNT-25DEC31-T3,Will the Fed cut rates 3 times?,KXRATECUTCOUNT-25DEC31,,,2026-01-01T04:59:00Z,,63,67.0,31.0,69.0,33.0,68.0,32.0,100.0,-99.0,sell_both,10000.0,9900.0,99.0,573.5714285714286,2.0,3.676207284688936
KXRATECUTCOUNT-25DEC31-T2,Will the Fed cut rates 2 times?,KXRATECUTCOUNT-25DEC31,,,2026-01-01T04:59:00Z,,63,30.0,69.0,31.0,70.0,30.5,69.5,100.0,-99.0,sell_both,10000.0,9900.0,99.0,573.5714285714286,1.0,4.7342370029393335
KXRECCOUNT-25-0,Will 0 reconciliation bills be passed in 2025?,KXRECCOUNT-25,,,2026-01-01T15:00:00Z,,63,1.0,1.0,99.0,99.0,50.0,50.0,100.0,-99.0,sell_both,10000.0,9900.0,99.0,573.5714285714286,98.0,2.060097085090894
KXCOUNTRYBTC-26,Will a new country buy Bitcoin before 2026?,KXCOUNTRYBTC-26,,,2026-01-01T15:00:00Z,,63,21.0,76.0,24.0,79.0,22.5,77.5,100.0,-99.0,sell_both,10000.0,9900.0,99.0,573.5714285714286,3.0,2.169331694324314
KXCONGRESSTARIFF-26,WIll Congress pass a law increasing tariffs before 2026?,KXCONGRESSTARIFF-26,,,2026-01-01T15:00:00Z,,63,5.0,93.0,7.0,95.0,6.0,94.0,100.0,-99.0,sell_both,10000.0,9900.0,99.0,573.5714285714286,2.0,2.2188961219489296
KXABRAHAMSY-26-JAN01,"Will Israel and Syria normalize relations before Jan 1, 2026?",KXABRAHAMSY-26,,,2026-01-01T15:00:00Z,,63,4.0,95.0,5.0,96.0,4.5,95.5,100.0,-99.0,sell_both,10000.0,9900.0,99.0,573.5714285714286,1.0,2.1942538595158037
KXALTMANEQUITY-26-JAN01,"Will Sam Altman be granted an equity stake in OpenAI before Jan 1, 2026?",KXALTMANEQUITY-26,,,2026-01-01T15:00:00Z,,63,11.0,83.0,17.0,89.0,14.0,86.0,100.0,-99.0,sell_both,10000.0,9900.0,99.0,573.5714285714286,6.0,3.517243238674289
KXBTCRESERVE-26-JAN01,"Will Trump create a National Bitcoin Reserve before Jan 1, 2026?",KXBTCRESERVE-26,,,2026-01-01T15:00:00Z,,63,16.0,83.0,17.0,84.0,16.5,83.5,100.0,-99.0,sell_both,10000.0,9900.0,99.0,573.5714285714286,1.0,2.1296713361455564
KXCMEATBANUSA-26-JAN01,"Will Trump ban lab-grown meat before Jan 1, 2026?",KXCMEATBANUSA-26,,,2026-01-01T15:00:00Z,,63,5.0,93.0,7.0,95.0,6.0,94.0,100.0,-99.0,sell_both,10000.0,9900.0,99.0,573.5714285714286,2.0,2.449234574310921
KXCORPTAXCUT-26JAN01-21,"Will the corporate tax be decreased before Jan 1, 2026?",KXCORPTAXCUT-26JAN01,,,2026-01-01T15:00:00Z,,63,6.0,93.0,7.0,94.0,6.5,93.5,100.0,-99.0,sell_both,10000.0,9900.0,99.0,573.5714285714286,1.0,1.945122104136396
KXDOED-26-JAN01,"Will the Department of Education be eliminated before Jan 1, 2026?",KXDOED-26,,,2026-01-01T15:00:00Z,,63,4.0,95.0,5.0,96.0,4.5,95.5,100.0,-99.0,sell_both,10000.0,9900.0,99.0,573.5714285714286,1.0,1.9745252593978129
KXDWARKESH-26JAN01-ML,"Will Michael Levin go on the Dwarkesh Podcast before Jan 1, 2026?",KXDWARKESH-26JAN01,,,2026-01-01T15:00:00Z,,63,82.0,17.0,83.0,18.0,82.5,17.5,100.0,-99.0,sell_both,10000.0,9900.0,99.0,573.5714285714286,1.0,1.8443833657892277
KXFLUORIDE-26-JAN01,"Will the US government stop recommending fluoride in water before Jan 1, 2026?",KXFLUORIDE-26,,,2026-01-01T15:00:00Z,,63,16.0,80.0,20.0,84.0,18.0,82.0,100.0,-99.0,sell_both,10000.0,9900.0,99.0,573.5714285714286,4.0,2.523241962238263
KXH5N1-25-PHEIC,Will H5N1 be named a Public Health Emergency of International Concern by the WHO?,KXH5N1-25,,,2026-01-01T04:59:00Z,,63,4.0,95.0,5.0,96.0,4.5,95.5,100.0,-99.0,sell_both,10000.0,9900.0,99.0,573.5714285714286,1.0,1.582561215245717
KXINCOMETAXCUT-26JAN01-37,"Will the income tax for the highest earners be decreased before Jan 1, 2026?",KXINCOMETAXCUT-26JAN01,,,2026-01-01T15:00:00Z,,63,4.0,95.0,5.0,96.0,4.5,95.5,100.0,-99.0,sell_both,10000.0,9900.0,99.0,573.5714285714286,1.0,1.975474626513841
KXTOPALBUMBYFRANKOCEAN-25,Frank Ocean has a #1 album in 2025?,KXTOPALBUMBYFRANKOCEAN-25,,,2026-01-01T04:59:00Z,,63,10.0,35.0,65.0,90.0,37.5,62.5,100.0,-99.0,sell_both,10000.0,9900.0,99.0,573.5714285714286,55.0,2.8963770472782024
KXTOPALBUMBYMEGAN-25,Megan Thee Stallion has a #1 album in 2025?,KXTOPALBUMBYMEGAN-25,,,2026-01-01T04:59:00Z,,63,10.0,30.0,70.0,90.0,40.0,60.0,100.0,-99.0,sell_both,10000.0,9900.0,99.0,573.5714285714286,60.0,1.7145699169179425
KXCOVVC-25-DEC31,"Will the CDC identify a new variant of concern by December 31, 2025?",KXCOVVC-25,,,2026-01-01T04:59:00Z,,63,9.0,85.0,15.0,91.0,12.0,88.0,100.0,-99.0,sell_both,10000.0,9900.0,99.0,573.5714285714286,6.0,2.4137626229602613
KXAISPIKE-26-1500,"Will any AI model have an elo of at least 1500 before Jan 1, 2026",KXAISPIKE-26,,,2026-01-01T15:00:00Z,,63,49.0,50.0,50.0,51.0,49.5,50.5,100.0,-99.0,sell_both,10000.0,9900.0,99.0,573.5714285714286,1.0,2.0653086936339564
KXDOGEMAX1-26-JAN01-0.99999999,When will Dogecoin hit $1?,KXDOGEMAX1,,,2026-01-01T15:00:00Z,,63,2.0,96.0,4.0,98.0,3.0,97.0,100.0,-99.0,sell_both,10000.0,9900.0,99.0,573.5714285714286,2.0,1.7675548082025632
KXFEDMEET-25-JAN01,"Will the Fed have an emergency meeting before Jan 1, 2026?",KXFEDMEET-25,,,2026-01-01T04:59:00Z,,63,5.0,94.0,6.0,95.0,5.5,94.5,100.0,-99.0,sell_both,10000.0,9900.0,99.0,573.5714285714286,1.0,1.5028306624500314
WTAX-25-DEC31,Will a tax on unrealized capital gains become law before 2026?,WTAX-25,,,2026-01-01T15:00:00Z,,63,1.0,65.0,35.0,99.0,18.0,82.0,100.0,-99.0,sell_both,10000.0,9900.0,99.0,573.5714285714286,34.0,1.6261918705983005
KXBILLS-26-S3024,"Will  becomes law before Jan 1, 2026?",KXBILLS-26,,,2026-01-02T03:00:00Z,,64,5.0,85.0,15.0,95.0,10.0,90.0,100.0,-99.0,sell_both,10000.0,9900.0,99.0,564.609375,10.0,0.0
KXPAYROLLS-25DEC-T90000,Will above 90000 jobs be added in December 2025?,KXPAYROLLS-25DEC,,,2026-01-09T13:29:00Z,,71,21.0,75.0,25.0,79.0,23.0,77.0,100.0,-99.0,sell_both,10000.0,9900.0,99.0,508.943661971831,4.0,0.0
KXPAYROLLS-25DEC-T80000,Will above 80000 jobs be added in December 2025?,KXPAYROLLS-25DEC,,,2026-01-09T13:29:00Z,,71,26.0,70.0,30.0,74.0,28.0,72.0,100.0,-99.0,sell_both,10000.0,9900.0,99.0,508.943661971831,4.0,0.0
KXPAYROLLS-25DEC-T70000,Will above 70000 jobs be added in December 2025?,KXPAYROLLS-25DEC,,,2026-01-09T13:29:00Z,,71,31.0,65.0,35.0,69.0,33.0,67.0,100.0,-99.0,sell_both,10000.0,9900.0,99.0,508.943661971831,4.0,0.0
KXPAYROLLS-25DEC-T60000,Will above 60000 jobs be added in December 2025?,KXPAYROLLS-25DEC,,,2026-01-09T13:29:00Z,,71,36.0,60.0,40.0,64.0,38.0,62.0,100.0,-99.0,sell_both,10000.0,9900.0,99.0,508.943661971831,4.0,0.0
KXPAYROLLS-25DEC-T50000,Will above 50000 jobs be added in December 2025?,KXPAYROLLS-25DEC,,,2026-01-09T13:29:00Z,,71,42.0,54.0,46.0,58.0,44.0,56.0,100.0,-99.0,sell_both,10000.0,9900.0,99.0,508.943661971831,4.0,0.0
KXPAYROLLS-25DEC-T40000,Will above 40000 jobs be added in December 2025?,KXPAYROLLS-25DEC,,,2026-01-09T13:29:00Z,,71,48.0,48.0,52.0,52.0,50.0,50.0,100.0,-99.0,sell_both,10000.0,9900.0,99.0,508.943661971831,4.0,0.22079402165819617
KXPAYROLLS-25DEC-T30000,Will above 30000 jobs be added in December 2025?,KXPAYROLLS-25DEC,,,2026-01-09T13:29:00Z,,71,54.0,42.0,58.0,46.0,56.0,44.0,100.0,-99.0,sell_both,10000.0,9900.0,99.0,508.943661971831,4.0,0.24083189157584592
KXPAYROLLS-25DEC-T-25000,Will above -25000 jobs be added in December 2025?,KXPAYROLLS-25DEC,,,2026-01-09T13:29:00Z,,71,80.0,16.0,84.0,20.0,82.0,18.0,100.0,-99.0,sell_both,10000.0,9900.0,99.0,508.943661971831,4.0,0.0
KXPAYROLLS-25DEC-T20000,Will above 20000 jobs be added in December 2025?,KXPAYROLLS-25DEC,,,2026-01-09T13:29:00Z,,71,60.0,36.0,64.0,40.0,62.0,38.0,100.0,-99.0,sell_both,10000.0,9900.0,99.0,508.943661971831,4.0,0.0
KXPAYROLLS-25DEC-T125000,Will above 125000 jobs be added in December 2025?,KXPAYROLLS-25DEC,,,2026-01-09T13:29:00Z,,71,11.0,85.0,15.0,89.0,13.0,87.0,100.0,-99.0,sell_both,10000.0,9900.0,99.0,508.943661971831,4.0,0.0
KXPAYROLLS-25DEC-T100000,Will above 100000 jobs be added in December 2025?,KXPAYROLLS-25DEC,,,2026-01-09T13:29:00Z,,71,18.0,78.0,22.0,82.0,20.0,80.0,100.0,-99.0,sell_both,10000.0,9900.0,99.0,508.943661971831,4.0,0.0
KXPAYROLLS-25DEC-T10000,Will above 10000 jobs be added in December 2025?,KXPAYROLLS-25DEC,,,2026-01-09T13:29:00Z,,71,65.0,31.0,69.0,35.0,67.0,33.0,100.0,-99.0,sell_both,10000.0,9900.0,99.0,508.943661971831,4.0,0.0
KXPAYROLLS-25DEC-T0,Will above 0 jobs be added in December 2025?,KXPAYROLLS-25DEC,,,2026-01-09T13:29:00Z,,71,70.0,26.0,74.0,30.0,72.0,28.0,100.0,-99.0,sell_both,10000.0,9900.0,99.0,508.943661971831,4.0,0.0
KXLCPIMAXYOY-25-P7.99,"Inflation surge in Dec 10, 2025?",KXLCPIMAXYOY-25,,,2026-01-09T13:29:00Z,,71,2.0,97.0,3.0,98.0,2.5,97.5,100.0,-99.0,sell_both,10000.0,9900.0,99.0,508.943661971831,1.0,2.0654297373670207
KXLCPIMAXYOY-25-P4.99,"Inflation surge in Dec 10, 2025?",KXLCPIMAXYOY-25,,,2026-01-09T13:29:00Z,,71,2.0,97.0,3.0,98.0,2.5,97.5,100.0,-99.0,sell_both,10000.0,9900.0,99.0,508.943661971831,1.0,1.998999749874922
KXLCPIMAXYOY-25-P3.99,"Inflation surge in Dec 10, 2025?",KXLCPIMAXYOY-25,,,2026-01-09T13:29:00Z,,71,4.0,95.0,5.0,96.0,4.5,95.5,100.0,-99.0,sell_both,10000.0,9900.0,99.0,508.943661971831,1.0,2.172038213291838
KXCPICOREA-2025-3.8,Will ** coreinflation** in 2025 be above_below_between ?,KXCPICOREA-2025,,,2026-01-12T13:25:00Z,,74,6.0,93.0,7.0,94.0,6.5,93.5,100.0,-99.0,sell_both,10000.0,9900.0,99.0,488.31081081081084,1.0,2.2268250941643353
KXCPICOREA-2025-3.3,Will ** coreinflation** in 2025 be above_below_between ?,KXCPICOREA-2025,,,2026-01-12T13:25:00Z,,74,26.0,70.0,30.0,74.0,28.0,72.0,100.0,-99.0,sell_both,10000.0,9900.0,99.0,488.31081081081084,4.0,1.7126733488905583
KXCPICOREA-2025-2.8,Will ** coreinflation** in 2025 be above_below_between ?,KXCPICOREA-2025,,,2026-01-12T13:25:00Z,,74,61.0,32.0,68.0,39.0,64.5,35.5,100.0,-99.0,sell_both,10000.0,9900.0,99.0,488.31081081081084,7.0,2.134010309253449
KXCPICOREA-2025-2.3,Will ** coreinflation** in 2025 be above_below_between ?,KXCPICOREA-2025,,,2026-01-12T13:25:00Z,,74,2.0,97.0,3.0,98.0,2.5,97.5,100.0,-99.0,sell_both,10000.0,9900.0,99.0,488.31081081081084,1.0,1.9708500704010947
KXECONPATH-25-SOFT,State of the economy at the end of 2025?,KXECONPATH-25,,,2026-01-13T13:30:00Z,,75,92.0,4.0,96.0,8.0,94.0,6.0,100.0,-99.0,sell_both,10000.0,9900.0,99.0,481.79999999999995,4.0,2.0714729059294985
KXECONPATH-25-HU3LCPI,State of the economy at the end of 2025?,KXECONPATH-25,,,2026-01-13T13:30:00Z,,75,2.0,95.0,5.0,98.0,3.5,96.5,100.0,-99.0,sell_both,10000.0,9900.0,99.0,481.79999999999995,3.0,1.564688467395347
KXECONPATH-25-STAG,State of the economy at the end of 2025?,KXECONPATH-25,,,2026-01-13T13:30:00Z,,75,3.0,95.0,5.0,97.0,4.0,96.0,100.0,-99.0,sell_both,10000.0,9900.0,99.0,481.79999999999995,2.0,1.9682479518597245
KXNFLWINS-ARI-25-T8,Will the Arizona pro football team win more than 8 times this season?,KXNFLWINS-ARI-25,,,2026-01-14T15:00:00Z,,76,99.0,43.0,57.0,1.0,78.0,22.0,100.0,-99.0,sell_both,10000.0,9900.0,99.0,475.4605263157894,-42.0,2106.8893782045952
KXNFLWINS-LA-25-T4,Will the Los Angeles R pro football team win more than 4 times this season?,KXNFLWINS-LA-25,,,2026-01-14T15:00:00Z,,76,66.0,99.0,1.0,34.0,33.5,66.5,100.0,-99.0,sell_both,10000.0,9900.0,99.0,475.4605263157894,-65.0,3256.8354835875048
KXNFLWINS-NYJ-25-T10,Will the New York J pro football team win more than 10 times this season?,KXNFLWINS-NYJ-25,,,2026-01-14T15:00:00Z,,76,99.0,37.0,63.0,1.0,81.0,19.0,100.0,-99.0,sell_both,10000.0,9900.0,99.0,475.4605263157894,-36.0,1806.483408237809
KXNFLEXACTWINSCIN-25-5,Will the Cincinnati pro football team win exactly 5 times this season?,KXNFLEXACTWINSCIN-25,,,2026-01-15T15:00:00Z,,77,45.0,54.0,46.0,55.0,45.5,54.5,100.0,-99.0,sell_both,10000.0,9900.0,99.0,469.28571428571433,1.0,2.3262630977600107
KXNFLEXACTWINSCIN-25-1,Will the Cincinnati pro football team win exactly 1 times this season?,KXNFLEXACTWINSCIN-25,,,2026-01-15T15:00:00Z,,77,56.0,42.0,58.0,44.0,57.0,43.0,100.0,-99.0,sell_both,10000.0,9900.0,99.0,469.28571428571433,2.0,2.3283577903750103
KXNFLEXACTWINSDEN-25-16,Will the Denver pro football team win exactly 16 times this season?,KXNFLEXACTWINSDEN-25,,,2026-01-15T15:00:00Z,,77,17.0,81.0,19.0,83.0,18.0,82.0,100.0,-99.0,sell_both,10000.0,9900.0,99.0,469.28571428571433,2.0,1.9095811058973118
KXNFLEXACTWINSIND-25-17,Will the Indianapolis pro football team win exactly 17 times this season?,KXNFLEXACTWINSIND-25,,,2026-01-15T15:00:00Z,,77,26.0,73.0,27.0,74.0,26.5,73.5,100.0,-99.0,sell_both,10000.0,9900.0,99.0,469.28571428571433,1.0,1.6952875862224674
KXNFLEXACTWINSJAC-25-10,Will the Jacksonville pro football team win exactly 10 times this season?,KXNFLEXACTWINSJAC-25,,,2026-01-15T15:00:00Z,,77,14.0,85.0,15.0,86.0,14.5,85.5,100.0,-99.0,sell_both,10000.0,9900.0,99.0,469.28571428571433,1.0,2.010534754735665
KXNFLEXACTWINSLAC-25-7,Will the Los Angeles C pro football team win exactly 7 times this season?,KXNFLEXACTWINSLAC-25,,,2026-01-15T15:00:00Z,,77,91.0,8.0,92.0,9.0,91.5,8.5,100.0,-99.0,sell_both,10000.0,9900.0,99.0,469.28571428571433,1.0,2.0346989949375804
KXNFLEXACTWINSLAC-25-6,Will the Los Angeles C pro football team win exactly 6 times this season?,KXNFLEXACTWINSLAC-25,,,2026-01-15T15:00:00Z,,77,65.0,99.0,1.0,35.0,33.0,67.0,100.0,-99.0,sell_both,10000.0,9900.0,99.0,469.28571428571433,-64.0,3206.9442865015217
KXNFLEXACTWINSLV-25-3,Will the Las Vegas pro football team win exactly 3 times this season?,KXNFLEXACTWINSLV-25,,,2026-01-15T15:00:00Z,,77,58.0,99.0,1.0,42.0,29.5,70.5,100.0,-99.0,sell_both,10000.0,9900.0,99.0,469.28571428571433,-57.0,2856.6110555545974
KXNFLEXACTWINSMIA-25-6,Will the Miami pro football team win exactly 6 times this season?,KXNFLEXACTWINSMIA-25,,,2026-01-15T15:00:00Z,,77,76.0,99.0,1.0,24.0,38.5,61.5,100.0,-99.0,sell_both,10000.0,9900.0,99.0,469.28571428571433,-75.0,3756.7532826355155
KXNFLEXACTWINSNE-25-0,Will the New England pro football team win exactly 0 times this season?,KXNFLEXACTWINSNE-25,,,2026-01-15T15:00:00Z,,77,32.0,65.0,35.0,68.0,33.5,66.5,100.0,-99.0,sell_both,10000.0,9900.0,99.0,469.28571428571433,3.0,1.8850729428857653
KXNFLEXACTWINSPHI-25-8,Will the Philadelphia pro football team win exactly 8 times this season?,KXNFLEXACTWINSPHI-25,,,2026-01-15T15:00:00Z,,77,29.0,70.0,30.0,71.0,29.5,70.5,100.0,-99.0,sell_both,10000.0,9900.0,99.0,469.28571428571433,1.0,1.9072231122760652
KXNFLEXACTWINSPHI-25-4,Will the Philadelphia pro football team win exactly 4 times this season?,KXNFLEXACTWINSPHI-25,,,2026-01-15T15:00:00Z,,77,74.0,23.0,77.0,26.0,75.5,24.5,100.0,-99.0,sell_both,10000.0,9900.0,99.0,469.28571428571433,3.0,2.2952668690154527
KXNFLEXACTWINSPIT-25-7,Will the Pittsburgh pro football team win exactly 7 times this season?,KXNFLEXACTWINSPIT-25,,,2026-01-15T15:00:00Z,,77,62.0,37.0,63.0,38.0,62.5,37.5,100.0,-99.0,sell_both,10000.0,9900.0,99.0,469.28571428571433,1.0,1.4690132742763082
KXNFLEXACTWINSSF-25-17,Will the San Francisco pro football team win exactly 17 times this season?,KXNFLEXACTWINSSF-25,,,2026-01-15T15:00:00Z,,77,44.0,55.0,45.0,56.0,44.5,55.5,100.0,-99.0,sell_both,10000.0,9900.0,99.0,469.28571428571433,1.0,1.9041402259287523
KXNFLEXACTWINSSF-25-6,Will the San Francisco pro football team win exactly 6 times this season?,KXNFLEXACTWINSSF-25,,,2026-01-15T15:00:00Z,,77,83.0,15.0,85.0,17.0,84.0,16.0,100.0,-99.0,sell_both,10000.0,9900.0,99.0,469.28571428571433,2.0,1.9294429247842497
KXNFLEXACTWINSTB-25-16,Will the Tampa Bay pro football team win exactly 16 times this season?,KXNFLEXACTWINSTB-25,,,2026-01-15T15:00:00Z,,77,94.0,5.0,95.0,6.0,94.5,5.5,100.0,-99.0,sell_both,10000.0,9900.0,99.0,469.28571428571433,1.0,1.9157896544245143
KXNFLEXACTWINSTB-25-12,Will the Tampa Bay pro football team win exactly 12 times this season?,KXNFLEXACTWINSTB-25,,,2026-01-15T15:00:00Z,,77,24.0,75.0,25.0,76.0,24.5,75.5,100.0,-99.0,sell_both,10000.0,9900.0,99.0,469.28571428571433,1.0,2.1648902974515822
KXNFLEXACTWINSTEN-25-9,Will the Tennessee pro football team win exactly 9 times this season?,KXNFLEXACTWINSTEN-25,,,2026-01-15T15:00:00Z,,77,71.0,99.0,1.0,29.0,36.0,64.0,100.0,-99.0,sell_both,10000.0,9900.0,99.0,469.28571428571433,-70.0,3506.990854088074
KXNFLEXACTWINSTEN-25-10,Will the Tennessee pro football team win exactly 10 times this season?,KXNFLEXACTWINSTEN-25,,,2026-01-15T15:00:00Z,,77,42.0,57.0,43.0,58.0,42.5,57.5,100.0,-99.0,sell_both,10000.0,9900.0,99.0,469.28571428571433,1.0,1.5014992507490639
KXNFLEXACTWINSTEN-25-1,Will the Tennessee pro football team win exactly 1 times this season?,KXNFLEXACTWINSTEN-25,,,2026-01-15T15:00:00Z,,77,60.0,39.0,61.0,40.0,60.5,39.5,100.0,-99.0,sell_both,10000.0,9900.0,99.0,469.28571428571433,1.0,1.7155902774264022
KXNFLEXACTWINSWAS-25-9,Will the Washington pro football team win exactly 9 times this season?,KXNFLEXACTWINSWAS-25,,,2026-01-15T15:00:00Z,,77,47.0,52.0,48.0,53.0,47.5,52.5,100.0,-99.0,sell_both,10000.0,9900.0,99.0,469.28571428571433,1.0,1.6552945357246849
KXGDPYEAR-25-B2.8,GDP growth in 2025?,KXGDPYEAR-25,,,2026-01-26T13:29:00Z,,88,3.0,96.0,4.0,97.0,3.5,96.5,100.0,-99.0,sell_both,10000.0,9900.0,99.0,410.625,1.0,2.4480093954068067
KXGDPYEAR-25-B2.3,GDP growth in 2025?,KXGDPYEAR-25,,,2026-01-26T13:29:00Z,,88,50.0,43.0,57.0,50.0,53.5,46.5,100.0,-99.0,sell_both,10000.0,9900.0,99.0,410.625,7.0,2.1573131437044553
KXGDPYEAR-25-B1.8,GDP growth in 2025?,KXGDPYEAR-25,,,2026-01-26T13:29:00Z,,88,37.0,60.0,40.0,63.0,38.5,61.5,100.0,-99.0,sell_both,10000.0,9900.0,99.0,410.625,3.0,1.7296675981239864
KXGDPYEAR-25-B1.3,GDP growth in 2025?,KXGDPYEAR-25,,,2026-01-26T13:29:00Z,,88,3.0,96.0,4.0,97.0,3.5,96.5,100.0,-99.0,sell_both,10000.0,9900.0,99.0,410.625,1.0,2.5386019774671253
KXCBDECISIONCANADA-26JAN-H25,Will Bank of Canada Hike rates by 25bps at their January 2026 meeting?,KXCBDECISIONCANADA-26JAN,,,2026-01-28T14:29:00Z,,90,3.0,91.0,9.0,97.0,6.0,94.0,100.0,-99.0,sell_both,10000.0,9900.0,99.0,401.5,6.0,0.0
KXCBDECISIONCANADA-26JAN-H0,Will Bank of Canada Hike rates by 0bps at their January 2026 meeting?,KXCBDECISIONCANADA-26JAN,,,2026-01-28T14:29:00Z,,90,55.0,39.0,61.0,45.0,58.0,42.0,100.0,-99.0,sell_both,10000.0,9900.0,99.0,401.5,6.0,0.0
KXCBDECISIONCANADA-26JAN-C25,Will Bank of Canada Cut rates by 25bps at their January 2026 meeting?,KXCBDECISIONCANADA-26JAN,,,2026-01-28T14:29:00Z,,90,27.0,67.0,33.0,73.0,30.0,70.0,100.0,-99.0,sell_both,10000.0,9900.0,99.0,401.5,6.0,0.0
KXFEDDECISION-26JAN-H0,Will the Federal Reserve Hike rates by 0bps at their January 2026 meeting?,KXFEDDECISION-26JAN,,,2026-01-28T18:59:00Z,,90,45.0,45.0,55.0,55.0,50.0,50.0,100.0,-99.0,sell_both,10000.0,9900.0,99.0,401.5,10.0,0.0
KXFEDDECISION-26JAN-C26,Will the Federal Reserve Cut rates by >25bps at their January 2026 meeting?,KXFEDDECISION-26JAN,,,2026-01-28T18:59:00Z,,90,7.0,87.0,13.0,93.0,10.0,90.0,100.0,-99.0,sell_both,10000.0,9900.0,99.0,401.5,6.0,0.0
KXFEDDECISION-26JAN-C25,Will the Federal Reserve Cut rates by 25bps at their January 2026 meeting?,KXFEDDECISION-26JAN,,,2026-01-28T18:59:00Z,,90,34.0,55.0,45.0,66.0,39.5,60.5,100.0,-99.0,sell_both,10000.0,9900.0,99.0,401.5,11.0,0.022360679774997897
KXFED-26JAN-T3.75,"Will the upper bound of the federal funds rate be above 3.75% following the Fed's Jan 28, 2026 meeting?",KXFED-26JAN,,,2026-01-28T18:55:00Z,,90,19.0,55.0,45.0,81.0,32.0,68.0,100.0,-99.0,sell_both,10000.0,9900.0,99.0,401.5,26.0,0.015811388300841896
KXFED-26JAN-T3.50,"Will the upper bound of the federal funds rate be above 3.50% following the Fed's Jan 28, 2026 meeting?",KXFED-26JAN,,,2026-01-28T18:55:00Z,,90,4.0,20.0,80.0,96.0,42.0,58.0,100.0,-99.0,sell_both,10000.0,9900.0,99.0,401.5,76.0,0.0
KXMEDIARELEASEUPONLY-26FEB01-UPON,"Will A New Episode of the UpOnly Podcast be released in Worldwide before Feb 1, 2026?",KXMEDIARELEASEUPONLY,,,2026-02-01T05:00:00Z,,94,87.0,1.0,99.0,13.0,93.0,7.0,100.0,-99.0,sell_both,10000.0,9900.0,99.0,384.4148936170213,12.0,0.0
KXIPODISCORD-26FEB01,When will Discord IPO?,KXIPODISCORD,,,2026-02-01T04:59:00Z,,94,55.0,35.0,65.0,45.0,60.0,40.0,100.0,-99.0,sell_both,10000.0,9900.0,99.0,384.4148936170213,10.0,0.0
KXIPOOPENAI-26FEB01,When will OpenAI IPO?,KXIPOOPENAI,,,2026-02-01T04:59:00Z,,94,2.0,32.0,68.0,98.0,35.0,65.0,100.0,-99.0,sell_both,10000.0,9900.0,99.0,384.4148936170213,66.0,0.0
KXFEDEMPLOYEES-26JAN-500000,Will there be more than 500000 government employees cut before Jan 2026?,KXFEDEMPLOYEES-26JAN,,,2026-02-01T15:00:00Z,,94,8.0,91.0,9.0,92.0,8.5,91.5,100.0,-99.0,sell_both,10000.0,9900.0,99.0,384.4148936170213,1.0,1.9439650202614243
KXFEDEMPLOYEES-26JAN-250000,Will there be more than 250000 government employees cut before Jan 2026?,KXFEDEMPLOYEES-26JAN,,,2026-02-01T15:00:00Z,,94,45.0,49.0,51.0,55.0,48.0,52.0,100.0,-99.0,sell_both,10000.0,9900.0,99.0,384.4148936170213,6.0,1.9131126469708992
KXFEDEMPLOYEES-26JAN-1000000,Will there be more than 1000000 government employees cut before Jan 2026?,KXFEDEMPLOYEES-26JAN,,,2026-02-01T15:00:00Z,,94,3.0,96.0,4.0,97.0,3.5,96.5,100.0,-99.0,sell_both,10000.0,9900.0,99.0,384.4148936170213,1.0,2.0039960079800556
KXFEDEMPLOYEES-26JAN-100000,Will there be more than 100000 government employees cut before Jan 2026?,KXFEDEMPLOYEES-26JAN,,,2026-02-01T15:00:00Z,,94,87.0,10.0,90.0,13.0,88.5,11.5,100.0,-99.0,sell_both,10000.0,9900.0,99.0,384.4148936170213,3.0,1.8522958726942087
KXPAYROLLS-26JAN-T90000,Will above 90000 jobs be added in January 2026?,KXPAYROLLS-26JAN,,,2026-02-06T13:29:00Z,,99,22.0,74.0,26.0,78.0,24.0,76.0,100.0,-99.0,sell_both,10000.0,9900.0,99.0,365.0,4.0,0.0
KXPAYROLLS-26JAN-T80000,Will above 80000 jobs be added in January 2026?,KXPAYROLLS-26JAN,,,2026-02-06T13:29:00Z,,99,26.0,70.0,30.0,74.0,28.0,72.0,100.0,-99.0,sell_both,10000.0,9900.0,99.0,365.0,4.0,0.0
KXPAYROLLS-26JAN-T70000,Will above 70000 jobs be added in January 2026?,KXPAYROLLS-26JAN,,,2026-02-06T13:29:00Z,,99,31.0,65.0,35.0,69.0,33.0,67.0,100.0,-99.0,sell_both,10000.0,9900.0,99.0,365.0,4.0,0.0
KXPAYROLLS-26JAN-T60000,Will above 60000 jobs be added in January 2026?,KXPAYROLLS-26JAN,,,2026-02-06T13:29:00Z,,99,36.0,60.0,40.0,64.0,38.0,62.0,100.0,-99.0,sell_both,10000.0,9900.0,99.0,365.0,4.0,0.0
KXPAYROLLS-26JAN-T50000,Will above 50000 jobs be added in January 2026?,KXPAYROLLS-26JAN,,,2026-02-06T13:29:00Z,,99,42.0,54.0,46.0,58.0,44.0,56.0,100.0,-99.0,sell_both,10000.0,9900.0,99.0,365.0,4.0,0.0
KXPAYROLLS-26JAN-T40000,Will above 40000 jobs be added in January 2026?,KXPAYROLLS-26JAN,,,2026-02-06T13:29:00Z,,99,48.0,48.0,52.0,52.0,50.0,50.0,100.0,-99.0,sell_both,10000.0,9900.0,99.0,365.0,4.0,0.0
KXPAYROLLS-26JAN-T30000,Will above 30000 jobs be added in January 2026?,KXPAYROLLS-26JAN,,,2026-02-06T13:29:00Z,,99,54.0,42.0,58.0,46.0,56.0,44.0,100.0,-99.0,sell_both,10000.0,9900.0,99.0,365.0,4.0,0.0
KXPAYROLLS-26JAN-T-25000,Will above -25000 jobs be added in January 2026?,KXPAYROLLS-26JAN,,,2026-02-06T13:29:00Z,,99,79.0,17.0,83.0,21.0,81.0,19.0,100.0,-99.0,sell_both,10000.0,9900.0,99.0,365.0,4.0,0.0
KXPAYROLLS-26JAN-T20000,Will above 20000 jobs be added in January 2026?,KXPAYROLLS-26JAN,,,2026-02-06T13:29:00Z,,99,60.0,36.0,64.0,40.0,62.0,38.0,100.0,-99.0,sell_both,10000.0,9900.0,99.0,365.0,4.0,0.0
KXPAYROLLS-26JAN-T125000,Will above 125000 jobs be added in January 2026?,KXPAYROLLS-26JAN,,,2026-02-06T13:29:00Z,,99,11.0,85.0,15.0,89.0,13.0,87.0,100.0,-99.0,sell_both,10000.0,9900.0,99.0,365.0,4.0,0.0
KXPAYROLLS-26JAN-T100000,Will above 100000 jobs be added in January 2026?,KXPAYROLLS-26JAN,,,2026-02-06T13:29:00Z,,99,18.0,78.0,22.0,82.0,20.0,80.0,100.0,-99.0,sell_both,10000.0,9900.0,99.0,365.0,4.0,0.0
KXPAYROLLS-26JAN-T10000,Will above 10000 jobs be added in January 2026?,KXPAYROLLS-26JAN,,,2026-02-06T13:29:00Z,,99,65.0,31.0,69.0,35.0,67.0,33.0,100.0,-99.0,sell_both,10000.0,9900.0,99.0,365.0,4.0,0.0
KXPAYROLLS-26JAN-T0,Will above 0 jobs be added in January 2026?,KXPAYROLLS-26JAN,,,2026-02-06T13:29:00Z,,99,70.0,26.0,74.0,30.0,72.0,28.0,100.0,-99.0,sell_both,10000.0,9900.0,99.0,365.0,4.0,0.0
KXNEXTCOACHOUTNFL-26-1-NYJ,Who will be the next coach out in NFL?,KXNEXTCOACHOUTNFL-26-1,,,2026-02-08T04:59:00Z,,101,5.0,88.0,12.0,95.0,8.5,91.5,100.0,-99.0,sell_both,10000.0,9900.0,99.0,357.7722772277228,7.0,0.0
KXNEXTCOACHOUTNFL-26-1-NYG,Who will be the next coach out in NFL?,KXNEXTCOACHOUTNFL-26-1,,,2026-02-08T04:59:00Z,,101,6.0,86.0,14.0,94.0,10.0,90.0,100.0,-99.0,sell_both,10000.0,9900.0,99.0,357.7722772277228,8.0,0.0
KXNEXTCOACHOUTNFL-26-1-MIA,Who will be the next coach out in NFL?,KXNEXTCOACHOUTNFL-26-1,,,2026-02-08T04:59:00Z,,101,37.0,57.0,43.0,63.0,40.0,60.0,100.0,-99.0,sell_both,10000.0,9900.0,99.0,357.7722772277228,6.0,0.16583123951776998
KXNEXTCOACHOUTNFL-26-1-CLE,Who will be the next coach out in NFL?,KXNEXTCOACHOUTNFL-26-1,,,2026-02-08T04:59:00Z,,101,3.0,90.0,10.0,97.0,6.5,93.5,100.0,-99.0,sell_both,10000.0,9900.0,99.0,357.7722772277228,7.0,0.0
KXNEXTCOACHOUTNFL-26-1-CIN,Who will be the next coach out in NFL?,KXNEXTCOACHOUTNFL-26-1,,,2026-02-08T04:59:00Z,,101,5.0,87.0,13.0,95.0,9.0,91.0,100.0,-99.0,sell_both,10000.0,9900.0,99.0,357.7722772277228,8.0,0.0
KXNEXTCOACHOUTNFL-26-1-ATL,Who will be the next coach out in NFL?,KXNEXTCOACHOUTNFL-26-1,,,2026-02-08T04:59:00Z,,101,14.0,78.0,22.0,86.0,18.0,82.0,100.0,-99.0,sell_both,10000.0,9900.0,99.0,357.7722772277228,8.0,0.0
KXNEXTCOACHOUTNFL-26-1-ARI,Who will be the next coach out in NFL?,KXNEXTCOACHOUTNFL-26-1,,,2026-02-08T04:59:00Z,,101,3.0,89.0,11.0,97.0,7.0,93.0,100.0,-99.0,sell_both,10000.0,9900.0,99.0,357.7722772277228,8.0,0.0
KXLINKEPERCENT-25-4.9,What share of the vote will the The Left get in the German election?,KXLINKEPERCENT-25,,,2026-02-23T15:00:00Z,,116,73.0,99.0,1.0,27.0,37.0,63.0,100.0,-99.0,sell_both,10000.0,9900.0,99.0,311.5086206896552,-72.0,3606.921067411623
KXIPODISCORD-26MAR01,When will Discord IPO?,KXIPODISCORD,,,2026-03-01T04:59:00Z,,122,58.0,32.0,68.0,42.0,63.0,37.0,100.0,-99.0,sell_both,10000.0,9900.0,99.0,296.1885245901639,10.0,0.0
KXIPOOPENAI-26MAR01,When will OpenAI IPO?,KXIPOOPENAI,,,2026-03-01T04:59:00Z,,122,5.0,32.0,68.0,95.0,36.5,63.5,100.0,-99.0,sell_both,10000.0,9900.0,99.0,296.1885245901639,63.0,0.0
KXLAYOFFSYINFO-25-0,More tech layoffs in 2025 than in 2024?,KXLAYOFFSYINFO-25,,,2026-03-01T15:00:00Z,,122,89.0,6.0,94.0,11.0,91.5,8.5,100.0,-99.0,sell_both,10000.0,9900.0,99.0,296.1885245901639,5.0,2.0164324932910596
KXPAYROLLS-26FEB-T90000,Will above 90000 jobs be added in February 2026?,KXPAYROLLS-26FEB,,,2026-03-06T13:29:00Z,,127,23.0,73.0,27.0,77.0,25.0,75.0,100.0,-99.0,sell_both,10000.0,9900.0,99.0,284.5275590551181,4.0,0.0
KXPAYROLLS-26FEB-T80000,Will above 80000 jobs be added in February 2026?,KXPAYROLLS-26FEB,,,2026-03-06T13:29:00Z,,127,27.0,69.0,31.0,73.0,29.0,71.0,100.0,-99.0,sell_both,10000.0,9900.0,99.0,284.5275590551181,4.0,0.0
KXPAYROLLS-26FEB-T70000,Will above 70000 jobs be added in February 2026?,KXPAYROLLS-26FEB,,,2026-03-06T13:29:00Z,,127,32.0,64.0,36.0,68.0,34.0,66.0,100.0,-99.0,sell_both,10000.0,9900.0,99.0,284.5275590551181,4.0,0.0
KXPAYROLLS-26FEB-T60000,Will above 60000 jobs be added in February 2026?,KXPAYROLLS-26FEB,,,2026-03-06T13:29:00Z,,127,37.0,59.0,41.0,63.0,39.0,61.0,100.0,-99.0,sell_both,10000.0,9900.0,99.0,284.5275590551181,4.0,0.0
KXPAYROLLS-26FEB-T50000,Will above 50000 jobs be added in February 2026?,KXPAYROLLS-26FEB,,,2026-03-06T13:29:00Z,,127,42.0,54.0,46.0,58.0,44.0,56.0,100.0,-99.0,sell_both,10000.0,9900.0,99.0,284.5275590551181,4.0,0.0
KXPAYROLLS-26FEB-T40000,Will above 40000 jobs be added in February 2026?,KXPAYROLLS-26FEB,,,2026-03-06T13:29:00Z,,127,48.0,48.0,52.0,52.0,50.0,50.0,100.0,-99.0,sell_both,10000.0,9900.0,99.0,284.5275590551181,4.0,0.0
KXPAYROLLS-26FEB-T30000,Will above 30000 jobs be added in February 2026?,KXPAYROLLS-26FEB,,,2026-03-06T13:29:00Z,,127,54.0,42.0,58.0,46.0,56.0,44.0,100.0,-99.0,sell_both,10000.0,9900.0,99.0,284.5275590551181,4.0,0.0
KXPAYROLLS-26FEB-T-25000,Will above -25000 jobs be added in February 2026?,KXPAYROLLS-26FEB,,,2026-03-06T13:29:00Z,,127,79.0,17.0,83.0,21.0,81.0,19.0,100.0,-99.0,sell_both,10000.0,9900.0,99.0,284.5275590551181,4.0,0.0
KXPAYROLLS-26FEB-T20000,Will above 20000 jobs be added in February 2026?,KXPAYROLLS-26FEB,,,2026-03-06T13:29:00Z,,127,59.0,37.0,63.0,41.0,61.0,39.0,100.0,-99.0,sell_both,10000.0,9900.0,99.0,284.5275590551181,4.0,0.0
KXPAYROLLS-26FEB-T125000,Will above 125000 jobs be added in February 2026?,KXPAYROLLS-26FEB,,,2026-03-06T13:29:00Z,,127,12.0,84.0,16.0,88.0,14.0,86.0,100.0,-99.0,sell_both,10000.0,9900.0,99.0,284.5275590551181,4.0,0.0
KXPAYROLLS-26FEB-T100000,Will above 100000 jobs be added in February 2026?,KXPAYROLLS-26FEB,,,2026-03-06T13:29:00Z,,127,19.0,77.0,23.0,81.0,21.0,79.0,100.0,-99.0,sell_both,10000.0,9900.0,99.0,284.5275590551181,4.0,0.0
KXPAYROLLS-26FEB-T10000,Will above 10000 jobs be added in February 2026?,KXPAYROLLS-26FEB,,,2026-03-06T13:29:00Z,,127,64.0,32.0,68.0,36.0,66.0,34.0,100.0,-99.0,sell_both,10000.0,9900.0,99.0,284.5275590551181,4.0,0.0
KXPAYROLLS-26FEB-T0,Will above 0 jobs be added in February 2026?,KXPAYROLLS-26FEB,,,2026-03-06T13:29:00Z,,127,69.0,27.0,73.0,31.0,71.0,29.0,100.0,-99.0,sell_both,10000.0,9900.0,99.0,284.5275590551181,4.0,0.0
KXFEDDECISION-26MAR-H0,Will the Federal Reserve Hike rates by 0bps at their March 2026 meeting?,KXFEDDECISION-26MAR,,,2026-03-18T17:59:00Z,,139,21.0,20.0,80.0,79.0,50.5,49.5,100.0,-99.0,sell_both,10000.0,9900.0,99.0,259.9640287769784,59.0,0.0
KXFEDDECISION-26MAR-C25,Will the Federal Reserve Cut rates by 25bps at their March 2026 meeting?,KXFEDDECISION-26MAR,,,2026-03-18T17:59:00Z,,139,9.0,23.0,77.0,91.0,43.0,57.0,100.0,-99.0,sell_both,10000.0,9900.0,99.0,259.9640287769784,68.0,0.0
KXFED-26MAR-T3.75,"Will the upper bound of the federal funds rate be above 3.75% following the Fed's Mar 18, 2026 meeting?",KXFED-26MAR,,,2026-03-18T17:55:00Z,,139,4.0,27.0,73.0,96.0,38.5,61.5,100.0,-99.0,sell_both,10000.0,9900.0,99.0,259.9640287769784,69.0,0.0
KXFED-26MAR-T3.50,"Will the upper bound of the federal funds rate be above 3.50% following the Fed's Mar 18, 2026 meeting?",KXFED-26MAR,,,2026-03-18T17:55:00Z,,139,19.0,2.0,98.0,81.0,58.5,41.5,100.0,-99.0,sell_both,10000.0,9900.0,99.0,259.9640287769784,79.0,0.0
KXFED-26MAR-T3.25,"Will the upper bound of the federal funds rate be above 3.25% following the Fed's Mar 18, 2026 meeting?",KXFED-26MAR,,,2026-03-18T17:55:00Z,,139,45.0,1.0,99.0,55.0,72.0,28.0,100.0,-99.0,sell_both,10000.0,9900.0,99.0,259.9640287769784,54.0,0.0
KXEFLCUP-26-NEW,Will Newcastle win the EFL Carabao Cup in 2026?,KXEFLCUP-26,,,2026-03-23T00:00:00Z,,143,5.0,75.0,25.0,95.0,15.0,85.0,100.0,-99.0,sell_both,10000.0,9900.0,99.0,252.6923076923077,20.0,0.0
KXEFLCUP-26-MCI,Will Man City win the EFL Carabao Cup in 2026?,KXEFLCUP-26,,,2026-03-23T00:00:00Z,,143,14.0,55.0,45.0,86.0,29.5,70.5,100.0,-99.0,sell_both,10000.0,9900.0,99.0,252.6923076923077,31.0,0.0
KXEFLCUP-26-CHE,Will Chelsea win the EFL Carabao Cup in 2026?,KXEFLCUP-26,,,2026-03-23T00:00:00Z,,143,6.0,76.0,24.0,94.0,15.0,85.0,100.0,-99.0,sell_both,10000.0,9900.0,99.0,252.6923076923077,18.0,0.0
KXEFLCUP-26-ARS,Will Arsenal win the EFL Carabao Cup in 2026?,KXEFLCUP-26,,,2026-03-23T00:00:00Z,,143,8.0,55.0,45.0,92.0,26.5,73.5,100.0,-99.0,sell_both,10000.0,9900.0,99.0,252.6923076923077,37.0,0.0
KXBIG10REG-26-UCLA,Will UCLA be the Big Ten regular season champions?,KXBIG10REG-26,,,2026-03-23T14:00:00Z,,144,9.0,87.0,13.0,91.0,11.0,89.0,100.0,-99.0,sell_both,10000.0,9900.0,99.0,250.9375,4.0,0.0
KXBIG10REG-26-PUR,Will Purdue be the Big Ten regular season champions?,KXBIG10REG-26,,,2026-03-23T14:00:00Z,,144,3.0,65.0,35.0,97.0,19.0,81.0,100.0,-99.0,sell_both,10000.0,9900.0,99.0,250.9375,32.0,0.0
KXBIG10REG-26-OSU,Will Ohio St. be the Big Ten regular season champions?,KXBIG10REG-26,,,2026-03-23T14:00:00Z,,144,3.0,92.0,8.0,97.0,5.5,94.5,100.0,-99.0,sell_both,10000.0,9900.0,99.0,250.9375,5.0,0.0
KXBIG10REG-26-MSU,Will Michigan St. be the Big Ten regular season champions?,KXBIG10REG-26,,,2026-03-23T14:00:00Z,,144,1.0,97.0,3.0,99.0,2.0,98.0,100.0,-99.0,sell_both,10000.0,9900.0,99.0,250.9375,2.0,0.0
KXBIG10REG-26-MICH,Will Michigan be the Big Ten regular season champions?,KXBIG10REG-26,,,2026-03-23T14:00:00Z,,144,11.0,82.0,18.0,89.0,14.5,85.5,100.0,-99.0,sell_both,10000.0,9900.0,99.0,250.9375,7.0,0.0
KXBIG10REG-26-ILL,Will Illinois be the Big Ten regular season champions?,KXBIG10REG-26,,,2026-03-23T14:00:00Z,,144,6.0,87.0,13.0,94.0,9.5,90.5,100.0,-99.0,sell_both,10000.0,9900.0,99.0,250.9375,7.0,0.0
KXBIG12REG-26-TTU,Will Texas Tech be the Big 12 regular season champions?,KXBIG12REG-26,,,2026-03-23T14:00:00Z,,144,9.0,85.0,15.0,91.0,12.0,88.0,100.0,-99.0,sell_both,10000.0,9900.0,99.0,250.9375,6.0,0.0
KXBIG12REG-26-KU,Will Kansas be the Big 12 regular season champions?,KXBIG12REG-26,,,2026-03-23T14:00:00Z,,144,2.0,96.0,4.0,98.0,3.0,97.0,100.0,-99.0,sell_both,10000.0,9900.0,99.0,250.9375,2.0,0.0
KXBIG12REG-26-ISU,Will Iowa St. be the Big 12 regular season champions?,KXBIG12REG-26,,,2026-03-23T14:00:00Z,,144,4.0,89.0,11.0,96.0,7.5,92.5,100.0,-99.0,sell_both,10000.0,9900.0,99.0,250.9375,7.0,0.0
KXBIG12REG-26-HOU,Will Houston be the Big 12 regular season champions?,KXBIG12REG-26,,,2026-03-23T14:00:00Z,,144,39.0,60.0,40.0,61.0,39.5,60.5,100.0,-99.0,sell_both,10000.0,9900.0,99.0,250.9375,1.0,0.0
KXBIG12REG-26-BYU,Will BYU be the Big 12 regular season champions?,KXBIG12REG-26,,,2026-03-23T14:00:00Z,,144,10.0,83.0,17.0,90.0,13.5,86.5,100.0,-99.0,sell_both,10000.0,9900.0,99.0,250.9375,7.0,0.0
KXBIG12REG-26-ARIZ,Will Arizona be the Big 12 regular season champions?,KXBIG12REG-26,,,2026-03-23T14:00:00Z,,144,3.0,90.0,10.0,97.0,6.5,93.5,100.0,-99.0,sell_both,10000.0,9900.0,99.0,250.9375,7.0,0.0
KXBIGEASTREG-26-SJU,Will St. John's be the Big East regular season champions?,KXBIGEASTREG-26,,,2026-03-23T14:00:00Z,,144,31.0,62.0,38.0,69.0,34.5,65.5,100.0,-99.0,sell_both,10000.0,9900.0,99.0,250.9375,7.0,0.0
KXBIGEASTREG-26-MARQ,Will Marquette be the Big East regular season champions?,KXBIGEASTREG-26,,,2026-03-23T14:00:00Z,,144,1.0,96.0,4.0,99.0,2.5,97.5,100.0,-99.0,sell_both,10000.0,9900.0,99.0,250.9375,3.0,0.0
KXBIGEASTREG-26-CREI,Will Creighton be the Big East regular season champions?,KXBIGEASTREG-26,,,2026-03-23T14:00:00Z,,144,5.0,88.0,12.0,95.0,8.5,91.5,100.0,-99.0,sell_both,10000.0,9900.0,99.0,250.9375,7.0,0.0
KXBIGEASTREG-26-CONN,Will UConn be the Big East regular season champions?,KXBIGEASTREG-26,,,2026-03-23T14:00:00Z,,144,43.0,52.0,48.0,57.0,45.5,54.5,100.0,-99.0,sell_both,10000.0,9900.0,99.0,250.9375,5.0,0.0
KXEARNINGSMENTIONNVDA-26MAR31-VR,What will NVIDIA Corporation say during their next earnings call?,KXEARNINGSMENTIONNVDA-26MAR31,,,2026-03-31T14:00:00Z,,152,10.0,80.0,20.0,90.0,15.0,85.0,100.0,-99.0,sell_both,10000.0,9900.0,99.0,237.7302631578947,10.0,0.0
KXEARNINGSMENTIONNVDA-26MAR31-TSMC,What will NVIDIA Corporation say during their next earnings call?,KXEARNINGSMENTIONNVDA-26MAR31,,,2026-03-31T14:00:00Z,,152,70.0,20.0,80.0,30.0,75.0,25.0,100.0,-99.0,sell_both,10000.0,9900.0,99.0,237.7302631578947,10.0,0.0
KXEARNINGSMENTIONNVDA-26MAR31-TRUM,What will NVIDIA Corporation say during their next earnings call?,KXEARNINGSMENTIONNVDA-26MAR31,,,2026-03-31T14:00:00Z,,152,33.0,57.0,43.0,67.0,38.0,62.0,100.0,-99.0,sell_both,10000.0,9900.0,99.0,237.7302631578947,10.0,0.0
KXEARNINGSMENTIONNVDA-26MAR31-TARI,What will NVIDIA Corporation say during their next earnings call?,KXEARNINGSMENTIONNVDA-26MAR31,,,2026-03-31T14:00:00Z,,152,37.0,53.0,47.0,63.0,42.0,58.0,100.0,-99.0,sell_both,10000.0,9900.0,99.0,237.7302631578947,10.0,0.0
KXEARNINGSMENTIONNVDA-26MAR31-TALE,What will NVIDIA Corporation say during their next earnings call?,KXEARNINGSMENTIONNVDA-26MAR31,,,2026-03-31T14:00:00Z,,152,35.0,55.0,45.0,65.0,40.0,60.0,100.0,-99.0,sell_both,10000.0,9900.0,99.0,237.7302631578947,10.0,0.0
KXEARNINGSMENTIONNVDA-26MAR31-TAIW,What will NVIDIA Corporation say during their next earnings call?,KXEARNINGSMENTIONNVDA-26MAR31,,,2026-03-31T14:00:00Z,,152,15.0,75.0,25.0,85.0,20.0,80.0,100.0,-99.0,sell_both,10000.0,9900.0,99.0,237.7302631578947,10.0,0.0
KXEARNINGSMENTIONNVDA-26MAR31-SELF,What will NVIDIA Corporation say during their next earnings call?,KXEARNINGSMENTIONNVDA-26MAR31,,,2026-03-31T14:00:00Z,,152,72.0,18.0,82.0,28.0,77.0,23.0,100.0,-99.0,sell_both,10000.0,9900.0,99.0,237.7302631578947,10.0,0.0
KXEARNINGSMENTIONNVDA-26MAR31-OMNI,What will NVIDIA Corporation say during their next earnings call?,KXEARNINGSMENTIONNVDA-26MAR31,,,2026-03-31T14:00:00Z,,152,73.0,17.0,83.0,27.0,78.0,22.0,100.0,-99.0,sell_both,10000.0,9900.0,99.0,237.7302631578947,10.0,0.0
KXEARNINGSMENTIONNVDA-26MAR31-HYPE,What will NVIDIA Corporation say during their next earnings call?,KXEARNINGSMENTIONNVDA-26MAR31,,,2026-03-31T14:00:00Z,,152,65.0,25.0,75.0,35.0,70.0,30.0,100.0,-99.0,sell_both,10000.0,9900.0,99.0,237.7302631578947,10.0,0.0
KXEARNINGSMENTIONNVDA-26MAR31-HUMA,What will NVIDIA Corporation say during their next earnings call?,KXEARNINGSMENTIONNVDA-26MAR31,,,2026-03-31T14:00:00Z,,152,74.0,16.0,84.0,26.0,79.0,21.0,100.0,-99.0,sell_both,10000.0,9900.0,99.0,237.7302631578947,10.0,0.0
KXEARNINGSMENTIONNVDA-26MAR31-H20,What will NVIDIA Corporation say during their next earnings call?,KXEARNINGSMENTIONNVDA-26MAR31,,,2026-03-31T14:00:00Z,,152,86.0,10.0,90.0,14.0,88.0,12.0,100.0,-99.0,sell_both,10000.0,9900.0,99.0,237.7302631578947,4.0,0.0
KXEARNINGSMENTIONNVDA-26MAR31-GM,What will NVIDIA Corporation say during their next earnings call?,KXEARNINGSMENTIONNVDA-26MAR31,,,2026-03-31T14:00:00Z,,152,10.0,80.0,20.0,90.0,15.0,85.0,100.0,-99.0,sell_both,10000.0,9900.0,99.0,237.7302631578947,10.0,0.0
KXEARNINGSMENTIONNVDA-26MAR31-GAMI,What will NVIDIA Corporation say during their next earnings call?,KXEARNINGSMENTIONNVDA-26MAR31,,,2026-03-31T14:00:00Z,,152,88.0,10.0,90.0,12.0,89.0,11.0,100.0,-99.0,sell_both,10000.0,9900.0,99.0,237.7302631578947,2.0,0.0
KXEARNINGSMENTIONNVDA-26MAR31-DOME,What will NVIDIA Corporation say during their next earnings call?,KXEARNINGSMENTIONNVDA-26MAR31,,,2026-03-31T14:00:00Z,,152,30.0,60.0,40.0,70.0,35.0,65.0,100.0,-99.0,sell_both,10000.0,9900.0,99.0,237.7302631578947,10.0,0.0
KXEARNINGSMENTIONNVDA-26MAR31-COSM,What will NVIDIA Corporation say during their next earnings call?,KXEARNINGSMENTIONNVDA-26MAR31,,,2026-03-31T14:00:00Z,,152,55.0,35.0,65.0,45.0,60.0,40.0,100.0,-99.0,sell_both,10000.0,9900.0,99.0,237.7302631578947,10.0,0.0
KXEARNINGSMENTIONNVDA-26MAR31-AUTO,What will NVIDIA Corporation say during their next earnings call?,KXEARNINGSMENTIONNVDA-26MAR31,,,2026-03-31T14:00:00Z,,152,30.0,60.0,40.0,70.0,35.0,65.0,100.0,-99.0,sell_both,10000.0,9900.0,99.0,237.7302631578947,10.0,0.0
KXEARNINGSMENTIONNVDA-26MAR31-ARIZ,What will NVIDIA Corporation say during their next earnings call?,KXEARNINGSMENTIONNVDA-26MAR31,,,2026-03-31T14:00:00Z,,152,32.0,58.0,42.0,68.0,37.0,63.0,100.0,-99.0,sell_both,10000.0,9900.0,99.0,237.7302631578947,10.0,0.0
KXEARNINGSMENTIONDKNG-25NOV06-CFTC,What will DraftKings Inc. say during their next earnings call?,KXEARNINGSMENTIONDKNG-25NOV06,,,2026-03-31T14:00:00Z,,152,44.0,46.0,54.0,56.0,49.0,51.0,100.0,-99.0,sell_both,10000.0,9900.0,99.0,237.7302631578947,10.0,0.0
KXEARNINGSMENTIONRDDT-26MAR31-TRAF,"What will Reddit, Inc. say during their next earnings call?",KXEARNINGSMENTIONRDDT-26MAR31,,,2026-03-31T14:00:00Z,,152,85.0,7.0,93.0,15.0,89.0,11.0,100.0,-99.0,sell_both,10000.0,9900.0,99.0,237.7302631578947,8.0,0.0
KXEARNINGSMENTIONRDDT-26MAR31-TIKT,"What will Reddit, Inc. say during their next earnings call?",KXEARNINGSMENTIONRDDT-26MAR31,,,2026-03-31T14:00:00Z,,152,10.0,82.0,18.0,90.0,14.0,86.0,100.0,-99.0,sell_both,10000.0,9900.0,99.0,237.7302631578947,8.0,0.0
KXEARNINGSMENTIONRDDT-26MAR31-SMAR,"What will Reddit, Inc. say during their next earnings call?",KXEARNINGSMENTIONRDDT-26MAR31,,,2026-03-31T14:00:00Z,,152,24.0,66.0,34.0,76.0,29.0,71.0,100.0,-99.0,sell_both,10000.0,9900.0,99.0,237.7302631578947,10.0,0.0
KXEARNINGSMENTIONRDDT-26MAR31-SHUT,"What will Reddit, Inc. say during their next earnings call?",KXEARNINGSMENTIONRDDT-26MAR31,,,2026-03-31T14:00:00Z,,152,5.0,94.0,6.0,95.0,5.5,94.5,100.0,-99.0,sell_both,10000.0,9900.0,99.0,237.7302631578947,1.0,0.0
KXEARNINGSMENTIONRDDT-26MAR31-REDD,"What will Reddit, Inc. say during their next earnings call?",KXEARNINGSMENTIONRDDT-26MAR31,,,2026-03-31T14:00:00Z,,152,73.0,17.0,83.0,27.0,78.0,22.0,100.0,-99.0,sell_both,10000.0,9900.0,99.0,237.7302631578947,10.0,0.0
KXEARNINGSMENTIONRDDT-26MAR31-OPEN,"What will Reddit, Inc. say during their next earnings call?",KXEARNINGSMENTIONRDDT-26MAR31,,,2026-03-31T14:00:00Z,,152,31.0,60.0,40.0,69.0,35.5,64.5,100.0,-99.0,sell_both,10000.0,9900.0,99.0,237.7302631578947,9.0,0.0
KXEARNINGSMENTIONRDDT-26MAR31-MACH,"What will Reddit, Inc. say during their next earnings call?",KXEARNINGSMENTIONRDDT-26MAR31,,,2026-03-31T14:00:00Z,,152,80.0,13.0,87.0,20.0,83.5,16.5,100.0,-99.0,sell_both,10000.0,9900.0,99.0,237.7302631578947,7.0,0.0
KXEARNINGSMENTIONRDDT-26MAR31-GAME,"What will Reddit, Inc. say during their next earnings call?",KXEARNINGSMENTIONRDDT-26MAR31,,,2026-03-31T14:00:00Z,,152,52.0,39.0,61.0,48.0,56.5,43.5,100.0,-99.0,sell_both,10000.0,9900.0,99.0,237.7302631578947,9.0,0.0
KXEARNINGSMENTIONRDDT-26MAR31-ELEC,"What will Reddit, Inc. say during their next earnings call?",KXEARNINGSMENTIONRDDT-26MAR31,,,2026-03-31T14:00:00Z,,152,10.0,80.0,20.0,90.0,15.0,85.0,100.0,-99.0,sell_both,10000.0,9900.0,99.0,237.7302631578947,10.0,0.0
KXEARNINGSMENTIONRDDT-26MAR31-ALGO,"What will Reddit, Inc. say during their next earnings call?",KXEARNINGSMENTIONRDDT-26MAR31,,,2026-03-31T14:00:00Z,,152,66.0,27.0,73.0,34.0,69.5,30.5,100.0,-99.0,sell_both,10000.0,9900.0,99.0,237.7302631578947,7.0,0.0
KXEARNINGSMENTIONROKU-26MAR31-TARI,"What will Roku, Inc. say during their next earnings call?",KXEARNINGSMENTIONROKU-26MAR31,,,2026-03-31T14:00:00Z,,152,21.0,71.0,29.0,79.0,25.0,75.0,100.0,-99.0,sell_both,10000.0,9900.0,99.0,237.7302631578947,8.0,0.0
KXEARNINGSMENTIONROKU-26MAR31-SHUT,"What will Roku, Inc. say during their next earnings call?",KXEARNINGSMENTIONROKU-26MAR31,,,2026-03-31T14:00:00Z,,152,12.0,85.0,15.0,88.0,13.5,86.5,100.0,-99.0,sell_both,10000.0,9900.0,99.0,237.7302631578947,3.0,0.0
KXEARNINGSMENTIONROKU-26MAR31-ROKUC,"What will Roku, Inc. say during their next earnings call?",KXEARNINGSMENTIONROKU-26MAR31,,,2026-03-31T14:00:00Z,,152,81.0,13.0,87.0,19.0,84.0,16.0,100.0,-99.0,sell_both,10000.0,9900.0,99.0,237.7302631578947,6.0,0.0
KXEARNINGSMENTIONROKU-26MAR31-ROKU,"What will Roku, Inc. say during their next earnings call?",KXEARNINGSMENTIONROKU-26MAR31,,,2026-03-31T14:00:00Z,,152,83.0,8.0,92.0,17.0,87.5,12.5,100.0,-99.0,sell_both,10000.0,9900.0,99.0,237.7302631578947,9.0,0.0
KXEARNINGSMENTIONROKU-26MAR31-LIVE,"What will Roku, Inc. say during their next earnings call?",KXEARNINGSMENTIONROKU-26MAR31,,,2026-03-31T14:00:00Z,,152,61.0,30.0,70.0,39.0,65.5,34.5,100.0,-99.0,sell_both,10000.0,9900.0,99.0,237.7302631578947,9.0,0.0
KXEARNINGSMENTIONROKU-26MAR31-HOWD,"What will Roku, Inc. say during their next earnings call?",KXEARNINGSMENTIONROKU-26MAR31,,,2026-03-31T14:00:00Z,,152,72.0,19.0,81.0,28.0,76.5,23.5,100.0,-99.0,sell_both,10000.0,9900.0,99.0,237.7302631578947,9.0,0.0
KXEARNINGSMENTIONROKU-26MAR31-HOUR,"What will Roku, Inc. say during their next earnings call?",KXEARNINGSMENTIONROKU-26MAR31,,,2026-03-31T14:00:00Z,,152,53.0,40.0,60.0,47.0,56.5,43.5,100.0,-99.0,sell_both,10000.0,9900.0,99.0,237.7302631578947,7.0,0.0
KXEARNINGSMENTIONROKU-26MAR31-HOLI,"What will Roku, Inc. say during their next earnings call?",KXEARNINGSMENTIONROKU-26MAR31,,,2026-03-31T14:00:00Z,,152,33.0,61.0,39.0,67.0,36.0,64.0,100.0,-99.0,sell_both,10000.0,9900.0,99.0,237.7302631578947,6.0,0.0
KXEARNINGSMENTIONROKU-26MAR31-FREE,"What will Roku, Inc. say during their next earnings call?",KXEARNINGSMENTIONROKU-26MAR31,,,2026-03-31T14:00:00Z,,152,27.0,66.0,34.0,73.0,30.5,69.5,100.0,-99.0,sell_both,10000.0,9900.0,99.0,237.7302631578947,7.0,0.0
KXEARNINGSMENTIONROKU-26MAR31-BUND,"What will Roku, Inc. say during their next earnings call?",KXEARNINGSMENTIONROKU-26MAR31,,,2026-03-31T14:00:00Z,,152,32.0,62.0,38.0,68.0,35.0,65.0,100.0,-99.0,sell_both,10000.0,9900.0,99.0,237.7302631578947,6.0,0.0
KXEARNINGSMENTIONROKU-26MAR31-BRAZ,"What will Roku, Inc. say during their next earnings call?",KXEARNINGSMENTIONROKU-26MAR31,,,2026-03-31T14:00:00Z,,152,42.0,52.0,48.0,58.0,45.0,55.0,100.0,-99.0,sell_both,10000.0,9900.0,99.0,237.7302631578947,6.0,0.0
KXEARNINGSMENTIONROKU-26MAR31-ACQU,"What will Roku, Inc. say during their next earnings call?",KXEARNINGSMENTIONROKU-26MAR31,,,2026-03-31T14:00:00Z,,152,76.0,19.0,81.0,24.0,78.5,21.5,100.0,-99.0,sell_both,10000.0,9900.0,99.0,237.7302631578947,5.0,0.0
KXEARNINGSMENTIONDELL-26MAR31-ZOHO,What will Dell Technologies Inc. say during their next earnings call?,KXEARNINGSMENTIONDELL-26MAR31,,,2026-03-31T14:00:00Z,,152,45.0,45.0,55.0,55.0,50.0,50.0,100.0,-99.0,sell_both,10000.0,9900.0,99.0,237.7302631578947,10.0,0.0
KXEARNINGSMENTIONDELL-26MAR31-WIND,What will Dell Technologies Inc. say during their next earnings call?,KXEARNINGSMENTIONDELL-26MAR31,,,2026-03-31T14:00:00Z,,152,75.0,15.0,85.0,25.0,80.0,20.0,100.0,-99.0,sell_both,10000.0,9900.0,99.0,237.7302631578947,10.0,0.0
KXEARNINGSMENTIONDELL-26MAR31-RTX,What will Dell Technologies Inc. say during their next earnings call?,KXEARNINGSMENTIONDELL-26MAR31,,,2026-03-31T14:00:00Z,,152,23.0,67.0,33.0,77.0,28.0,72.0,100.0,-99.0,sell_both,10000.0,9900.0,99.0,237.7302631578947,10.0,0.0
KXEARNINGSMENTIONDELL-26MAR31-POWE,What will Dell Technologies Inc. say during their next earnings call?,KXEARNINGSMENTIONDELL-26MAR31,,,2026-03-31T14:00:00Z,,152,41.0,54.0,46.0,59.0,43.5,56.5,100.0,-99.0,sell_both,10000.0,9900.0,99.0,237.7302631578947,5.0,0.0
KXEARNINGSMENTIONDELL-26MAR31-NVID,What will Dell Technologies Inc. say during their next earnings call?,KXEARNINGSMENTIONDELL-26MAR31,,,2026-03-31T14:00:00Z,,152,47.0,43.0,57.0,53.0,52.0,48.0,100.0,-99.0,sell_both,10000.0,9900.0,99.0,237.7302631578947,10.0,0.0
KXEARNINGSMENTIONDELL-26MAR31-NEW,What will Dell Technologies Inc. say during their next earnings call?,KXEARNINGSMENTIONDELL-26MAR31,,,2026-03-31T14:00:00Z,,152,65.0,25.0,75.0,35.0,70.0,30.0,100.0,-99.0,sell_both,10000.0,9900.0,99.0,237.7302631578947,10.0,0.0
KXEARNINGSMENTIONDELL-26MAR31-EPS,What will Dell Technologies Inc. say during their next earnings call?,KXEARNINGSMENTIONDELL-26MAR31,,,2026-03-31T14:00:00Z,,152,78.0,12.0,88.0,22.0,83.0,17.0,100.0,-99.0,sell_both,10000.0,9900.0,99.0,237.7302631578947,10.0,0.0
KXEARNINGSMENTIONDELL-26MAR31-DIVI,What will Dell Technologies Inc. say during their next earnings call?,KXEARNINGSMENTIONDELL-26MAR31,,,2026-03-31T14:00:00Z,,152,55.0,37.0,63.0,45.0,59.0,41.0,100.0,-99.0,sell_both,10000.0,9900.0,99.0,237.7302631578947,8.0,0.0
KXEARNINGSMENTIONDELL-26MAR31-DELL,What will Dell Technologies Inc. say during their next earnings call?,KXEARNINGSMENTIONDELL-26MAR31,,,2026-03-31T14:00:00Z,,152,51.0,37.0,63.0,49.0,57.0,43.0,100.0,-99.0,sell_both,10000.0,9900.0,99.0,237.7302631578947,12.0,0.0
KXEARNINGSMENTIONDELL-26MAR31-CONF,What will Dell Technologies Inc. say during their next earnings call?,KXEARNINGSMENTIONDELL-26MAR31,,,2026-03-31T14:00:00Z,,152,62.0,28.0,72.0,38.0,67.0,33.0,100.0,-99.0,sell_both,10000.0,9900.0,99.0,237.7302631578947,10.0,0.0
KXEARNINGSMENTIONDELL-26MAR31-CHIN,What will Dell Technologies Inc. say during their next earnings call?,KXEARNINGSMENTIONDELL-26MAR31,,,2026-03-31T14:00:00Z,,152,20.0,70.0,30.0,80.0,25.0,75.0,100.0,-99.0,sell_both,10000.0,9900.0,99.0,237.7302631578947,10.0,0.0
KXEARNINGSMENTIONDELL-26MAR31-AI,What will Dell Technologies Inc. say during their next earnings call?,KXEARNINGSMENTIONDELL-26MAR31,,,2026-03-31T14:00:00Z,,152,77.0,18.0,82.0,23.0,79.5,20.5,100.0,-99.0,sell_both,10000.0,9900.0,99.0,237.7302631578947,5.0,0.0
KXEARNINGSMENTIONUBER-25OCT30-TAYL,"What will Uber Technologies, Inc. say during their next earnings call?",KXEARNINGSMENTIONUBER-25OCT30,,,2026-03-31T14:00:00Z,,152,21.0,70.0,30.0,79.0,25.5,74.5,100.0,-99.0,sell_both,10000.0,9900.0,99.0,237.7302631578947,9.0,0.0
KXEARNINGSMENTIONDKNG-25NOV06-RETE,What will DraftKings Inc. say during their next earnings call?,KXEARNINGSMENTIONDKNG-25NOV06,,,2026-03-31T14:00:00Z,,152,60.0,30.0,70.0,40.0,65.0,35.0,100.0,-99.0,sell_both,10000.0,9900.0,99.0,237.7302631578947,10.0,0.0
KXEARNINGSMENTIONDKNG-25NOV06-REGU,What will DraftKings Inc. say during their next earnings call?,KXEARNINGSMENTIONDKNG-25NOV06,,,2026-03-31T14:00:00Z,,152,40.0,51.0,49.0,60.0,44.5,55.5,100.0,-99.0,sell_both,10000.0,9900.0,99.0,237.7302631578947,9.0,0.0
KXEARNINGSMENTIONDKNG-25NOV06-PREDICTION,What will DraftKings Inc. say during their next earnings call?,KXEARNINGSMENTIONDKNG-25NOV06,,,2026-03-31T14:00:00Z,,152,92.0,7.0,93.0,8.0,92.5,7.5,100.0,-99.0,sell_both,10000.0,9900.0,99.0,237.7302631578947,1.0,0.0
KXEARNINGSMENTIONDKNG-25NOV06-NBC,What will DraftKings Inc. say during their next earnings call?,KXEARNINGSMENTIONDKNG-25NOV06,,,2026-03-31T14:00:00Z,,152,49.0,41.0,59.0,51.0,54.0,46.0,100.0,-99.0,sell_both,10000.0,9900.0,99.0,237.7302631578947,10.0,0.0
KXEARNINGSMENTIONDKNG-25NOV06-MISS,What will DraftKings Inc. say during their next earnings call?,KXEARNINGSMENTIONDKNG-25NOV06,,,2026-03-31T14:00:00Z,,152,80.0,12.0,88.0,20.0,84.0,16.0,100.0,-99.0,sell_both,10000.0,9900.0,99.0,237.7302631578947,8.0,0.0
KXEARNINGSMENTIONDKNG-25NOV06-MARK,What will DraftKings Inc. say during their next earnings call?,KXEARNINGSMENTIONDKNG-25NOV06,,,2026-03-31T14:00:00Z,,152,85.0,12.0,88.0,15.0,86.5,13.5,100.0,-99.0,sell_both,10000.0,9900.0,99.0,237.7302631578947,3.0,0.0
KXEARNINGSMENTIONDKNG-25NOV06-IGAM,What will DraftKings Inc. say during their next earnings call?,KXEARNINGSMENTIONDKNG-25NOV06,,,2026-03-31T14:00:00Z,,152,90.0,6.0,94.0,10.0,92.0,8.0,100.0,-99.0,sell_both,10000.0,9900.0,99.0,237.7302631578947,4.0,0.0
KXEARNINGSMENTIONDKNG-25NOV06-FEAT,What will DraftKings Inc. say during their next earnings call?,KXEARNINGSMENTIONDKNG-25NOV06,,,2026-03-31T14:00:00Z,,152,56.0,36.0,64.0,44.0,60.0,40.0,100.0,-99.0,sell_both,10000.0,9900.0,99.0,237.7302631578947,8.0,0.0
KXEARNINGSMENTIONDKNG-25NOV06-EXPA,What will DraftKings Inc. say during their next earnings call?,KXEARNINGSMENTIONDKNG-25NOV06,,,2026-03-31T14:00:00Z,,152,57.0,34.0,66.0,43.0,61.5,38.5,100.0,-99.0,sell_both,10000.0,9900.0,99.0,237.7302631578947,9.0,0.0
KXEARNINGSMENTIONDKNG-25NOV06-ENGA,What will DraftKings Inc. say during their next earnings call?,KXEARNINGSMENTIONDKNG-25NOV06,,,2026-03-31T14:00:00Z,,152,72.0,18.0,82.0,28.0,77.0,23.0,100.0,-99.0,sell_both,10000.0,9900.0,99.0,237.7302631578947,10.0,0.0
KXEARNINGSMENTIONDKNG-25NOV06-COMP,What will DraftKings Inc. say during their next earnings call?,KXEARNINGSMENTIONDKNG-25NOV06,,,2026-03-31T14:00:00Z,,152,69.0,21.0,79.0,31.0,74.0,26.0,100.0,-99.0,sell_both,10000.0,9900.0,99.0,237.7302631578947,10.0,0.0
KXEARNINGSMENTIONDKNG-25NOV06-CANA,What will DraftKings Inc. say during their next earnings call?,KXEARNINGSMENTIONDKNG-25NOV06,,,2026-03-31T14:00:00Z,,152,28.0,66.0,34.0,72.0,31.0,69.0,100.0,-99.0,sell_both,10000.0,9900.0,99.0,237.7302631578947,6.0,0.0
KXEARNINGSMENTIONEA-25OCT28-SAUD,What will Electronic Arts Inc. say during their next earnings call?,KXEARNINGSMENTIONEA-25OCT28,,,2026-03-31T14:00:00Z,,152,5.0,89.0,11.0,95.0,8.0,92.0,100.0,-99.0,sell_both,10000.0,9900.0,99.0,237.7302631578947,6.0,0.0
KXEARNINGSMENTIONEA-25OCT28-JARE,What will Electronic Arts Inc. say during their next earnings call?,KXEARNINGSMENTIONEA-25OCT28,,,2026-03-31T14:00:00Z,,152,5.0,89.0,11.0,95.0,8.0,92.0,100.0,-99.0,sell_both,10000.0,9900.0,99.0,237.7302631578947,6.0,0.0
KXEARNINGSMENTIONHOOD-25OCT29-KLSH,"What will Robinhood Markets, Inc. say during their next earnings call?",KXEARNINGSMENTIONHOOD-25OCT29,,,2026-03-31T14:00:00Z,,152,66.0,25.0,75.0,34.0,70.5,29.5,100.0,-99.0,sell_both,10000.0,9900.0,99.0,237.7302631578947,9.0,0.0
KXEARNINGSMENTIONUBER-25OCT30-WAYM,"What will Uber Technologies, Inc. say during their next earnings call?",KXEARNINGSMENTIONUBER-25OCT30,,,2026-03-31T14:00:00Z,,152,86.0,7.0,93.0,14.0,89.5,10.5,100.0,-99.0,sell_both,10000.0,9900.0,99.0,237.7302631578947,7.0,0.0
KXEARNINGSMENTIONUBER-25OCT30-UEXP,"What will Uber Technologies, Inc. say during their next earnings call?",KXEARNINGSMENTIONUBER-25OCT30,,,2026-03-31T14:00:00Z,,152,8.0,85.0,15.0,92.0,11.5,88.5,100.0,-99.0,sell_both,10000.0,9900.0,99.0,237.7302631578947,7.0,0.0
KXEARNINGSMENTIONUBER-25OCT30-SAFE,"What will Uber Technologies, Inc. say during their next earnings call?",KXEARNINGSMENTIONUBER-25OCT30,,,2026-03-31T14:00:00Z,,152,74.0,24.0,76.0,26.0,75.0,25.0,100.0,-99.0,sell_both,10000.0,9900.0,99.0,237.7302631578947,2.0,0.0
KXEARNINGSMENTIONUBER-25OCT30-REGU,"What will Uber Technologies, Inc. say during their next earnings call?",KXEARNINGSMENTIONUBER-25OCT30,,,2026-03-31T14:00:00Z,,152,56.0,40.0,60.0,44.0,58.0,42.0,100.0,-99.0,sell_both,10000.0,9900.0,99.0,237.7302631578947,4.0,0.0
KXEARNINGSMENTIONUBER-25OCT30-MKTS,"What will Uber Technologies, Inc. say during their next earnings call?",KXEARNINGSMENTIONUBER-25OCT30,,,2026-03-31T14:00:00Z,,152,17.0,78.0,22.0,83.0,19.5,80.5,100.0,-99.0,sell_both,10000.0,9900.0,99.0,237.7302631578947,5.0,0.0
KXEARNINGSMENTIONUBER-25OCT30-LYFT,"What will Uber Technologies, Inc. say during their next earnings call?",KXEARNINGSMENTIONUBER-25OCT30,,,2026-03-31T14:00:00Z,,152,35.0,61.0,39.0,65.0,37.0,63.0,100.0,-99.0,sell_both,10000.0,9900.0,99.0,237.7302631578947,4.0,0.0
KXEARNINGSMENTIONUBER-25OCT30-LUCD,"What will Uber Technologies, Inc. say during their next earnings call?",KXEARNINGSMENTIONUBER-25OCT30,,,2026-03-31T14:00:00Z,,152,64.0,26.0,74.0,36.0,69.0,31.0,100.0,-99.0,sell_both,10000.0,9900.0,99.0,237.7302631578947,10.0,0.0
KXEARNINGSMENTIONUBER-25OCT30-JOBY,"What will Uber Technologies, Inc. say during their next earnings call?",KXEARNINGSMENTIONUBER-25OCT30,,,2026-03-31T14:00:00Z,,152,55.0,44.0,56.0,45.0,55.5,44.5,100.0,-99.0,sell_both,10000.0,9900.0,99.0,237.7302631578947,1.0,0.0
KXEARNINGSMENTIONUBER-25OCT30-INNV,"What will Uber Technologies, Inc. say during their next earnings call?",KXEARNINGSMENTIONUBER-25OCT30,,,2026-03-31T14:00:00Z,,152,55.0,39.0,61.0,45.0,58.0,42.0,100.0,-99.0,sell_both,10000.0,9900.0,99.0,237.7302631578947,6.0,0.0
KXEARNINGSMENTIONUBER-25OCT30-FRGT,"What will Uber Technologies, Inc. say during their next earnings call?",KXEARNINGSMENTIONUBER-25OCT30,,,2026-03-31T14:00:00Z,,152,23.0,73.0,27.0,77.0,25.0,75.0,100.0,-99.0,sell_both,10000.0,9900.0,99.0,237.7302631578947,4.0,0.0
KXEARNINGSMENTIONUBER-25OCT30-EXPN,"What will Uber Technologies, Inc. say during their next earnings call?",KXEARNINGSMENTIONUBER-25OCT30,,,2026-03-31T14:00:00Z,,152,60.0,32.0,68.0,40.0,64.0,36.0,100.0,-99.0,sell_both,10000.0,9900.0,99.0,237.7302631578947,8.0,0.0
KXEARNINGSMENTIONUBER-25OCT30-DRVI,"What will Uber Technologies, Inc. say during their next earnings call?",KXEARNINGSMENTIONUBER-25OCT30,,,2026-03-31T14:00:00Z,,152,10.0,82.0,18.0,90.0,14.0,86.0,100.0,-99.0,sell_both,10000.0,9900.0,99.0,237.7302631578947,8.0,0.0
KXEARNINGSMENTIONUBER-25OCT30-DELV,"What will Uber Technologies, Inc. say during their next earnings call?",KXEARNINGSMENTIONUBER-25OCT30,,,2026-03-31T14:00:00Z,,152,90.0,3.0,97.0,10.0,93.5,6.5,100.0,-99.0,sell_both,10000.0,9900.0,99.0,237.7302631578947,7.0,0.0
KXEARNINGSMENTIONUBER-25OCT30-COPT,"What will Uber Technologies, Inc. say during their next earnings call?",KXEARNINGSMENTIONUBER-25OCT30,,,2026-03-31T14:00:00Z,,152,10.0,83.0,17.0,90.0,13.5,86.5,100.0,-99.0,sell_both,10000.0,9900.0,99.0,237.7302631578947,7.0,0.0
KXEARNINGSMENTIONUBER-25OCT30-AUTO,"What will Uber Technologies, Inc. say during their next earnings call?",KXEARNINGSMENTIONUBER-25OCT30,,,2026-03-31T14:00:00Z,,152,82.0,9.0,91.0,18.0,86.5,13.5,100.0,-99.0,sell_both,10000.0,9900.0,99.0,237.7302631578947,9.0,0.0
KXEARNINGSMENTIONHOOD-25OCT29-TRAD,"What will Robinhood Markets, Inc. say during their next earnings call?",KXEARNINGSMENTIONHOOD-25OCT29,,,2026-03-31T14:00:00Z,,152,88.0,6.0,94.0,12.0,91.0,9.0,100.0,-99.0,sell_both,10000.0,9900.0,99.0,237.7302631578947,6.0,0.0
KXEARNINGSMENTIONHOOD-25OCT29-TOKN,"What will Robinhood Markets, Inc. say during their next earnings call?",KXEARNINGSMENTIONHOOD-25OCT29,,,2026-03-31T14:00:00Z,,152,83.0,9.0,91.0,17.0,87.0,13.0,100.0,-99.0,sell_both,10000.0,9900.0,99.0,237.7302631578947,8.0,0.0
KXEARNINGSMENTIONHOOD-25OCT29-SOCL,"What will Robinhood Markets, Inc. say during their next earnings call?",KXEARNINGSMENTIONHOOD-25OCT29,,,2026-03-31T14:00:00Z,,152,75.0,17.0,83.0,25.0,79.0,21.0,100.0,-99.0,sell_both,10000.0,9900.0,99.0,237.7302631578947,8.0,0.0
KXEARNINGSMENTIONHOOD-25OCT29-RETR,"What will Robinhood Markets, Inc. say during their next earnings call?",KXEARNINGSMENTIONHOOD-25OCT29,,,2026-03-31T14:00:00Z,,152,82.0,17.0,83.0,18.0,82.5,17.5,100.0,-99.0,sell_both,10000.0,9900.0,99.0,237.7302631578947,1.0,0.0
KXEARNINGSMENTIONHOOD-25OCT29-PMKT,"What will Robinhood Markets, Inc. say during their next earnings call?",KXEARNINGSMENTIONHOOD-25OCT29,,,2026-03-31T14:00:00Z,,152,92.0,4.0,96.0,8.0,94.0,6.0,100.0,-99.0,sell_both,10000.0,9900.0,99.0,237.7302631578947,4.0,0.0
KXEARNINGSMENTIONHOOD-25OCT29-MKTG,"What will Robinhood Markets, Inc. say during their next earnings call?",KXEARNINGSMENTIONHOOD-25OCT29,,,2026-03-31T14:00:00Z,,152,86.0,11.0,89.0,14.0,87.5,12.5,100.0,-99.0,sell_both,10000.0,9900.0,99.0,237.7302631578947,3.0,0.0
KXEARNINGSMENTIONHOOD-25OCT29-INTL,"What will Robinhood Markets, Inc. say during their next earnings call?",KXEARNINGSMENTIONHOOD-25OCT29,,,2026-03-31T14:00:00Z,,152,79.0,14.0,86.0,21.0,82.5,17.5,100.0,-99.0,sell_both,10000.0,9900.0,99.0,237.7302631578947,7.0,0.0
KXEARNINGSMENTIONHOOD-25OCT29-EXPN,"What will Robinhood Markets, Inc. say during their next earnings call?",KXEARNINGSMENTIONHOOD-25OCT29,,,2026-03-31T14:00:00Z,,152,86.0,10.0,90.0,14.0,88.0,12.0,100.0,-99.0,sell_both,10000.0,9900.0,99.0,237.7302631578947,4.0,0.0
KXEARNINGSMENTIONHOOD-25OCT29-BLOK,"What will Robinhood Markets, Inc. say during their next earnings call?",KXEARNINGSMENTIONHOOD-25OCT29,,,2026-03-31T14:00:00Z,,152,73.0,18.0,82.0,27.0,77.5,22.5,100.0,-99.0,sell_both,10000.0,9900.0,99.0,237.7302631578947,9.0,0.0
KXEARNINGSMENTIONHOOD-25OCT29-ACQS,"What will Robinhood Markets, Inc. say during their next earnings call?",KXEARNINGSMENTIONHOOD-25OCT29,,,2026-03-31T14:00:00Z,,152,85.0,12.0,88.0,15.0,86.5,13.5,100.0,-99.0,sell_both,10000.0,9900.0,99.0,237.7302631578947,3.0,0.0
KXEARNINGSMENTIONPLTR-25NOV03-WARP,What will Palantir Technologies Inc. say during their next earnings call?,KXEARNINGSMENTIONPLTR-25NOV03,,,2026-03-31T14:00:00Z,,152,76.0,18.0,82.0,24.0,79.0,21.0,100.0,-99.0,sell_both,10000.0,9900.0,99.0,237.7302631578947,6.0,0.0
KXEARNINGSMENTIONPLTR-25NOV03-TITN,What will Palantir Technologies Inc. say during their next earnings call?,KXEARNINGSMENTIONPLTR-25NOV03,,,2026-03-31T14:00:00Z,,152,6.0,90.0,10.0,94.0,8.0,92.0,100.0,-99.0,sell_both,10000.0,9900.0,99.0,237.7302631578947,4.0,0.0
KXEARNINGSMENTIONPLTR-25NOV03-REV,What will Palantir Technologies Inc. say during their next earnings call?,KXEARNINGSMENTIONPLTR-25NOV03,,,2026-03-31T14:00:00Z,,152,76.0,16.0,84.0,24.0,80.0,20.0,100.0,-99.0,sell_both,10000.0,9900.0,99.0,237.7302631578947,8.0,0.0
KXEARNINGSMENTIONPLTR-25NOV03-PART,What will Palantir Technologies Inc. say during their next earnings call?,KXEARNINGSMENTIONPLTR-25NOV03,,,2026-03-31T14:00:00Z,,152,82.0,11.0,89.0,18.0,85.5,14.5,100.0,-99.0,sell_both,10000.0,9900.0,99.0,237.7302631578947,7.0,0.0
KXEARNINGSMENTIONPLTR-25NOV03-INTL,What will Palantir Technologies Inc. say during their next earnings call?,KXEARNINGSMENTIONPLTR-25NOV03,,,2026-03-31T14:00:00Z,,152,90.0,8.0,92.0,10.0,91.0,9.0,100.0,-99.0,sell_both,10000.0,9900.0,99.0,237.7302631578947,2.0,0.0
KXEARNINGSMENTIONPLTR-25NOV03-HADN,What will Palantir Technologies Inc. say during their next earnings call?,KXEARNINGSMENTIONPLTR-25NOV03,,,2026-03-31T14:00:00Z,,152,66.0,25.0,75.0,34.0,70.5,29.5,100.0,-99.0,sell_both,10000.0,9900.0,99.0,237.7302631578947,9.0,0.0
KXEARNINGSMENTIONPLTR-25NOV03-GOVC,What will Palantir Technologies Inc. say during their next earnings call?,KXEARNINGSMENTIONPLTR-25NOV03,,,2026-03-31T14:00:00Z,,152,20.0,74.0,26.0,80.0,23.0,77.0,100.0,-99.0,sell_both,10000.0,9900.0,99.0,237.7302631578947,6.0,0.0
KXEARNINGSMENTIONPLTR-25NOV03-GOTH,What will Palantir Technologies Inc. say during their next earnings call?,KXEARNINGSMENTIONPLTR-25NOV03,,,2026-03-31T14:00:00Z,,152,9.0,83.0,17.0,91.0,13.0,87.0,100.0,-99.0,sell_both,10000.0,9900.0,99.0,237.7302631578947,8.0,0.0
KXEARNINGSMENTIONPLTR-25NOV03-FNDR,What will Palantir Technologies Inc. say during their next earnings call?,KXEARNINGSMENTIONPLTR-25NOV03,,,2026-03-31T14:00:00Z,,152,86.0,8.0,92.0,14.0,89.0,11.0,100.0,-99.0,sell_both,10000.0,9900.0,99.0,237.7302631578947,6.0,0.0
KXEARNINGSMENTIONPLTR-25NOV03-COMG,What will Palantir Technologies Inc. say during their next earnings call?,KXEARNINGSMENTIONPLTR-25NOV03,,,2026-03-31T14:00:00Z,,152,38.0,55.0,45.0,62.0,41.5,58.5,100.0,-99.0,sell_both,10000.0,9900.0,99.0,237.7302631578947,7.0,0.0
KXEARNINGSMENTIONPLTR-25NOV03-AUTO,What will Palantir Technologies Inc. say during their next earnings call?,KXEARNINGSMENTIONPLTR-25NOV03,,,2026-03-31T14:00:00Z,,152,22.0,70.0,30.0,78.0,26.0,74.0,100.0,-99.0,sell_both,10000.0,9900.0,99.0,237.7302631578947,8.0,0.0
KXEARNINGSMENTIONPLTR-25NOV03-AIGR,What will Palantir Technologies Inc. say during their next earnings call?,KXEARNINGSMENTIONPLTR-25NOV03,,,2026-03-31T14:00:00Z,,152,10.0,82.0,18.0,90.0,14.0,86.0,100.0,-99.0,sell_both,10000.0,9900.0,99.0,237.7302631578947,8.0,0.0
KXEARNINGSMENTIONAAPL-25OCT30-WIDG,What will Apple Inc. say during their next earnings call?,KXEARNINGSMENTIONAAPL-25OCT30,,,2026-03-31T14:00:00Z,,152,29.0,64.0,36.0,71.0,32.5,67.5,100.0,-99.0,sell_both,10000.0,9900.0,99.0,237.7302631578947,7.0,0.0
KXEARNINGSMENTIONAAPL-25OCT30-WEAR,What will Apple Inc. say during their next earnings call?,KXEARNINGSMENTIONAAPL-25OCT30,,,2026-03-31T14:00:00Z,,152,89.0,7.0,93.0,11.0,91.0,9.0,100.0,-99.0,sell_both,10000.0,9900.0,99.0,237.7302631578947,4.0,0.0
KXEARNINGSMENTIONAAPL-25OCT30-TSTU,What will Apple Inc. say during their next earnings call?,KXEARNINGSMENTIONAAPL-25OCT30,,,2026-03-31T14:00:00Z,,152,82.0,9.0,91.0,18.0,86.5,13.5,100.0,-99.0,sell_both,10000.0,9900.0,99.0,237.7302631578947,9.0,0.0
KXEARNINGSMENTIONAAPL-25OCT30-STRM,What will Apple Inc. say during their next earnings call?,KXEARNINGSMENTIONAAPL-25OCT30,,,2026-03-31T14:00:00Z,,152,25.0,52.0,48.0,75.0,36.5,63.5,100.0,-99.0,sell_both,10000.0,9900.0,99.0,237.7302631578947,23.0,0.0
KXEARNINGSMENTIONAAPL-25OCT30-SIRI,What will Apple Inc. say during their next earnings call?,KXEARNINGSMENTIONAAPL-25OCT30,,,2026-03-31T14:00:00Z,,152,80.0,17.0,83.0,20.0,81.5,18.5,100.0,-99.0,sell_both,10000.0,9900.0,99.0,237.7302631578947,3.0,0.0
KXEARNINGSMENTIONAAPL-25OCT30-MODM,What will Apple Inc. say during their next earnings call?,KXEARNINGSMENTIONAAPL-25OCT30,,,2026-03-31T14:00:00Z,,152,28.0,65.0,35.0,72.0,31.5,68.5,100.0,-99.0,sell_both,10000.0,9900.0,99.0,237.7302631578947,7.0,0.0
KXEARNINGSMENTIONAAPL-25OCT30-MANU,What will Apple Inc. say during their next earnings call?,KXEARNINGSMENTIONAAPL-25OCT30,,,2026-03-31T14:00:00Z,,152,71.0,26.0,74.0,29.0,72.5,27.5,100.0,-99.0,sell_both,10000.0,9900.0,99.0,237.7302631578947,3.0,0.0
KXEARNINGSMENTIONAAPL-25OCT30-M3,What will Apple Inc. say during their next earnings call?,KXEARNINGSMENTIONAAPL-25OCT30,,,2026-03-31T14:00:00Z,,152,30.0,67.0,33.0,70.0,31.5,68.5,100.0,-99.0,sell_both,10000.0,9900.0,99.0,237.7302631578947,3.0,0.0
KXEARNINGSMENTIONAAPL-25OCT30-F1,What will Apple Inc. say during their next earnings call?,KXEARNINGSMENTIONAAPL-25OCT30,,,2026-03-31T14:00:00Z,,152,72.0,24.0,76.0,28.0,74.0,26.0,100.0,-99.0,sell_both,10000.0,9900.0,99.0,237.7302631578947,4.0,0.0
KXEARNINGSMENTIONAAPL-25OCT30-CHIN,What will Apple Inc. say during their next earnings call?,KXEARNINGSMENTIONAAPL-25OCT30,,,2026-03-31T14:00:00Z,,152,95.0,4.0,96.0,5.0,95.5,4.5,100.0,-99.0,sell_both,10000.0,9900.0,99.0,237.7302631578947,1.0,0.0
KXEARNINGSMENTIONAAPL-25OCT30-APPY,What will Apple Inc. say during their next earnings call?,KXEARNINGSMENTIONAAPL-25OCT30,,,2026-03-31T14:00:00Z,,152,64.0,31.0,69.0,36.0,66.5,33.5,100.0,-99.0,sell_both,10000.0,9900.0,99.0,237.7302631578947,5.0,0.0
KXEARNINGSMENTIONAAPL-25OCT30-AINT,What will Apple Inc. say during their next earnings call?,KXEARNINGSMENTIONAAPL-25OCT30,,,2026-03-31T14:00:00Z,,152,91.0,2.0,98.0,9.0,94.5,5.5,100.0,-99.0,sell_both,10000.0,9900.0,99.0,237.7302631578947,7.0,0.0
KXEARNINGSMENTIONAMZN-25OCT30-THRD,"What will Amazon.com, Inc. say during their next earnings call?",KXEARNINGSMENTIONAMZN-25OCT30,,,2026-03-31T14:00:00Z,,152,62.0,31.0,69.0,38.0,65.5,34.5,100.0,-99.0,sell_both,10000.0,9900.0,99.0,237.7302631578947,7.0,0.0
KXEARNINGSMENTIONAMZN-25OCT30-TARF,"What will Amazon.com, Inc. say during their next earnings call?",KXEARNINGSMENTIONAMZN-25OCT30,,,2026-03-31T14:00:00Z,,152,87.0,7.0,93.0,13.0,90.0,10.0,100.0,-99.0,sell_both,10000.0,9900.0,99.0,237.7302631578947,6.0,0.0
KXEARNINGSMENTIONAMZN-25OCT30-SUPC,"What will Amazon.com, Inc. say during their next earnings call?",KXEARNINGSMENTIONAMZN-25OCT30,,,2026-03-31T14:00:00Z,,152,56.0,37.0,63.0,44.0,59.5,40.5,100.0,-99.0,sell_both,10000.0,9900.0,99.0,237.7302631578947,7.0,0.0
KXEARNINGSMENTIONAMZN-25OCT30-SPRD,"What will Amazon.com, Inc. say during their next earnings call?",KXEARNINGSMENTIONAMZN-25OCT30,,,2026-03-31T14:00:00Z,,152,66.0,32.0,68.0,34.0,67.0,33.0,100.0,-99.0,sell_both,10000.0,9900.0,99.0,237.7302631578947,2.0,0.0
KXEARNINGSMENTIONAMZN-25OCT30-RXPS,"What will Amazon.com, Inc. say during their next earnings call?",KXEARNINGSMENTIONAMZN-25OCT30,,,2026-03-31T14:00:00Z,,152,11.0,81.0,19.0,89.0,15.0,85.0,100.0,-99.0,sell_both,10000.0,9900.0,99.0,237.7302631578947,8.0,0.0
KXEARNINGSMENTIONAMZN-25OCT30-ROBT,"What will Amazon.com, Inc. say during their next earnings call?",KXEARNINGSMENTIONAMZN-25OCT30,,,2026-03-31T14:00:00Z,,152,91.0,5.0,95.0,9.0,93.0,7.0,100.0,-99.0,sell_both,10000.0,9900.0,99.0,237.7302631578947,4.0,0.0
KXEARNINGSMENTIONAMZN-25OCT30-PRMD,"What will Amazon.com, Inc. say during their next earnings call?",KXEARNINGSMENTIONAMZN-25OCT30,,,2026-03-31T14:00:00Z,,152,85.0,8.0,92.0,15.0,88.5,11.5,100.0,-99.0,sell_both,10000.0,9900.0,99.0,237.7302631578947,7.0,0.0
KXEARNINGSMENTIONAMZN-25OCT30-PRJK,"What will Amazon.com, Inc. say during their next earnings call?",KXEARNINGSMENTIONAMZN-25OCT30,,,2026-03-31T14:00:00Z,,152,76.0,17.0,83.0,24.0,79.5,20.5,100.0,-99.0,sell_both,10000.0,9900.0,99.0,237.7302631578947,7.0,0.0
KXEARNINGSMENTIONAMZN-25OCT30-OPMG,"What will Amazon.com, Inc. say during their next earnings call?",KXEARNINGSMENTIONAMZN-25OCT30,,,2026-03-31T14:00:00Z,,152,97.0,2.0,98.0,3.0,97.5,2.5,100.0,-99.0,sell_both,10000.0,9900.0,99.0,237.7302631578947,1.0,0.0
KXEARNINGSMENTIONAMZN-25OCT30-LIVS,"What will Amazon.com, Inc. say during their next earnings call?",KXEARNINGSMENTIONAMZN-25OCT30,,,2026-03-31T14:00:00Z,,152,75.0,17.0,83.0,25.0,79.0,21.0,100.0,-99.0,sell_both,10000.0,9900.0,99.0,237.7302631578947,8.0,0.11180339887498948
KXEARNINGSMENTIONAMZN-25OCT30-GNAI,"What will Amazon.com, Inc. say during their next earnings call?",KXEARNINGSMENTIONAMZN-25OCT30,,,2026-03-31T14:00:00Z,,152,86.0,6.0,94.0,14.0,90.0,10.0,100.0,-99.0,sell_both,10000.0,9900.0,99.0,237.7302631578947,8.0,0.0
KXEARNINGSMENTIONAMZN-25OCT30-CHIN,"What will Amazon.com, Inc. say during their next earnings call?",KXEARNINGSMENTIONAMZN-25OCT30,,,2026-03-31T14:00:00Z,,152,71.0,28.0,72.0,29.0,71.5,28.5,100.0,-99.0,sell_both,10000.0,9900.0,99.0,237.7302631578947,1.0,0.0
KXEARNINGSMENTIONAMZN-25OCT30-BEDR,"What will Amazon.com, Inc. say during their next earnings call?",KXEARNINGSMENTIONAMZN-25OCT30,,,2026-03-31T14:00:00Z,,152,75.0,17.0,83.0,25.0,79.0,21.0,100.0,-99.0,sell_both,10000.0,9900.0,99.0,237.7302631578947,8.0,0.0
KXEARNINGSMENTIONAMZN-25OCT30-ALXP,"What will Amazon.com, Inc. say during their next earnings call?",KXEARNINGSMENTIONAMZN-25OCT30,,,2026-03-31T14:00:00Z,,152,87.0,6.0,94.0,13.0,90.5,9.5,100.0,-99.0,sell_both,10000.0,9900.0,99.0,237.7302631578947,7.0,0.0
KXEARNINGSMENTIONEA-25OCT28-UNDP,What will Electronic Arts Inc. say during their next earnings call?,KXEARNINGSMENTIONEA-25OCT28,,,2026-03-31T14:00:00Z,,152,4.0,84.0,16.0,96.0,10.0,90.0,100.0,-99.0,sell_both,10000.0,9900.0,99.0,237.7302631578947,12.0,0.0
KXEARNINGSMENTIONEA-25OCT28-SPFC,What will Electronic Arts Inc. say during their next earnings call?,KXEARNINGSMENTIONEA-25OCT28,,,2026-03-31T14:00:00Z,,152,5.0,85.0,15.0,95.0,10.0,90.0,100.0,-99.0,sell_both,10000.0,9900.0,99.0,237.7302631578947,10.0,0.0
KXEARNINGSMENTIONEA-25OCT28-SKAT,What will Electronic Arts Inc. say during their next earnings call?,KXEARNINGSMENTIONEA-25OCT28,,,2026-03-31T14:00:00Z,,152,6.0,87.0,13.0,94.0,9.5,90.5,100.0,-99.0,sell_both,10000.0,9900.0,99.0,237.7302631578947,7.0,0.0
KXEARNINGSMENTIONEA-25OCT28-SIMS,What will Electronic Arts Inc. say during their next earnings call?,KXEARNINGSMENTIONEA-25OCT28,,,2026-03-31T14:00:00Z,,152,5.0,89.0,11.0,95.0,8.0,92.0,100.0,-99.0,sell_both,10000.0,9900.0,99.0,237.7302631578947,6.0,0.0
KXEARNINGSMENTIONEA-25OCT28-MOBL,What will Electronic Arts Inc. say during their next earnings call?,KXEARNINGSMENTIONEA-25OCT28,,,2026-03-31T14:00:00Z,,152,10.0,85.0,15.0,90.0,12.5,87.5,100.0,-99.0,sell_both,10000.0,9900.0,99.0,237.7302631578947,5.0,0.0
KXEARNINGSMENTIONEA-25OCT28-LIVE,What will Electronic Arts Inc. say during their next earnings call?,KXEARNINGSMENTIONEA-25OCT28,,,2026-03-31T14:00:00Z,,152,5.0,91.0,9.0,95.0,7.0,93.0,100.0,-99.0,sell_both,10000.0,9900.0,99.0,237.7302631578947,4.0,0.18439088914585774
KXEARNINGSMENTIONEA-25OCT28-ENGA,What will Electronic Arts Inc. say during their next earnings call?,KXEARNINGSMENTIONEA-25OCT28,,,2026-03-31T14:00:00Z,,152,5.0,86.0,14.0,95.0,9.5,90.5,100.0,-99.0,sell_both,10000.0,9900.0,99.0,237.7302631578947,9.0,0.0
KXEARNINGSMENTIONEA-25OCT28-COMP,What will Electronic Arts Inc. say during their next earnings call?,KXEARNINGSMENTIONEA-25OCT28,,,2026-03-31T14:00:00Z,,152,5.0,94.0,6.0,95.0,5.5,94.5,100.0,-99.0,sell_both,10000.0,9900.0,99.0,237.7302631578947,1.0,0.0
KXEARNINGSMENTIONEA-25OCT28-APEX,What will Electronic Arts Inc. say during their next earnings call?,KXEARNINGSMENTIONEA-25OCT28,,,2026-03-31T14:00:00Z,,152,5.0,89.0,11.0,95.0,8.0,92.0,100.0,-99.0,sell_both,10000.0,9900.0,99.0,237.7302631578947,6.0,0.0
KXEARNINGSMENTIONEA-25OCT28-ACQU,What will Electronic Arts Inc. say during their next earnings call?,KXEARNINGSMENTIONEA-25OCT28,,,2026-03-31T14:00:00Z,,152,8.0,88.0,12.0,92.0,10.0,90.0,100.0,-99.0,sell_both,10000.0,9900.0,99.0,237.7302631578947,4.0,0.27386127875258304
KXEARNINGSMENTIONCOINBASE-25OCT29-WEB3,"What will Coinbase Global, Inc. say during their next earnings call?",KXEARNINGSMENTIONCOINBASE-25OCT29,,,2026-03-31T14:00:00Z,,152,11.0,82.0,18.0,89.0,14.5,85.5,100.0,-99.0,sell_both,10000.0,9900.0,99.0,237.7302631578947,7.0,0.0
KXEARNINGSMENTIONCOINBASE-25OCT29-SUBSCRIPTION,"What will Coinbase Global, Inc. say during their next earnings call?",KXEARNINGSMENTIONCOINBASE-25OCT29,,,2026-03-31T14:00:00Z,,152,88.0,7.0,93.0,12.0,90.5,9.5,100.0,-99.0,sell_both,10000.0,9900.0,99.0,237.7302631578947,5.0,0.0
KXEARNINGSMENTIONCOINBASE-25OCT29-STAKING,"What will Coinbase Global, Inc. say during their next earnings call?",KXEARNINGSMENTIONCOINBASE-25OCT29,,,2026-03-31T14:00:00Z,,152,89.0,10.0,90.0,11.0,89.5,10.5,100.0,-99.0,sell_both,10000.0,9900.0,99.0,237.7302631578947,1.0,0.0
KXEARNINGSMENTIONCOINBASE-25OCT29-SEC,"What will Coinbase Global, Inc. say during their next earnings call?",KXEARNINGSMENTIONCOINBASE-25OCT29,,,2026-03-31T14:00:00Z,,152,91.0,5.0,95.0,9.0,93.0,7.0,100.0,-99.0,sell_both,10000.0,9900.0,99.0,237.7302631578947,4.0,0.0
KXEARNINGSMENTIONCOINBASE-25OCT29-REGULATOR,"What will Coinbase Global, Inc. say during their next earnings call?",KXEARNINGSMENTIONCOINBASE-25OCT29,,,2026-03-31T14:00:00Z,,152,91.0,2.0,98.0,9.0,94.5,5.5,100.0,-99.0,sell_both,10000.0,9900.0,99.0,237.7302631578947,7.0,0.0
KXEARNINGSMENTIONCOINBASE-25OCT29-PRDM,"What will Coinbase Global, Inc. say during their next earnings call?",KXEARNINGSMENTIONCOINBASE-25OCT29,,,2026-03-31T14:00:00Z,,152,68.0,25.0,75.0,32.0,71.5,28.5,100.0,-99.0,sell_both,10000.0,9900.0,99.0,237.7302631578947,7.0,0.0
KXEARNINGSMENTIONCOINBASE-25OCT29-MARGIN,"What will Coinbase Global, Inc. say during their next earnings call?",KXEARNINGSMENTIONCOINBASE-25OCT29,,,2026-03-31T14:00:00Z,,152,76.0,16.0,84.0,24.0,80.0,20.0,100.0,-99.0,sell_both,10000.0,9900.0,99.0,237.7302631578947,8.0,0.0
KXEARNINGSMENTIONCOINBASE-25OCT29-INTERNATIONAL,"What will Coinbase Global, Inc. say during their next earnings call?",KXEARNINGSMENTIONCOINBASE-25OCT29,,,2026-03-31T14:00:00Z,,152,78.0,15.0,85.0,22.0,81.5,18.5,100.0,-99.0,sell_both,10000.0,9900.0,99.0,237.7302631578947,7.0,0.0
KXEARNINGSMENTIONCOINBASE-25OCT29-ETH,"What will Coinbase Global, Inc. say during their next earnings call?",KXEARNINGSMENTIONCOINBASE-25OCT29,,,2026-03-31T14:00:00Z,,152,79.0,13.0,87.0,21.0,83.0,17.0,100.0,-99.0,sell_both,10000.0,9900.0,99.0,237.7302631578947,8.0,0.0
KXEARNINGSMENTIONCOINBASE-25OCT29-DEX,"What will Coinbase Global, Inc. say during their next earnings call?",KXEARNINGSMENTIONCOINBASE-25OCT29,,,2026-03-31T14:00:00Z,,152,64.0,28.0,72.0,36.0,68.0,32.0,100.0,-99.0,sell_both,10000.0,9900.0,99.0,237.7302631578947,8.0,0.0
KXEARNINGSMENTIONCOINBASE-25OCT29-CUSTODY,"What will Coinbase Global, Inc. say during their next earnings call?",KXEARNINGSMENTIONCOINBASE-25OCT29,,,2026-03-31T14:00:00Z,,152,88.0,10.0,90.0,12.0,89.0,11.0,100.0,-99.0,sell_both,10000.0,9900.0,99.0,237.7302631578947,2.0,0.0
KXEARNINGSMENTIONCOINBASE-25OCT29-CRYPTOWINTER,"What will Coinbase Global, Inc. say during their next earnings call?",KXEARNINGSMENTIONCOINBASE-25OCT29,,,2026-03-31T14:00:00Z,,152,4.0,89.0,11.0,96.0,7.5,92.5,100.0,-99.0,sell_both,10000.0,9900.0,99.0,237.7302631578947,7.0,0.0
KXEARNINGSMENTIONCOINBASE-25OCT29-BLOCKCHAIN,"What will Coinbase Global, Inc. say during their next earnings call?",KXEARNINGSMENTIONCOINBASE-25OCT29,,,2026-03-31T14:00:00Z,,152,87.0,10.0,90.0,13.0,88.5,11.5,100.0,-99.0,sell_both,10000.0,9900.0,99.0,237.7302631578947,3.0,0.0
KXEARNINGSMENTIONCOINBASE-25OCT29-BITCOIN,"What will Coinbase Global, Inc. say during their next earnings call?",KXEARNINGSMENTIONCOINBASE-25OCT29,,,2026-03-31T14:00:00Z,,152,93.0,4.0,96.0,7.0,94.5,5.5,100.0,-99.0,sell_both,10000.0,9900.0,99.0,237.7302631578947,3.0,0.0
KXDEBTGROWTH25-25DEC31-38,How high will be national debt be during the Trump Administration?,KXDEBTGROWTH25-25DEC31,,,2026-03-31T15:00:00Z,,152,94.0,3.0,97.0,6.0,95.5,4.5,100.0,-99.0,sell_both,10000.0,9900.0,99.0,237.7302631578947,3.0,0.0
KXDEBTGROWTH25-25DEC31-41,How high will be national debt be during the Trump Administration?,KXDEBTGROWTH25-25DEC31,,,2026-03-31T15:00:00Z,,152,4.0,92.0,8.0,96.0,6.0,94.0,100.0,-99.0,sell_both,10000.0,9900.0,99.0,237.7302631578947,4.0,2.106418761785035
KXDEBTGROWTH25-25DEC31-40,How high will be national debt be during the Trump Administration?,KXDEBTGROWTH25-25DEC31,,,2026-03-31T15:00:00Z,,152,6.0,89.0,11.0,94.0,8.5,91.5,100.0,-99.0,sell_both,10000.0,9900.0,99.0,237.7302631578947,5.0,1.8319388636087177
KXDEBTGROWTH25-25DEC31-39,How high will be national debt be during the Trump Administration?,KXDEBTGROWTH25-25DEC31,,,2026-03-31T15:00:00Z,,152,17.0,78.0,22.0,83.0,19.5,80.5,100.0,-99.0,sell_both,10000.0,9900.0,99.0,237.7302631578947,5.0,2.0717746016398597
KXBRAZILU-Q42025-6.3,Will unemployment in Brazil be below 6.3% in Q4 2025?,KXBRAZILU-Q42025-6.3,,,2026-03-31T15:00:00Z,,152,99.0,81.0,19.0,1.0,59.0,41.0,100.0,-99.0,sell_both,10000.0,9900.0,99.0,237.7302631578947,-80.0,4006.8464154462094
KXGOVTCUTS-25-50,Will government spending decrease by 50 before 2025?,KXGOVTCUTS-25,,,2026-03-31T15:00:00Z,,152,8.0,89.0,11.0,92.0,9.5,90.5,100.0,-99.0,sell_both,10000.0,9900.0,99.0,237.7302631578947,3.0,1.9600382649326007
KXGOVTCUTS-25-25,Will government spending decrease by 25 before 2025?,KXGOVTCUTS-25,,,2026-03-31T15:00:00Z,,152,10.0,87.0,13.0,90.0,11.5,88.5,100.0,-99.0,sell_both,10000.0,9900.0,99.0,237.7302631578947,3.0,2.1295539439046856
KXGOVTCUTS-25-100,Will government spending decrease by 100 before 2025?,KXGOVTCUTS-25,,,2026-03-31T15:00:00Z,,152,8.0,90.0,10.0,92.0,9.0,91.0,100.0,-99.0,sell_both,10000.0,9900.0,99.0,237.7302631578947,2.0,2.0358045092788255
KXGOVTCUTS-25-1,Will government spending decrease by 1 before 2025?,KXGOVTCUTS-25,,,2026-03-31T15:00:00Z,,152,13.0,85.0,15.0,87.0,14.0,86.0,100.0,-99.0,sell_both,10000.0,9900.0,99.0,237.7302631578947,2.0,1.9187235340194273
KXDEBTLEVEL-25,Will total U.S. debt be above $38T at the end of 2025?,KXDEBTLEVEL-25,,,2026-03-31T15:00:00Z,,152,95.0,3.0,97.0,5.0,96.0,4.0,100.0,-99.0,sell_both,10000.0,9900.0,99.0,237.7302631578947,2.0,2.101844428115459
KXGOVTCUTS-25-750,Will government spending decrease by 750 before 2025?,KXGOVTCUTS-25,,,2026-03-31T15:00:00Z,,152,3.0,96.0,4.0,97.0,3.5,96.5,100.0,-99.0,sell_both,10000.0,9900.0,99.0,237.7302631578947,1.0,1.8774317564161953
KXGOVTCUTS-25-500,Will government spending decrease by 500 before 2025?,KXGOVTCUTS-25,,,2026-03-31T15:00:00Z,,152,3.0,95.0,5.0,97.0,4.0,96.0,100.0,-99.0,sell_both,10000.0,9900.0,99.0,237.7302631578947,2.0,2.105587803916047
KXGOVTCUTS-25-1000,Will government spending decrease by 1000 before 2025?,KXGOVTCUTS-25,,,2026-03-31T15:00:00Z,,152,2.0,97.0,3.0,98.0,2.5,97.5,100.0,-99.0,sell_both,10000.0,9900.0,99.0,237.7302631578947,1.0,1.9820443990990717
KXGOVTCUTS-25-250,Will government spending decrease by 250 before 2025?,KXGOVTCUTS-25,,,2026-03-31T15:00:00Z,,152,3.0,92.0,8.0,97.0,5.5,94.5,100.0,-99.0,sell_both,10000.0,9900.0,99.0,237.7302631578947,5.0,2.1968727773815213
KXIPODISCORD-26APR01,When will Discord IPO?,KXIPODISCORD,,,2026-04-01T03:59:00Z,,153,60.0,30.0,70.0,40.0,65.0,35.0,100.0,-99.0,sell_both,10000.0,9900.0,99.0,236.1764705882353,10.0,0.0
KXIPOOPENAI-26APR01,When will OpenAI IPO?,KXIPOOPENAI,,,2026-04-01T03:59:00Z,,153,6.0,32.0,68.0,94.0,37.0,63.0,100.0,-99.0,sell_both,10000.0,9900.0,99.0,236.1764705882353,62.0,0.0
KXGOVFORMPL-26APR,Will a new government be formed in Poland before Apr 2026?,KXGOVFORMPL-26APR,,,2026-04-01T03:59:00Z,,153,3.0,96.0,4.0,97.0,3.5,96.5,100.0,-99.0,sell_both,10000.0,9900.0,99.0,236.1764705882353,1.0,1.3576634339923868
KXPAYROLLS-26MAR-T90000,Will above 90000 jobs be added in March 2026?,KXPAYROLLS-26MAR,,,2026-04-03T12:29:00Z,,155,23.0,73.0,27.0,77.0,25.0,75.0,100.0,-99.0,sell_both,10000.0,9900.0,99.0,233.12903225806454,4.0,0.0
KXPAYROLLS-26MAR-T80000,Will above 80000 jobs be added in March 2026?,KXPAYROLLS-26MAR,,,2026-04-03T12:29:00Z,,155,27.0,69.0,31.0,73.0,29.0,71.0,100.0,-99.0,sell_both,10000.0,9900.0,99.0,233.12903225806454,4.0,0.0
KXPAYROLLS-26MAR-T70000,Will above 70000 jobs be added in March 2026?,KXPAYROLLS-26MAR,,,2026-04-03T12:29:00Z,,155,32.0,64.0,36.0,68.0,34.0,66.0,100.0,-99.0,sell_both,10000.0,9900.0,99.0,233.12903225806454,4.0,0.0
KXPAYROLLS-26MAR-T60000,Will above 60000 jobs be added in March 2026?,KXPAYROLLS-26MAR,,,2026-04-03T12:29:00Z,,155,37.0,59.0,41.0,63.0,39.0,61.0,100.0,-99.0,sell_both,10000.0,9900.0,99.0,233.12903225806454,4.0,0.0
KXPAYROLLS-26MAR-T50000,Will above 50000 jobs be added in March 2026?,KXPAYROLLS-26MAR,,,2026-04-03T12:29:00Z,,155,42.0,54.0,46.0,58.0,44.0,56.0,100.0,-99.0,sell_both,10000.0,9900.0,99.0,233.12903225806454,4.0,0.0
KXPAYROLLS-26MAR-T40000,Will above 40000 jobs be added in March 2026?,KXPAYROLLS-26MAR,,,2026-04-03T12:29:00Z,,155,48.0,48.0,52.0,52.0,50.0,50.0,100.0,-99.0,sell_both,10000.0,9900.0,99.0,233.12903225806454,4.0,0.0
KXPAYROLLS-26MAR-T30000,Will above 30000 jobs be added in March 2026?,KXPAYROLLS-26MAR,,,2026-04-03T12:29:00Z,,155,54.0,42.0,58.0,46.0,56.0,44.0,100.0,-99.0,sell_both,10000.0,9900.0,99.0,233.12903225806454,4.0,0.0
KXPAYROLLS-26MAR-T-25000,Will above -25000 jobs be added in March 2026?,KXPAYROLLS-26MAR,,,2026-04-03T12:29:00Z,,155,78.0,18.0,82.0,22.0,80.0,20.0,100.0,-99.0,sell_both,10000.0,9900.0,99.0,233.12903225806454,4.0,0.0
KXPAYROLLS-26MAR-T20000,Will above 20000 jobs be added in March 2026?,KXPAYROLLS-26MAR,,,2026-04-03T12:29:00Z,,155,59.0,37.0,63.0,41.0,61.0,39.0,100.0,-99.0,sell_both,10000.0,9900.0,99.0,233.12903225806454,4.0,0.0
KXPAYROLLS-26MAR-T125000,Will above 125000 jobs be added in March 2026?,KXPAYROLLS-26MAR,,,2026-04-03T12:29:00Z,,155,12.0,84.0,16.0,88.0,14.0,86.0,100.0,-99.0,sell_both,10000.0,9900.0,99.0,233.12903225806454,4.0,0.0
KXPAYROLLS-26MAR-T100000,Will above 100000 jobs be added in March 2026?,KXPAYROLLS-26MAR,,,2026-04-03T12:29:00Z,,155,20.0,76.0,24.0,80.0,22.0,78.0,100.0,-99.0,sell_both,10000.0,9900.0,99.0,233.12903225806454,4.0,0.0
KXPAYROLLS-26MAR-T10000,Will above 10000 jobs be added in March 2026?,KXPAYROLLS-26MAR,,,2026-04-03T12:29:00Z,,155,64.0,32.0,68.0,36.0,66.0,34.0,100.0,-99.0,sell_both,10000.0,9900.0,99.0,233.12903225806454,4.0,0.0
KXPAYROLLS-26MAR-T0,Will above 0 jobs be added in March 2026?,KXPAYROLLS-26MAR,,,2026-04-03T12:29:00Z,,155,69.0,27.0,73.0,31.0,71.0,29.0,100.0,-99.0,sell_both,10000.0,9900.0,99.0,233.12903225806454,4.0,0.0
KXEMMYLIMITEDACTO-77-KK,Will Kevin Kline win Movie/Limited Actor at the Emmy Awards?,KXEMMYLIMITEDACTO-77,,,2026-04-19T14:00:00Z,,171,89.0,7.0,93.0,11.0,91.0,9.0,100.0,-99.0,sell_both,10000.0,9900.0,99.0,211.3157894736842,4.0,2.2245224206557235
KXMARMAD-26-UNC,Will North Carolina win the College Basketball National Championship?,KXMARMAD-26,,,2026-04-21T14:00:00Z,,173,1.0,98.0,2.0,99.0,1.5,98.5,100.0,-99.0,sell_both,10000.0,9900.0,99.0,208.8728323699422,1.0,0.0
KXMARMAD-26-UK,Will Kentucky win the College Basketball National Championship?,KXMARMAD-26,,,2026-04-21T14:00:00Z,,173,5.0,90.0,10.0,95.0,7.5,92.5,100.0,-99.0,sell_both,10000.0,9900.0,99.0,208.8728323699422,5.0,0.0
KXMARMAD-26-TTU,Will Texas Tech win the College Basketball National Championship?,KXMARMAD-26,,,2026-04-21T14:00:00Z,,173,1.0,96.0,4.0,99.0,2.5,97.5,100.0,-99.0,sell_both,10000.0,9900.0,99.0,208.8728323699422,3.0,0.0
KXMARMAD-26-SJU,Will St. John's win the College Basketball National Championship?,KXMARMAD-26,,,2026-04-21T14:00:00Z,,173,1.0,96.0,4.0,99.0,2.5,97.5,100.0,-99.0,sell_both,10000.0,9900.0,99.0,208.8728323699422,3.0,0.0
KXMARMAD-26-PUR,Will Purdue win the College Basketball National Championship?,KXMARMAD-26,,,2026-04-21T14:00:00Z,,173,5.0,89.0,11.0,95.0,8.0,92.0,100.0,-99.0,sell_both,10000.0,9900.0,99.0,208.8728323699422,6.0,0.0
KXMARMAD-26-MICH,Will Michigan win the College Basketball National Championship?,KXMARMAD-26,,,2026-04-21T14:00:00Z,,173,3.0,95.0,5.0,97.0,4.0,96.0,100.0,-99.0,sell_both,10000.0,9900.0,99.0,208.8728323699422,2.0,0.0
KXMARMAD-26-LOU,Will Louisville win the College Basketball National Championship?,KXMARMAD-26,,,2026-04-21T14:00:00Z,,173,1.0,96.0,4.0,99.0,2.5,97.5,100.0,-99.0,sell_both,10000.0,9900.0,99.0,208.8728323699422,3.0,0.0
KXMARMAD-26-KU,Will Kansas win the College Basketball National Championship?,KXMARMAD-26,,,2026-04-21T14:00:00Z,,173,3.0,96.0,4.0,97.0,3.5,96.5,100.0,-99.0,sell_both,10000.0,9900.0,99.0,208.8728323699422,1.0,0.0
KXMARMAD-26-ILL,Will Illinois win the College Basketball National Championship?,KXMARMAD-26,,,2026-04-21T14:00:00Z,,173,2.0,97.0,3.0,98.0,2.5,97.5,100.0,-99.0,sell_both,10000.0,9900.0,99.0,208.8728323699422,1.0,0.0
KXMARMAD-26-HOU,Will Houston win the College Basketball National Championship?,KXMARMAD-26,,,2026-04-21T14:00:00Z,,173,5.0,91.0,9.0,95.0,7.0,93.0,100.0,-99.0,sell_both,10000.0,9900.0,99.0,208.8728323699422,4.0,0.0
KXMARMAD-26-GONZ,Will Gonzaga win the College Basketball National Championship?,KXMARMAD-26,,,2026-04-21T14:00:00Z,,173,1.0,98.0,2.0,99.0,1.5,98.5,100.0,-99.0,sell_both,10000.0,9900.0,99.0,208.8728323699422,1.0,0.0
KXMARMAD-26-FLA,Will Florida win the College Basketball National Championship?,KXMARMAD-26,,,2026-04-21T14:00:00Z,,173,4.0,94.0,6.0,96.0,5.0,95.0,100.0,-99.0,sell_both,10000.0,9900.0,99.0,208.8728323699422,2.0,0.0
KXMARMAD-26-DUKE,Will Duke win the College Basketball National Championship?,KXMARMAD-26,,,2026-04-21T14:00:00Z,,173,5.0,93.0,7.0,95.0,6.0,94.0,100.0,-99.0,sell_both,10000.0,9900.0,99.0,208.8728323699422,2.0,0.0
KXMARMAD-26-CONN,Will UConn win the College Basketball National Championship?,KXMARMAD-26,,,2026-04-21T14:00:00Z,,173,6.0,92.0,8.0,94.0,7.0,93.0,100.0,-99.0,sell_both,10000.0,9900.0,99.0,208.8728323699422,2.0,0.0
KXMARMAD-26-BYU,Will BYU win the College Basketball National Championship?,KXMARMAD-26,,,2026-04-21T14:00:00Z,,173,4.0,95.0,5.0,96.0,4.5,95.5,100.0,-99.0,sell_both,10000.0,9900.0,99.0,208.8728323699422,1.0,0.0
KXMARMAD-26-ARK,Will Arkansas win the College Basketball National Championship?,KXMARMAD-26,,,2026-04-21T14:00:00Z,,173,1.0,96.0,4.0,99.0,2.5,97.5,100.0,-99.0,sell_both,10000.0,9900.0,99.0,208.8728323699422,3.0,0.0
KXFEDDECISION-26APR-H0,Will the Federal Reserve Hike rates by 0bps at their April 2026 meeting?,KXFEDDECISION-26APR,,,2026-04-29T17:59:00Z,,181,21.0,20.0,80.0,79.0,50.5,49.5,100.0,-99.0,sell_both,10000.0,9900.0,99.0,199.64088397790056,59.0,0.0
KXFEDDECISION-26APR-C25,Will the Federal Reserve Cut rates by 25bps at their April 2026 meeting?,KXFEDDECISION-26APR,,,2026-04-29T17:59:00Z,,181,9.0,23.0,77.0,91.0,43.0,57.0,100.0,-99.0,sell_both,10000.0,9900.0,99.0,199.64088397790056,68.0,0.0
KXFED-26APR-T3.75,"Will the upper bound of the federal funds rate be above 3.75% following the Fed's Apr 29, 2026 meeting?",KXFED-26APR,,,2026-04-29T17:55:00Z,,181,14.0,44.0,56.0,86.0,35.0,65.0,100.0,-99.0,sell_both,10000.0,9900.0,99.0,199.64088397790056,42.0,0.09617692030835673
KXFED-26APR-T3.50,"Will the upper bound of the federal funds rate be above 3.50% following the Fed's Apr 29, 2026 meeting?",KXFED-26APR,,,2026-04-29T17:55:00Z,,181,10.0,5.0,95.0,90.0,52.5,47.5,100.0,-99.0,sell_both,10000.0,9900.0,99.0,199.64088397790056,85.0,0.0
KXNFLDRAFT1-26-SFAN,Who will be picked First in the Pro Football Draft?,KXNFLDRAFT1-26,,,2026-04-30T14:00:00Z,,182,1.0,75.0,25.0,99.0,13.0,87.0,100.0,-99.0,sell_both,10000.0,9900.0,99.0,198.54395604395603,24.0,1.9563997546513852
KXNFLDRAFT1-26-CTAT,Who will be picked First in the Pro Football Draft?,KXNFLDRAFT1-26,,,2026-04-30T14:00:00Z,,182,1.0,70.0,30.0,99.0,15.5,84.5,100.0,-99.0,sell_both,10000.0,9900.0,99.0,198.54395604395603,29.0,2.162637278879655
KXNFLDRAFT1-26-TSIM,Who will be picked First in the Pro Football Draft?,KXNFLDRAFT1-26,,,2026-04-30T14:00:00Z,,182,8.0,65.0,35.0,92.0,21.5,78.5,100.0,-99.0,sell_both,10000.0,9900.0,99.0,198.54395604395603,27.0,2.048414020651099
KXNFLDRAFT1-26-JMAT,Who will be picked First in the Pro Football Draft?,KXNFLDRAFT1-26,,,2026-04-30T14:00:00Z,,182,2.0,80.0,20.0,98.0,11.0,89.0,100.0,-99.0,sell_both,10000.0,9900.0,99.0,198.54395604395603,18.0,1.6003124694883808
KXNFLDRAFT1-26-FMAU,Who will be picked First in the Pro Football Draft?,KXNFLDRAFT1-26,,,2026-04-30T14:00:00Z,,182,1.0,75.0,25.0,99.0,13.0,87.0,100.0,-99.0,sell_both,10000.0,9900.0,99.0,198.54395604395603,24.0,1.729233934434552
KXNFLDRAFT1-26-TPAR,Who will be picked First in the Pro Football Draft?,KXNFLDRAFT1-26,,,2026-04-30T14:00:00Z,,182,1.0,94.0,6.0,99.0,3.5,96.5,100.0,-99.0,sell_both,10000.0,9900.0,99.0,198.54395604395603,5.0,1.8135600348485847
KXNFLDRAFT1-26-RBAI,Who will be picked First in the Pro Football Draft?,KXNFLDRAFT1-26,,,2026-04-30T14:00:00Z,,182,4.0,73.0,27.0,96.0,15.5,84.5,100.0,-99.0,sell_both,10000.0,9900.0,99.0,198.54395604395603,23.0,2.242487458158908
KXNFLDRAFT1-26-LSEL,Who will be picked First in the Pro Football Draft?,KXNFLDRAFT1-26,,,2026-04-30T14:00:00Z,,182,9.0,77.0,23.0,91.0,16.0,84.0,100.0,-99.0,sell_both,10000.0,9900.0,99.0,198.54395604395603,14.0,1.57797338380595
KXNFLDRAFT1-26-KPRO,Who will be picked First in the Pro Football Draft?,KXNFLDRAFT1-26,,,2026-04-30T14:00:00Z,,182,1.0,95.0,5.0,99.0,3.0,97.0,100.0,-99.0,sell_both,10000.0,9900.0,99.0,198.54395604395603,4.0,2.250611028143246
KXNFLDRAFT1-26-KFAU,Who will be picked First in the Pro Football Draft?,KXNFLDRAFT1-26,,,2026-04-30T14:00:00Z,,182,1.0,75.0,25.0,99.0,13.0,87.0,100.0,-99.0,sell_both,10000.0,9900.0,99.0,198.54395604395603,24.0,2.183460556089805
KXNFLDRAFT1-26-GNUS,Who will be picked First in the Pro Football Draft?,KXNFLDRAFT1-26,,,2026-04-30T14:00:00Z,,182,2.0,82.0,18.0,98.0,10.0,90.0,100.0,-99.0,sell_both,10000.0,9900.0,99.0,198.54395604395603,16.0,1.8570137317747546
KXNFLDRAFT1-26-FMEN,Who will be picked First in the Pro Football Draft?,KXNFLDRAFT1-26,,,2026-04-30T14:00:00Z,,182,16.0,58.0,42.0,84.0,29.0,71.0,100.0,-99.0,sell_both,10000.0,9900.0,99.0,198.54395604395603,26.0,2.1092652749239487
KXNFLDRAFT1-26-DALL,Who will be picked First in the Pro Football Draft?,KXNFLDRAFT1-26,,,2026-04-30T14:00:00Z,,182,1.0,92.0,8.0,99.0,4.5,95.5,100.0,-99.0,sell_both,10000.0,9900.0,99.0,198.54395604395603,7.0,2.165352165353248
KXNFLDRAFT1-26-CKLU,Who will be picked First in the Pro Football Draft?,KXNFLDRAFT1-26,,,2026-04-30T14:00:00Z,,182,1.0,92.0,8.0,99.0,4.5,95.5,100.0,-99.0,sell_both,10000.0,9900.0,99.0,198.54395604395603,7.0,1.8238009759839475
KXNFLDRAFT1-26-AMAN,Who will be picked First in the Pro Football Draft?,KXNFLDRAFT1-26,,,2026-04-30T14:00:00Z,,182,1.0,93.0,7.0,99.0,4.0,96.0,100.0,-99.0,sell_both,10000.0,9900.0,99.0,198.54395604395603,6.0,1.8672841240689644
KXIPODISCORD-26MAY01,When will Discord IPO?,KXIPODISCORD,,,2026-05-01T03:59:00Z,,183,62.0,28.0,72.0,38.0,67.0,33.0,100.0,-99.0,sell_both,10000.0,9900.0,99.0,197.45901639344262,10.0,0.0
KXIPOOPENAI-26MAY01,When will OpenAI IPO?,KXIPOOPENAI,,,2026-05-01T03:59:00Z,,183,6.0,7.0,93.0,94.0,49.5,50.5,100.0,-99.0,sell_both,10000.0,9900.0,99.0,197.45901639344262,87.0,0.0
KXPAYROLLS-26APR-T90000,Will above 90000 jobs be added in April 2026?,KXPAYROLLS-26APR,,,2026-05-08T12:29:00Z,,190,24.0,72.0,28.0,76.0,26.0,74.0,100.0,-99.0,sell_both,10000.0,9900.0,99.0,190.18421052631578,4.0,0.0
KXPAYROLLS-26APR-T80000,Will above 80000 jobs be added in April 2026?,KXPAYROLLS-26APR,,,2026-05-08T12:29:00Z,,190,28.0,68.0,32.0,72.0,30.0,70.0,100.0,-99.0,sell_both,10000.0,9900.0,99.0,190.18421052631578,4.0,0.0
KXPAYROLLS-26APR-T70000,Will above 70000 jobs be added in April 2026?,KXPAYROLLS-26APR,,,2026-05-08T12:29:00Z,,190,32.0,64.0,36.0,68.0,34.0,66.0,100.0,-99.0,sell_both,10000.0,9900.0,99.0,190.18421052631578,4.0,0.0
KXPAYROLLS-26APR-T60000,Will above 60000 jobs be added in April 2026?,KXPAYROLLS-26APR,,,2026-05-08T12:29:00Z,,190,37.0,59.0,41.0,63.0,39.0,61.0,100.0,-99.0,sell_both,10000.0,9900.0,99.0,190.18421052631578,4.0,0.0
KXPAYROLLS-26APR-T50000,Will above 50000 jobs be added in April 2026?,KXPAYROLLS-26APR,,,2026-05-08T12:29:00Z,,190,43.0,53.0,47.0,57.0,45.0,55.0,100.0,-99.0,sell_both,10000.0,9900.0,99.0,190.18421052631578,4.0,0.0
KXPAYROLLS-26APR-T40000,Will above 40000 jobs be added in April 2026?,KXPAYROLLS-26APR,,,2026-05-08T12:29:00Z,,190,48.0,48.0,52.0,52.0,50.0,50.0,100.0,-99.0,sell_both,10000.0,9900.0,99.0,190.18421052631578,4.0,0.0
KXPAYROLLS-26APR-T30000,Will above 30000 jobs be added in April 2026?,KXPAYROLLS-26APR,,,2026-05-08T12:29:00Z,,190,53.0,43.0,57.0,47.0,55.0,45.0,100.0,-99.0,sell_both,10000.0,9900.0,99.0,190.18421052631578,4.0,0.0
KXPAYROLLS-26APR-T-25000,Will above -25000 jobs be added in April 2026?,KXPAYROLLS-26APR,,,2026-05-08T12:29:00Z,,190,78.0,18.0,82.0,22.0,80.0,20.0,100.0,-99.0,sell_both,10000.0,9900.0,99.0,190.18421052631578,4.0,0.0
KXPAYROLLS-26APR-T20000,Will above 20000 jobs be added in April 2026?,KXPAYROLLS-26APR,,,2026-05-08T12:29:00Z,,190,59.0,37.0,63.0,41.0,61.0,39.0,100.0,-99.0,sell_both,10000.0,9900.0,99.0,190.18421052631578,4.0,0.0
KXPAYROLLS-26APR-T125000,Will above 125000 jobs be added in April 2026?,KXPAYROLLS-26APR,,,2026-05-08T12:29:00Z,,190,13.0,83.0,17.0,87.0,15.0,85.0,100.0,-99.0,sell_both,10000.0,9900.0,99.0,190.18421052631578,4.0,0.0
KXPAYROLLS-26APR-T100000,Will above 100000 jobs be added in April 2026?,KXPAYROLLS-26APR,,,2026-05-08T12:29:00Z,,190,20.0,76.0,24.0,80.0,22.0,78.0,100.0,-99.0,sell_both,10000.0,9900.0,99.0,190.18421052631578,4.0,0.0
KXPAYROLLS-26APR-T10000,Will above 10000 jobs be added in April 2026?,KXPAYROLLS-26APR,,,2026-05-08T12:29:00Z,,190,64.0,32.0,68.0,36.0,66.0,34.0,100.0,-99.0,sell_both,10000.0,9900.0,99.0,190.18421052631578,4.0,0.0
KXPAYROLLS-26APR-T0,Will above 0 jobs be added in April 2026?,KXPAYROLLS-26APR,,,2026-05-08T12:29:00Z,,190,68.0,28.0,72.0,32.0,70.0,30.0,100.0,-99.0,sell_both,10000.0,9900.0,99.0,190.18421052631578,4.0,0.0
KXMAYORJERSEY-25-JSOL,Will James Solomon win the election for the Mayor of Jersey City in 2025?,KXMAYORJERSEY-25,,,2026-05-10T15:00:00Z,,192,16.0,82.0,18.0,84.0,17.0,83.0,100.0,-99.0,sell_both,10000.0,9900.0,99.0,188.203125,2.0,2.0448105046678533
KXMAYORJERSEY-25-JMCG,Will Jim McGreevey win the election for the Mayor of Jersey City in 2025?,KXMAYORJERSEY-25,,,2026-05-10T15:00:00Z,,192,73.0,26.0,74.0,27.0,73.5,26.5,100.0,-99.0,sell_both,10000.0,9900.0,99.0,188.203125,1.0,2.130316877837661
KXMAYORJERSEY-25-BODE,Will Bill O’Dea win the election for the Mayor of Jersey City in 2025?,KXMAYORJERSEY-25,,,2026-05-10T15:00:00Z,,192,8.0,90.0,10.0,92.0,9.0,91.0,100.0,-99.0,sell_both,10000.0,9900.0,99.0,188.203125,2.0,2.1450524469112637
KXMAYORJERSEY-25-MALI,Will Mussab Ali win the election for the Mayor of Jersey City in 2025?,KXMAYORJERSEY-25,,,2026-05-10T15:00:00Z,,192,4.0,94.0,6.0,96.0,5.0,95.0,100.0,-99.0,sell_both,10000.0,9900.0,99.0,188.203125,2.0,1.983746455573393
KXMAYORSEATTLE-25-KWIL,Will Katie WIlson win the election for the Mayor of Seattle in 2025?,KXMAYORSEATTLE-25,,,2026-05-11T15:00:00Z,,193,78.0,21.0,79.0,22.0,78.5,21.5,100.0,-99.0,sell_both,10000.0,9900.0,99.0,187.2279792746114,1.0,0.0
KXMAYORSEATTLE-25-BH,Will Bruce Harrell win the election for the Mayor of Seattle in 2025?,KXMAYORSEATTLE-25,,,2026-05-11T15:00:00Z,,193,22.0,77.0,23.0,78.0,22.5,77.5,100.0,-99.0,sell_both,10000.0,9900.0,99.0,187.2279792746114,1.0,2.294177412494509
KXSENATEWVR-26-SMOO,Wil Shelley Moore Capito be the Republican nominee for the Senate in West Virginia?,KXSENATEWVR-26,,,2026-05-12T14:00:00Z,,194,50.0,47.0,53.0,50.0,51.5,48.5,100.0,-99.0,sell_both,10000.0,9900.0,99.0,186.26288659793815,3.0,1.8038846969803808
KXPORTUGALPM-25-CHEGA,Who will be the Portuguese Prime Minister after their election?,KXPORTUGALPM-25,,,2026-05-18T14:00:00Z,,200,6.0,93.0,7.0,94.0,6.5,93.5,100.0,-99.0,sell_both,10000.0,9900.0,99.0,180.67499999999998,1.0,1.59968746947646
KXEPLTOP4-26-SUN,Which EPL teams will qualify for the Champions League?,KXEPLTOP4-26,,,2026-05-25T14:00:00Z,,207,1.0,88.0,12.0,99.0,6.5,93.5,100.0,-99.0,sell_both,10000.0,9900.0,99.0,174.56521739130434,11.0,0.0
KXEPLTOP4-26-FUL,Which EPL teams will qualify for the Champions League?,KXEPLTOP4-26,,,2026-05-25T14:00:00Z,,207,1.0,90.0,10.0,99.0,5.5,94.5,100.0,-99.0,sell_both,10000.0,9900.0,99.0,174.56521739130434,9.0,0.0
KXEPLTOP4-26-TOT,Which EPL teams will qualify for the Champions League?,KXEPLTOP4-26,,,2026-05-25T14:00:00Z,,207,15.0,77.0,23.0,85.0,19.0,81.0,100.0,-99.0,sell_both,10000.0,9900.0,99.0,174.56521739130434,8.0,0.0
KXEPLTOP4-26-NEW,Which EPL teams will qualify for the Champions League?,KXEPLTOP4-26,,,2026-05-25T14:00:00Z,,207,17.0,79.0,21.0,83.0,19.0,81.0,100.0,-99.0,sell_both,10000.0,9900.0,99.0,174.56521739130434,4.0,0.0
KXEPLTOP4-26-MUN,Which EPL teams will qualify for the Champions League?,KXEPLTOP4-26,,,2026-05-25T14:00:00Z,,207,30.0,67.0,33.0,70.0,31.5,68.5,100.0,-99.0,sell_both,10000.0,9900.0,99.0,174.56521739130434,3.0,0.0
KXEPLTOP4-26-MCI,Which EPL teams will qualify for the Champions League?,KXEPLTOP4-26,,,2026-05-25T14:00:00Z,,207,77.0,12.0,88.0,23.0,82.5,17.5,100.0,-99.0,sell_both,10000.0,9900.0,99.0,174.56521739130434,11.0,0.0
KXEPLTOP4-26-CRY,Which EPL teams will qualify for the Champions League?,KXEPLTOP4-26,,,2026-05-25T14:00:00Z,,207,5.0,93.0,7.0,95.0,6.0,94.0,100.0,-99.0,sell_both,10000.0,9900.0,99.0,174.56521739130434,2.0,0.0
KXEPLTOP4-26-CHE,Which EPL teams will qualify for the Champions League?,KXEPLTOP4-26,,,2026-05-25T14:00:00Z,,207,42.0,50.0,50.0,58.0,46.0,54.0,100.0,-99.0,sell_both,10000.0,9900.0,99.0,174.56521739130434,8.0,0.0
KXEPLTOP4-26-BRI,Which EPL teams will qualify for the Champions League?,KXEPLTOP4-26,,,2026-05-25T14:00:00Z,,207,2.0,90.0,10.0,98.0,6.0,94.0,100.0,-99.0,sell_both,10000.0,9900.0,99.0,174.56521739130434,8.0,0.0
KXEPLTOP4-26-BOU,Which EPL teams will qualify for the Champions League?,KXEPLTOP4-26,,,2026-05-25T14:00:00Z,,207,14.0,85.0,15.0,86.0,14.5,85.5,100.0,-99.0,sell_both,10000.0,9900.0,99.0,174.56521739130434,1.0,0.0
KXEPLTOP4-26-AVL,Which EPL teams will qualify for the Champions League?,KXEPLTOP4-26,,,2026-05-25T14:00:00Z,,207,5.0,87.0,13.0,95.0,9.0,91.0,100.0,-99.0,sell_both,10000.0,9900.0,99.0,174.56521739130434,8.0,0.0
KXEPLTOP4-26-ARS,Which EPL teams will qualify for the Champions League?,KXEPLTOP4-26,,,2026-05-25T14:00:00Z,,207,85.0,5.0,95.0,15.0,90.0,10.0,100.0,-99.0,sell_both,10000.0,9900.0,99.0,174.56521739130434,10.0,0.0
KXEPLTOP4-26-LFC,Which EPL teams will qualify for the Champions League?,KXEPLTOP4-26,,,2026-05-25T14:00:00Z,,207,66.0,28.0,72.0,34.0,69.0,31.0,100.0,-99.0,sell_both,10000.0,9900.0,99.0,174.56521739130434,6.0,0.0
KXPA3D-26-DOXM,Wil David Oxman be the Democratic nominee for PA-3?,KXPA3D-26,,,2026-05-31T14:00:00Z,,213,17.0,82.0,18.0,83.0,17.5,82.5,100.0,-99.0,sell_both,10000.0,9900.0,99.0,169.64788732394368,1.0,1.9243180610283737
KXDOGEMAX1-26-JUN01-0.99999999,When will Dogecoin hit $1?,KXDOGEMAX1,,,2026-06-01T14:00:00Z,,214,10.0,89.0,11.0,90.0,10.5,89.5,100.0,-99.0,sell_both,10000.0,9900.0,99.0,168.8551401869159,1.0,0.0
KXIPODISCORD-26JUN01,When will Discord IPO?,KXIPODISCORD,,,2026-06-01T03:59:00Z,,214,64.0,26.0,74.0,36.0,69.0,31.0,100.0,-99.0,sell_both,10000.0,9900.0,99.0,168.8551401869159,10.0,0.0
KXIPOOPENAI-26JUN01,When will OpenAI IPO?,KXIPOOPENAI,,,2026-06-01T03:59:00Z,,214,8.0,7.0,93.0,92.0,50.5,49.5,100.0,-99.0,sell_both,10000.0,9900.0,99.0,168.8551401869159,85.0,0.0
KXSENATEIAR-26-JERN,Wil Joni Ernst be the Republican nominee for the Senate in Iowa?,KXSENATEIAR-26,,,2026-06-02T14:00:00Z,,215,87.0,10.0,90.0,13.0,88.5,11.5,100.0,-99.0,sell_both,10000.0,9900.0,99.0,168.06976744186045,3.0,2.417333241404668
KXPAYROLLS-26MAY-T90000,Will above 90000 jobs be added in May 2026?,KXPAYROLLS-26MAY,,,2026-06-05T12:29:00Z,,218,24.0,72.0,28.0,76.0,26.0,74.0,100.0,-99.0,sell_both,10000.0,9900.0,99.0,165.75688073394497,4.0,0.0
KXPAYROLLS-26MAY-T80000,Will above 80000 jobs be added in May 2026?,KXPAYROLLS-26MAY,,,2026-06-05T12:29:00Z,,218,28.0,68.0,32.0,72.0,30.0,70.0,100.0,-99.0,sell_both,10000.0,9900.0,99.0,165.75688073394497,4.0,0.0
KXPAYROLLS-26MAY-T70000,Will above 70000 jobs be added in May 2026?,KXPAYROLLS-26MAY,,,2026-06-05T12:29:00Z,,218,33.0,63.0,37.0,67.0,35.0,65.0,100.0,-99.0,sell_both,10000.0,9900.0,99.0,165.75688073394497,4.0,0.0
KXPAYROLLS-26MAY-T60000,Will above 60000 jobs be added in May 2026?,KXPAYROLLS-26MAY,,,2026-06-05T12:29:00Z,,218,38.0,58.0,42.0,62.0,40.0,60.0,100.0,-99.0,sell_both,10000.0,9900.0,99.0,165.75688073394497,4.0,0.0
KXPAYROLLS-26MAY-T50000,Will above 50000 jobs be added in May 2026?,KXPAYROLLS-26MAY,,,2026-06-05T12:29:00Z,,218,43.0,53.0,47.0,57.0,45.0,55.0,100.0,-99.0,sell_both,10000.0,9900.0,99.0,165.75688073394497,4.0,0.0
KXPAYROLLS-26MAY-T40000,Will above 40000 jobs be added in May 2026?,KXPAYROLLS-26MAY,,,2026-06-05T12:29:00Z,,218,48.0,48.0,52.0,52.0,50.0,50.0,100.0,-99.0,sell_both,10000.0,9900.0,99.0,165.75688073394497,4.0,0.0
KXPAYROLLS-26MAY-T30000,Will above 30000 jobs be added in May 2026?,KXPAYROLLS-26MAY,,,2026-06-05T12:29:00Z,,218,53.0,43.0,57.0,47.0,55.0,45.0,100.0,-99.0,sell_both,10000.0,9900.0,99.0,165.75688073394497,4.0,0.0
KXPAYROLLS-26MAY-T-25000,Will above -25000 jobs be added in May 2026?,KXPAYROLLS-26MAY,,,2026-06-05T12:29:00Z,,218,77.0,19.0,81.0,23.0,79.0,21.0,100.0,-99.0,sell_both,10000.0,9900.0,99.0,165.75688073394497,4.0,0.0
KXPAYROLLS-26MAY-T20000,Will above 20000 jobs be added in May 2026?,KXPAYROLLS-26MAY,,,2026-06-05T12:29:00Z,,218,58.0,38.0,62.0,42.0,60.0,40.0,100.0,-99.0,sell_both,10000.0,9900.0,99.0,165.75688073394497,4.0,0.0
KXPAYROLLS-26MAY-T125000,Will above 125000 jobs be added in May 2026?,KXPAYROLLS-26MAY,,,2026-06-05T12:29:00Z,,218,14.0,82.0,18.0,86.0,16.0,84.0,100.0,-99.0,sell_both,10000.0,9900.0,99.0,165.75688073394497,4.0,0.0
KXPAYROLLS-26MAY-T100000,Will above 100000 jobs be added in May 2026?,KXPAYROLLS-26MAY,,,2026-06-05T12:29:00Z,,218,21.0,75.0,25.0,79.0,23.0,77.0,100.0,-99.0,sell_both,10000.0,9900.0,99.0,165.75688073394497,4.0,0.0
KXPAYROLLS-26MAY-T10000,Will above 10000 jobs be added in May 2026?,KXPAYROLLS-26MAY,,,2026-06-05T12:29:00Z,,218,63.0,33.0,67.0,37.0,65.0,35.0,100.0,-99.0,sell_both,10000.0,9900.0,99.0,165.75688073394497,4.0,0.0
KXPAYROLLS-26MAY-T0,Will above 0 jobs be added in May 2026?,KXPAYROLLS-26MAY,,,2026-06-05T12:29:00Z,,218,68.0,28.0,72.0,32.0,70.0,30.0,100.0,-99.0,sell_both,10000.0,9900.0,99.0,165.75688073394497,4.0,0.0
KXFEDDECISION-26JUN-H0,Will the Federal Reserve Hike rates by 0bps at their June 2026 meeting?,KXFEDDECISION-26JUN,,,2026-06-17T17:59:00Z,,230,21.0,20.0,80.0,79.0,50.5,49.5,100.0,-99.0,sell_both,10000.0,9900.0,99.0,157.1086956521739,59.0,0.044721359549995794
KXFEDDECISION-26JUN-C25,Will the Federal Reserve Cut rates by 25bps at their June 2026 meeting?,KXFEDDECISION-26JUN,,,2026-06-17T17:59:00Z,,230,9.0,23.0,77.0,91.0,43.0,57.0,100.0,-99.0,sell_both,10000.0,9900.0,99.0,157.1086956521739,68.0,0.05
KXFED-26JUN-T4.00,"Will the upper bound of the federal funds rate be above 4.00% following the Fed's Jun 17, 2026 meeting?",KXFED-26JUN,,,2026-06-17T17:55:00Z,,230,1.0,71.0,29.0,99.0,15.0,85.0,100.0,-99.0,sell_both,10000.0,9900.0,99.0,157.1086956521739,28.0,0.7071067811865476
KXFED-26JUN-T3.50,"Will the upper bound of the federal funds rate be above 3.50% following the Fed's Jun 17, 2026 meeting?",KXFED-26JUN,,,2026-06-17T17:55:00Z,,230,9.0,27.0,73.0,91.0,41.0,59.0,100.0,-99.0,sell_both,10000.0,9900.0,99.0,157.1086956521739,64.0,0.0
KXFED-26JUN-T3.25,"Will the upper bound of the federal funds rate be above 3.25% following the Fed's Jun 17, 2026 meeting?",KXFED-26JUN,,,2026-06-17T17:55:00Z,,230,26.0,4.0,96.0,74.0,61.0,39.0,100.0,-99.0,sell_both,10000.0,9900.0,99.0,157.1086956521739,70.0,0.0
KXFED-26JUN-T3.00,"Will the upper bound of the federal funds rate be above 3.00% following the Fed's Jun 17, 2026 meeting?",KXFED-26JUN,,,2026-06-17T17:55:00Z,,230,12.0,2.0,98.0,88.0,55.0,45.0,100.0,-99.0,sell_both,10000.0,9900.0,99.0,157.1086956521739,86.0,0.0
KXFED-26JUN-T2.75,"Will the upper bound of the federal funds rate be above 2.75% following the Fed's Jun 17, 2026 meeting?",KXFED-26JUN,,,2026-06-17T17:55:00Z,,230,14.0,1.0,99.0,86.0,56.5,43.5,100.0,-99.0,sell_both,10000.0,9900.0,99.0,157.1086956521739,85.0,0.0
KXGOVNMNOMR-26-JSAN,Wil John Sanchez be the Republican nominee for Governor in New Mexico?,KXGOVNMNOMR-26,,,2026-06-30T14:00:00Z,,243,81.0,99.0,1.0,19.0,41.0,59.0,100.0,-99.0,sell_both,10000.0,9900.0,99.0,148.7037037037037,-80.0,4007.0091042780305
KXIPODISCORD-26JUL01,When will Discord IPO?,KXIPODISCORD,,,2026-07-01T03:59:00Z,,244,65.0,25.0,75.0,35.0,70.0,30.0,100.0,-99.0,sell_both,10000.0,9900.0,99.0,148.09426229508196,10.0,0.0
KXIPOOPENAI-26JUL01,When will OpenAI IPO?,KXIPOOPENAI,,,2026-07-01T03:59:00Z,,244,9.0,7.0,93.0,91.0,51.0,49.0,100.0,-99.0,sell_both,10000.0,9900.0,99.0,148.09426229508196,84.0,0.0
KXPAYROLLS-26JUN-T90000,Will above 90000 jobs be added in June 2026?,KXPAYROLLS-26JUN,,,2026-07-02T12:29:00Z,,245,25.0,71.0,29.0,75.0,27.0,73.0,100.0,-99.0,sell_both,10000.0,9900.0,99.0,147.48979591836735,4.0,0.0
KXPAYROLLS-26JUN-T80000,Will above 80000 jobs be added in June 2026?,KXPAYROLLS-26JUN,,,2026-07-02T12:29:00Z,,245,29.0,67.0,33.0,71.0,31.0,69.0,100.0,-99.0,sell_both,10000.0,9900.0,99.0,147.48979591836735,4.0,0.0
KXPAYROLLS-26JUN-T70000,Will above 70000 jobs be added in June 2026?,KXPAYROLLS-26JUN,,,2026-07-02T12:29:00Z,,245,33.0,63.0,37.0,67.0,35.0,65.0,100.0,-99.0,sell_both,10000.0,9900.0,99.0,147.48979591836735,4.0,0.0
KXPAYROLLS-26JUN-T60000,Will above 60000 jobs be added in June 2026?,KXPAYROLLS-26JUN,,,2026-07-02T12:29:00Z,,245,38.0,58.0,42.0,62.0,40.0,60.0,100.0,-99.0,sell_both,10000.0,9900.0,99.0,147.48979591836735,4.0,0.0
KXPAYROLLS-26JUN-T50000,Will above 50000 jobs be added in June 2026?,KXPAYROLLS-26JUN,,,2026-07-02T12:29:00Z,,245,43.0,53.0,47.0,57.0,45.0,55.0,100.0,-99.0,sell_both,10000.0,9900.0,99.0,147.48979591836735,4.0,0.0
KXPAYROLLS-26JUN-T40000,Will above 40000 jobs be added in June 2026?,KXPAYROLLS-26JUN,,,2026-07-02T12:29:00Z,,245,48.0,48.0,52.0,52.0,50.0,50.0,100.0,-99.0,sell_both,10000.0,9900.0,99.0,147.48979591836735,4.0,0.0
KXPAYROLLS-26JUN-T30000,Will above 30000 jobs be added in June 2026?,KXPAYROLLS-26JUN,,,2026-07-02T12:29:00Z,,245,53.0,43.0,57.0,47.0,55.0,45.0,100.0,-99.0,sell_both,10000.0,9900.0,99.0,147.48979591836735,4.0,0.0
KXPAYROLLS-26JUN-T-25000,Will above -25000 jobs be added in June 2026?,KXPAYROLLS-26JUN,,,2026-07-02T12:29:00Z,,245,76.0,20.0,80.0,24.0,78.0,22.0,100.0,-99.0,sell_both,10000.0,9900.0,99.0,147.48979591836735,4.0,0.0
KXPAYROLLS-26JUN-T20000,Will above 20000 jobs be added in June 2026?,KXPAYROLLS-26JUN,,,2026-07-02T12:29:00Z,,245,58.0,38.0,62.0,42.0,60.0,40.0,100.0,-99.0,sell_both,10000.0,9900.0,99.0,147.48979591836735,4.0,0.0
KXPAYROLLS-26JUN-T125000,Will above 125000 jobs be added in June 2026?,KXPAYROLLS-26JUN,,,2026-07-02T12:29:00Z,,245,14.0,82.0,18.0,86.0,16.0,84.0,100.0,-99.0,sell_both,10000.0,9900.0,99.0,147.48979591836735,4.0,0.0
KXPAYROLLS-26JUN-T100000,Will above 100000 jobs be added in June 2026?,KXPAYROLLS-26JUN,,,2026-07-02T12:29:00Z,,245,21.0,75.0,25.0,79.0,23.0,77.0,100.0,-99.0,sell_both,10000.0,9900.0,99.0,147.48979591836735,4.0,0.0
KXPAYROLLS-26JUN-T10000,Will above 10000 jobs be added in June 2026?,KXPAYROLLS-26JUN,,,2026-07-02T12:29:00Z,,245,63.0,33.0,67.0,37.0,65.0,35.0,100.0,-99.0,sell_both,10000.0,9900.0,99.0,147.48979591836735,4.0,0.0
KXPAYROLLS-26JUN-T0,Will above 0 jobs be added in June 2026?,KXPAYROLLS-26JUN,,,2026-07-02T12:29:00Z,,245,67.0,29.0,71.0,33.0,69.0,31.0,100.0,-99.0,sell_both,10000.0,9900.0,99.0,147.48979591836735,4.0,0.0
KXNBAWINS-DEN-25-T30,Will the Denver pro basketball team win at least 30 times this season?,KXNBAWINS-DEN-25,,,2026-07-07T04:00:00Z,,250,17.0,5.0,95.0,83.0,56.0,44.0,100.0,-99.0,sell_both,10000.0,9900.0,99.0,144.54,78.0,0.0
KXFEDDECISION-26JUL-H0,Will the Federal Reserve Hike rates by 0bps at their July 2026 meeting?,KXFEDDECISION-26JUL,,,2026-07-29T17:59:00Z,,272,24.0,9.0,91.0,76.0,57.5,42.5,100.0,-99.0,sell_both,10000.0,9900.0,99.0,132.84926470588235,67.0,0.044721359549995794
KXFEDDECISION-26JUL-C25,Will the Federal Reserve Cut rates by 25bps at their July 2026 meeting?,KXFEDDECISION-26JUL,,,2026-07-29T17:59:00Z,,272,10.0,23.0,77.0,90.0,43.5,56.5,100.0,-99.0,sell_both,10000.0,9900.0,99.0,132.84926470588235,67.0,0.05
KXFED-26JUL-T3.50,"Will the upper bound of the federal funds rate be above 3.50% following the Fed's Jul 29, 2026 meeting?",KXFED-26JUL,,,2026-07-29T17:55:00Z,,272,4.0,13.0,87.0,96.0,45.5,54.5,100.0,-99.0,sell_both,10000.0,9900.0,99.0,132.84926470588235,83.0,0.0
KXFED-26JUL-T3.00,"Will the upper bound of the federal funds rate be above 3.00% following the Fed's Jul 29, 2026 meeting?",KXFED-26JUL,,,2026-07-29T17:55:00Z,,272,4.0,2.0,98.0,96.0,51.0,49.0,100.0,-99.0,sell_both,10000.0,9900.0,99.0,132.84926470588235,94.0,0.0
KXFED-26JUL-T2.75,"Will the upper bound of the federal funds rate be above 2.75% following the Fed's Jul 29, 2026 meeting?",KXFED-26JUL,,,2026-07-29T17:55:00Z,,272,17.0,1.0,99.0,83.0,58.0,42.0,100.0,-99.0,sell_both,10000.0,9900.0,99.0,132.84926470588235,82.0,0.0
KXIPODISCORD-26AUG01,When will Discord IPO?,KXIPODISCORD,,,2026-08-01T03:59:00Z,,275,66.0,24.0,76.0,34.0,71.0,29.0,100.0,-99.0,sell_both,10000.0,9900.0,99.0,131.4,10.0,0.0
KXIPOOPENAI-26AUG01,When will OpenAI IPO?,KXIPOOPENAI,,,2026-08-01T03:59:00Z,,275,15.0,77.0,23.0,85.0,19.0,81.0,100.0,-99.0,sell_both,10000.0,9900.0,99.0,131.4,8.0,0.0
KXPAYROLLS-26JUL-T90000,Will above 90000 jobs be added in July 2026?,KXPAYROLLS-26JUL,,,2026-08-07T12:29:00Z,,281,25.0,71.0,29.0,75.0,27.0,73.0,100.0,-99.0,sell_both,10000.0,9900.0,99.0,128.59430604982205,4.0,0.0
KXPAYROLLS-26JUL-T80000,Will above 80000 jobs be added in July 2026?,KXPAYROLLS-26JUL,,,2026-08-07T12:29:00Z,,281,29.0,67.0,33.0,71.0,31.0,69.0,100.0,-99.0,sell_both,10000.0,9900.0,99.0,128.59430604982205,4.0,0.0
KXPAYROLLS-26JUL-T70000,Will above 70000 jobs be added in July 2026?,KXPAYROLLS-26JUL,,,2026-08-07T12:29:00Z,,281,34.0,62.0,38.0,66.0,36.0,64.0,100.0,-99.0,sell_both,10000.0,9900.0,99.0,128.59430604982205,4.0,0.0
KXPAYROLLS-26JUL-T60000,Will above 60000 jobs be added in July 2026?,KXPAYROLLS-26JUL,,,2026-08-07T12:29:00Z,,281,38.0,58.0,42.0,62.0,40.0,60.0,100.0,-99.0,sell_both,10000.0,9900.0,99.0,128.59430604982205,4.0,0.0
KXPAYROLLS-26JUL-T50000,Will above 50000 jobs be added in July 2026?,KXPAYROLLS-26JUL,,,2026-08-07T12:29:00Z,,281,43.0,53.0,47.0,57.0,45.0,55.0,100.0,-99.0,sell_both,10000.0,9900.0,99.0,128.59430604982205,4.0,0.0
KXPAYROLLS-26JUL-T40000,Will above 40000 jobs be added in July 2026?,KXPAYROLLS-26JUL,,,2026-08-07T12:29:00Z,,281,48.0,48.0,52.0,52.0,50.0,50.0,100.0,-99.0,sell_both,10000.0,9900.0,99.0,128.59430604982205,4.0,0.0
KXPAYROLLS-26JUL-T30000,Will above 30000 jobs be added in July 2026?,KXPAYROLLS-26JUL,,,2026-08-07T12:29:00Z,,281,53.0,43.0,57.0,47.0,55.0,45.0,100.0,-99.0,sell_both,10000.0,9900.0,99.0,128.59430604982205,4.0,0.0
KXPAYROLLS-26JUL-T-25000,Will above -25000 jobs be added in July 2026?,KXPAYROLLS-26JUL,,,2026-08-07T12:29:00Z,,281,76.0,20.0,80.0,24.0,78.0,22.0,100.0,-99.0,sell_both,10000.0,9900.0,99.0,128.59430604982205,4.0,0.0
KXPAYROLLS-26JUL-T20000,Will above 20000 jobs be added in July 2026?,KXPAYROLLS-26JUL,,,2026-08-07T12:29:00Z,,281,58.0,38.0,62.0,42.0,60.0,40.0,100.0,-99.0,sell_both,10000.0,9900.0,99.0,128.59430604982205,4.0,0.0
KXPAYROLLS-26JUL-T125000,Will above 125000 jobs be added in July 2026?,KXPAYROLLS-26JUL,,,2026-08-07T12:29:00Z,,281,15.0,81.0,19.0,85.0,17.0,83.0,100.0,-99.0,sell_both,10000.0,9900.0,99.0,128.59430604982205,4.0,0.0
KXPAYROLLS-26JUL-T100000,Will above 100000 jobs be added in July 2026?,KXPAYROLLS-26JUL,,,2026-08-07T12:29:00Z,,281,22.0,74.0,26.0,78.0,24.0,76.0,100.0,-99.0,sell_both,10000.0,9900.0,99.0,128.59430604982205,4.0,0.0
KXPAYROLLS-26JUL-T10000,Will above 10000 jobs be added in July 2026?,KXPAYROLLS-26JUL,,,2026-08-07T12:29:00Z,,281,62.0,34.0,66.0,38.0,64.0,36.0,100.0,-99.0,sell_both,10000.0,9900.0,99.0,128.59430604982205,4.0,0.0
KXPAYROLLS-26JUL-T0,Will above 0 jobs be added in July 2026?,KXPAYROLLS-26JUL,,,2026-08-07T12:29:00Z,,281,67.0,29.0,71.0,33.0,69.0,31.0,100.0,-99.0,sell_both,10000.0,9900.0,99.0,128.59430604982205,4.0,0.0
KXLSUCOACH-26-LFIC,Who will be the next Head Coach of the LSU Football Team?,KXLSUCOACH-26,,,2026-09-01T14:00:00Z,,306,1.0,2.0,98.0,99.0,49.5,50.5,100.0,-99.0,sell_both,10000.0,9900.0,99.0,118.08823529411765,97.0,0.0
KXLSUCOACH-26-NSAB,Who will be the next Head Coach of the LSU Football Team?,KXLSUCOACH-26,,,2026-09-01T14:00:00Z,,306,4.0,87.0,13.0,96.0,8.5,91.5,100.0,-99.0,sell_both,10000.0,9900.0,99.0,118.08823529411765,9.0,0.0
KXLSUCOACH-26-KSHE,Who will be the next Head Coach of the LSU Football Team?,KXLSUCOACH-26,,,2026-09-01T14:00:00Z,,306,3.0,90.0,10.0,97.0,6.5,93.5,100.0,-99.0,sell_both,10000.0,9900.0,99.0,118.08823529411765,7.0,0.0
KXLSUCOACH-26-DLAN,Who will be the next Head Coach of the LSU Football Team?,KXLSUCOACH-26,,,2026-09-01T14:00:00Z,,306,1.0,92.0,8.0,99.0,4.5,95.5,100.0,-99.0,sell_both,10000.0,9900.0,99.0,118.08823529411765,7.0,0.0
KXFLACOACH-26-LRIL,Who will be the next Head Coach of the Florida Gators Football Team?,KXFLACOACH-26,,,2026-09-01T14:00:00Z,,306,2.0,90.0,10.0,98.0,6.0,94.0,100.0,-99.0,sell_both,10000.0,9900.0,99.0,118.08823529411765,8.0,0.0
KXARKCOACH-26-RSIL,Who will be the next Head Coach of the Arkansas Football Team?,KXARKCOACH-26,,,2026-09-01T14:00:00Z,,306,16.0,79.0,21.0,84.0,18.5,81.5,100.0,-99.0,sell_both,10000.0,9900.0,99.0,118.08823529411765,5.0,0.0
KXARKCOACH-26-RLAS,Who will be the next Head Coach of the Arkansas Football Team?,KXARKCOACH-26,,,2026-09-01T14:00:00Z,,306,16.0,76.0,24.0,84.0,20.0,80.0,100.0,-99.0,sell_both,10000.0,9900.0,99.0,118.08823529411765,8.0,0.0
KXARKCOACH-26-JSUM,Who will be the next Head Coach of the Arkansas Football Team?,KXARKCOACH-26,,,2026-09-01T14:00:00Z,,306,9.0,83.0,17.0,91.0,13.0,87.0,100.0,-99.0,sell_both,10000.0,9900.0,99.0,118.08823529411765,8.0,0.0
KXARKCOACH-26-JGRU,Who will be the next Head Coach of the Arkansas Football Team?,KXARKCOACH-26,,,2026-09-01T14:00:00Z,,306,1.0,91.0,9.0,99.0,5.0,95.0,100.0,-99.0,sell_both,10000.0,9900.0,99.0,118.08823529411765,8.0,0.0
KXARKCOACH-26-GMAL,Who will be the next Head Coach of the Arkansas Football Team?,KXARKCOACH-26,,,2026-09-01T14:00:00Z,,306,9.0,83.0,17.0,91.0,13.0,87.0,100.0,-99.0,sell_both,10000.0,9900.0,99.0,118.08823529411765,8.0,0.0
KXARKCOACH-26-EMOR,Who will be the next Head Coach of the Arkansas Football Team?,KXARKCOACH-26,,,2026-09-01T14:00:00Z,,306,2.0,90.0,10.0,98.0,6.0,94.0,100.0,-99.0,sell_both,10000.0,9900.0,99.0,118.08823529411765,8.0,0.0
KXARKCOACH-26-BPET,Who will be the next Head Coach of the Arkansas Football Team?,KXARKCOACH-26,,,2026-09-01T14:00:00Z,,306,9.0,83.0,17.0,91.0,13.0,87.0,100.0,-99.0,sell_both,10000.0,9900.0,99.0,118.08823529411765,8.0,0.0
KXLSUCOACH-26-MRHU,Who will be the next Head Coach of the LSU Football Team?,KXLSUCOACH-26,,,2026-09-01T14:00:00Z,,306,2.0,90.0,10.0,98.0,6.0,94.0,100.0,-99.0,sell_both,10000.0,9900.0,99.0,118.08823529411765,8.0,0.0
KXLSUCOACH-26-MFRE,Who will be the next Head Coach of the LSU Football Team?,KXLSUCOACH-26,,,2026-09-01T14:00:00Z,,306,3.0,89.0,11.0,97.0,7.0,93.0,100.0,-99.0,sell_both,10000.0,9900.0,99.0,118.08823529411765,8.0,0.0
KXLSUCOACH-26-LKIF,Who will be the next Head Coach of the LSU Football Team?,KXLSUCOACH-26,,,2026-09-01T14:00:00Z,,306,28.0,65.0,35.0,72.0,31.5,68.5,100.0,-99.0,sell_both,10000.0,9900.0,99.0,118.08823529411765,7.0,0.0
KXLSUCOACH-26-JSUM,Who will be the next Head Coach of the LSU Football Team?,KXLSUCOACH-26,,,2026-09-01T14:00:00Z,,306,27.0,71.0,29.0,73.0,28.0,72.0,100.0,-99.0,sell_both,10000.0,9900.0,99.0,118.08823529411765,2.0,0.0
KXLSUCOACH-26-JGRU,Who will be the next Head Coach of the LSU Football Team?,KXLSUCOACH-26,,,2026-09-01T14:00:00Z,,306,1.0,91.0,9.0,99.0,5.0,95.0,100.0,-99.0,sell_both,10000.0,9900.0,99.0,118.08823529411765,8.0,0.0
KXLSUCOACH-26-JFRA,Who will be the next Head Coach of the LSU Football Team?,KXLSUCOACH-26,,,2026-09-01T14:00:00Z,,306,3.0,89.0,11.0,97.0,7.0,93.0,100.0,-99.0,sell_both,10000.0,9900.0,99.0,118.08823529411765,8.0,0.0
KXLSUCOACH-26-JBRO,Who will be the next Head Coach of the LSU Football Team?,KXLSUCOACH-26,,,2026-09-01T14:00:00Z,,306,8.0,84.0,16.0,92.0,12.0,88.0,100.0,-99.0,sell_both,10000.0,9900.0,99.0,118.08823529411765,8.0,0.0
KXLSUCOACH-26-JBRA,Who will be the next Head Coach of the LSU Football Team?,KXLSUCOACH-26,,,2026-09-01T14:00:00Z,,306,1.0,91.0,9.0,99.0,5.0,95.0,100.0,-99.0,sell_both,10000.0,9900.0,99.0,118.08823529411765,8.0,0.0
KXLSUCOACH-26-EDRI,Who will be the next Head Coach of the LSU Football Team?,KXLSUCOACH-26,,,2026-09-01T14:00:00Z,,306,6.0,86.0,14.0,94.0,10.0,90.0,100.0,-99.0,sell_both,10000.0,9900.0,99.0,118.08823529411765,8.0,0.0
KXLSUCOACH-26-BOBR,Who will be the next Head Coach of the LSU Football Team?,KXLSUCOACH-26,,,2026-09-01T14:00:00Z,,306,1.0,91.0,9.0,99.0,5.0,95.0,100.0,-99.0,sell_both,10000.0,9900.0,99.0,118.08823529411765,8.0,0.0
KXLSUCOACH-26-BKEY,Who will be the next Head Coach of the LSU Football Team?,KXLSUCOACH-26,,,2026-09-01T14:00:00Z,,306,3.0,92.0,8.0,97.0,5.5,94.5,100.0,-99.0,sell_both,10000.0,9900.0,99.0,118.08823529411765,5.0,0.0
KXFLACOACH-26-MFRE,Who will be the next Head Coach of the Florida Gators Football Team?,KXFLACOACH-26,,,2026-09-01T14:00:00Z,,306,1.0,96.0,4.0,99.0,2.5,97.5,100.0,-99.0,sell_both,10000.0,9900.0,99.0,118.08823529411765,3.0,0.0
KXFLACOACH-26-LKIF,Who will be the next Head Coach of the Florida Gators Football Team?,KXFLACOACH-26,,,2026-09-01T14:00:00Z,,306,29.0,63.0,37.0,71.0,33.0,67.0,100.0,-99.0,sell_both,10000.0,9900.0,99.0,118.08823529411765,8.0,0.0
KXFLACOACH-26-JFRA,Who will be the next Head Coach of the Florida Gators Football Team?,KXFLACOACH-26,,,2026-09-01T14:00:00Z,,306,3.0,89.0,11.0,97.0,7.0,93.0,100.0,-99.0,sell_both,10000.0,9900.0,99.0,118.08823529411765,8.0,0.0
KXFLACOACH-26-JFIS,Who will be the next Head Coach of the Florida Gators Football Team?,KXFLACOACH-26,,,2026-09-01T14:00:00Z,,306,12.0,80.0,20.0,88.0,16.0,84.0,100.0,-99.0,sell_both,10000.0,9900.0,99.0,118.08823529411765,8.0,0.0
KXFLACOACH-26-JBRO,Who will be the next Head Coach of the Florida Gators Football Team?,KXFLACOACH-26,,,2026-09-01T14:00:00Z,,306,2.0,93.0,7.0,98.0,4.5,95.5,100.0,-99.0,sell_both,10000.0,9900.0,99.0,118.08823529411765,5.0,0.0
KXFLACOACH-26-EDRI,Who will be the next Head Coach of the Florida Gators Football Team?,KXFLACOACH-26,,,2026-09-01T14:00:00Z,,306,22.0,75.0,25.0,78.0,23.5,76.5,100.0,-99.0,sell_both,10000.0,9900.0,99.0,118.08823529411765,3.0,0.0
KXEPSTEIN-26-1,"Will Trump release any documents about Epstein's associates before Sep 1, 2026?",KXEPSTEIN-26,,,2026-09-01T14:00:00Z,,306,32.0,67.0,33.0,68.0,32.5,67.5,100.0,-99.0,sell_both,10000.0,9900.0,99.0,118.08823529411765,1.0,0.0
KXIPODISCORD-26SEP01,When will Discord IPO?,KXIPODISCORD,,,2026-09-01T03:59:00Z,,306,67.0,23.0,77.0,33.0,72.0,28.0,100.0,-99.0,sell_both,10000.0,9900.0,99.0,118.08823529411765,10.0,0.0
KXIPOOPENAI-26SEP01,When will OpenAI IPO?,KXIPOOPENAI,,,2026-09-01T03:59:00Z,,306,11.0,6.0,94.0,89.0,52.5,47.5,100.0,-99.0,sell_both,10000.0,9900.0,99.0,118.08823529411765,83.0,0.0
KXPAYROLLS-26AUG-T90000,Will above 90000 jobs be added in August 2026?,KXPAYROLLS-26AUG,,,2026-09-04T12:29:00Z,,309,26.0,70.0,30.0,74.0,28.0,72.0,100.0,-99.0,sell_both,10000.0,9900.0,99.0,116.94174757281554,4.0,0.0
KXPAYROLLS-26AUG-T80000,Will above 80000 jobs be added in August 2026?,KXPAYROLLS-26AUG,,,2026-09-04T12:29:00Z,,309,30.0,66.0,34.0,70.0,32.0,68.0,100.0,-99.0,sell_both,10000.0,9900.0,99.0,116.94174757281554,4.0,0.0
KXPAYROLLS-26AUG-T70000,Will above 70000 jobs be added in August 2026?,KXPAYROLLS-26AUG,,,2026-09-04T12:29:00Z,,309,34.0,62.0,38.0,66.0,36.0,64.0,100.0,-99.0,sell_both,10000.0,9900.0,99.0,116.94174757281554,4.0,0.0
KXPAYROLLS-26AUG-T60000,Will above 60000 jobs be added in August 2026?,KXPAYROLLS-26AUG,,,2026-09-04T12:29:00Z,,309,38.0,58.0,42.0,62.0,40.0,60.0,100.0,-99.0,sell_both,10000.0,9900.0,99.0,116.94174757281554,4.0,0.0
KXPAYROLLS-26AUG-T50000,Will above 50000 jobs be added in August 2026?,KXPAYROLLS-26AUG,,,2026-09-04T12:29:00Z,,309,43.0,53.0,47.0,57.0,45.0,55.0,100.0,-99.0,sell_both,10000.0,9900.0,99.0,116.94174757281554,4.0,0.0
KXPAYROLLS-26AUG-T40000,Will above 40000 jobs be added in August 2026?,KXPAYROLLS-26AUG,,,2026-09-04T12:29:00Z,,309,48.0,48.0,52.0,52.0,50.0,50.0,100.0,-99.0,sell_both,10000.0,9900.0,99.0,116.94174757281554,4.0,0.0
KXPAYROLLS-26AUG-T30000,Will above 30000 jobs be added in August 2026?,KXPAYROLLS-26AUG,,,2026-09-04T12:29:00Z,,309,53.0,43.0,57.0,47.0,55.0,45.0,100.0,-99.0,sell_both,10000.0,9900.0,99.0,116.94174757281554,4.0,0.0
KXPAYROLLS-26AUG-T-25000,Will above -25000 jobs be added in August 2026?,KXPAYROLLS-26AUG,,,2026-09-04T12:29:00Z,,309,75.0,21.0,79.0,25.0,77.0,23.0,100.0,-99.0,sell_both,10000.0,9900.0,99.0,116.94174757281554,4.0,0.0
KXPAYROLLS-26AUG-T20000,Will above 20000 jobs be added in August 2026?,KXPAYROLLS-26AUG,,,2026-09-04T12:29:00Z,,309,58.0,38.0,62.0,42.0,60.0,40.0,100.0,-99.0,sell_both,10000.0,9900.0,99.0,116.94174757281554,4.0,0.0
KXPAYROLLS-26AUG-T125000,Will above 125000 jobs be added in August 2026?,KXPAYROLLS-26AUG,,,2026-09-04T12:29:00Z,,309,15.0,81.0,19.0,85.0,17.0,83.0,100.0,-99.0,sell_both,10000.0,9900.0,99.0,116.94174757281554,4.0,0.0
KXPAYROLLS-26AUG-T100000,Will above 100000 jobs be added in August 2026?,KXPAYROLLS-26AUG,,,2026-09-04T12:29:00Z,,309,22.0,74.0,26.0,78.0,24.0,76.0,100.0,-99.0,sell_both,10000.0,9900.0,99.0,116.94174757281554,4.0,0.0
KXPAYROLLS-26AUG-T10000,Will above 10000 jobs be added in August 2026?,KXPAYROLLS-26AUG,,,2026-09-04T12:29:00Z,,309,62.0,34.0,66.0,38.0,64.0,36.0,100.0,-99.0,sell_both,10000.0,9900.0,99.0,116.94174757281554,4.0,0.0
KXPAYROLLS-26AUG-T0,Will above 0 jobs be added in August 2026?,KXPAYROLLS-26AUG,,,2026-09-04T12:29:00Z,,309,66.0,30.0,70.0,34.0,68.0,32.0,100.0,-99.0,sell_both,10000.0,9900.0,99.0,116.94174757281554,4.0,0.0
KXUSELECTIONVA11D-25-PPUN,Who will win Democratic Nominee for the 11th district of Virginia?,KXUSELECTIONVA11D-25,,,2026-09-10T14:00:00Z,,315,47.0,52.0,48.0,53.0,47.5,52.5,100.0,-99.0,sell_both,10000.0,9900.0,99.0,114.71428571428572,1.0,1.5555545634917471
KXFEDDECISION-26SEP-H0,Will the Federal Reserve Hike rates by 0bps at their September 2026 meeting?,KXFEDDECISION-26SEP,,,2026-09-16T17:59:00Z,,321,25.0,2.0,98.0,75.0,61.5,38.5,100.0,-99.0,sell_both,10000.0,9900.0,99.0,112.57009345794393,73.0,0.03872983346207417
KXFEDDECISION-26SEP-C25,Will the Federal Reserve Cut rates by 25bps at their September 2026 meeting?,KXFEDDECISION-26SEP,,,2026-09-16T17:59:00Z,,321,5.0,34.0,66.0,95.0,35.5,64.5,100.0,-99.0,sell_both,10000.0,9900.0,99.0,112.57009345794393,61.0,0.06324555320336758
KXFED-26SEP-T3.75,"Will the upper bound of the federal funds rate be above 3.75% following the Fed's Sep 16, 2026 meeting?",KXFED-26SEP,,,2026-09-16T17:55:00Z,,321,3.0,15.0,85.0,97.0,44.0,56.0,100.0,-99.0,sell_both,10000.0,9900.0,99.0,112.57009345794393,82.0,0.0
KXFED-26SEP-T3.50,"Will the upper bound of the federal funds rate be above 3.50% following the Fed's Sep 16, 2026 meeting?",KXFED-26SEP,,,2026-09-16T17:55:00Z,,321,6.0,32.0,68.0,94.0,37.0,63.0,100.0,-99.0,sell_both,10000.0,9900.0,99.0,112.57009345794393,62.0,0.0
KXFED-26SEP-T3.25,"Will the upper bound of the federal funds rate be above 3.25% following the Fed's Sep 16, 2026 meeting?",KXFED-26SEP,,,2026-09-16T17:55:00Z,,321,2.0,4.0,96.0,98.0,49.0,51.0,100.0,-99.0,sell_both,10000.0,9900.0,99.0,112.57009345794393,94.0,0.04743416490252569
KXFED-26SEP-T3.00,"Will the upper bound of the federal funds rate be above 3.00% following the Fed's Sep 16, 2026 meeting?",KXFED-26SEP,,,2026-09-16T17:55:00Z,,321,4.0,2.0,98.0,96.0,51.0,49.0,100.0,-99.0,sell_both,10000.0,9900.0,99.0,112.57009345794393,94.0,0.04183300132670378
KXFED-26SEP-T2.75,"Will the upper bound of the federal funds rate be above 2.75% following the Fed's Sep 16, 2026 meeting?",KXFED-26SEP,,,2026-09-16T17:55:00Z,,321,12.0,2.0,98.0,88.0,55.0,45.0,100.0,-99.0,sell_both,10000.0,9900.0,99.0,112.57009345794393,86.0,0.03872983346207417
KXNEXTDUTCHPM-25OCT29-RJET,Will Rob Jetten become Prime Minister of the Netherlands following the 2025 Dutch general election?,KXNEXTDUTCHPM-25OCT29,,,2026-09-29T14:00:00Z,,334,87.0,10.0,90.0,13.0,88.5,11.5,100.0,-99.0,sell_both,10000.0,9900.0,99.0,108.188622754491,3.0,0.0
KXNEXTDUTCHPM-25OCT29-HBON,Will Henri Bontenbal become Prime Minister of the Netherlands following the 2025 Dutch general election?,KXNEXTDUTCHPM-25OCT29,,,2026-09-29T14:00:00Z,,334,3.0,91.0,9.0,97.0,6.0,94.0,100.0,-99.0,sell_both,10000.0,9900.0,99.0,108.188622754491,6.0,0.0
KXMLBALMVP-25-TIE,Who will win AL MVP?,KXMLBALMVP-25,,,2026-09-29T14:00:00Z,,334,5.0,94.0,6.0,95.0,5.5,94.5,100.0,-99.0,sell_both,10000.0,9900.0,99.0,108.188622754491,1.0,0.0
KXMLBALMVP-25-CRAL,Who will win AL MVP?,KXMLBALMVP-25,,,2026-09-29T14:00:00Z,,334,27.0,69.0,31.0,73.0,29.0,71.0,100.0,-99.0,sell_both,10000.0,9900.0,99.0,108.188622754491,4.0,2.0648244477436815
KXMLBALMVP-25-AJUD,Who will win AL MVP?,KXMLBALMVP-25,,,2026-09-29T14:00:00Z,,334,69.0,28.0,72.0,31.0,70.5,29.5,100.0,-99.0,sell_both,10000.0,9900.0,99.0,108.188622754491,3.0,1.8637998819615802
KXEPSTEIN-26-2,"Will Trump release any documents about Epstein's associates before Oct 1, 2026?",KXEPSTEIN-26,,,2026-10-01T14:00:00Z,,336,31.0,68.0,32.0,69.0,31.5,68.5,100.0,-99.0,sell_both,10000.0,9900.0,99.0,107.54464285714285,1.0,0.0
KXIPODISCORD-26OCT01,When will Discord IPO?,KXIPODISCORD,,,2026-10-01T03:59:00Z,,336,68.0,22.0,78.0,32.0,73.0,27.0,100.0,-99.0,sell_both,10000.0,9900.0,99.0,107.54464285714285,10.0,0.0
KXIPOOPENAI-26OCT01,When will OpenAI IPO?,KXIPOOPENAI,,,2026-10-01T03:59:00Z,,336,13.0,6.0,94.0,87.0,53.5,46.5,100.0,-99.0,sell_both,10000.0,9900.0,99.0,107.54464285714285,81.0,0.0
KXPAYROLLS-26SEP-T90000,Will above 90000 jobs be added in September 2026?,KXPAYROLLS-26SEP,,,2026-10-02T12:29:00Z,,337,3.0,70.0,30.0,97.0,16.5,83.5,100.0,-99.0,sell_both,10000.0,9900.0,99.0,107.22551928783382,27.0,0.7959271323431562
KXPAYROLLS-26SEP-T80000,Will above 80000 jobs be added in September 2026?,KXPAYROLLS-26SEP,,,2026-10-02T12:29:00Z,,337,3.0,66.0,34.0,97.0,18.5,81.5,100.0,-99.0,sell_both,10000.0,9900.0,99.0,107.22551928783382,31.0,0.7745966692414834
KXPAYROLLS-26SEP-T70000,Will above 70000 jobs be added in September 2026?,KXPAYROLLS-26SEP,,,2026-10-02T12:29:00Z,,337,3.0,62.0,38.0,97.0,20.5,79.5,100.0,-99.0,sell_both,10000.0,9900.0,99.0,107.22551928783382,35.0,0.7745966692414834
KXPAYROLLS-26SEP-T60000,Will above 60000 jobs be added in September 2026?,KXPAYROLLS-26SEP,,,2026-10-02T12:29:00Z,,337,39.0,57.0,43.0,61.0,41.0,59.0,100.0,-99.0,sell_both,10000.0,9900.0,99.0,107.22551928783382,4.0,0.5774945887192364
KXPAYROLLS-26SEP-T50000,Will above 50000 jobs be added in September 2026?,KXPAYROLLS-26SEP,,,2026-10-02T12:29:00Z,,337,43.0,53.0,47.0,57.0,45.0,55.0,100.0,-99.0,sell_both,10000.0,9900.0,99.0,107.22551928783382,4.0,0.5477225575051661
KXPAYROLLS-26SEP-T40000,Will above 40000 jobs be added in September 2026?,KXPAYROLLS-26SEP,,,2026-10-02T12:29:00Z,,337,48.0,48.0,52.0,52.0,50.0,50.0,100.0,-99.0,sell_both,10000.0,9900.0,99.0,107.22551928783382,4.0,0.5477225575051661
KXPAYROLLS-26SEP-T30000,Will above 30000 jobs be added in September 2026?,KXPAYROLLS-26SEP,,,2026-10-02T12:29:00Z,,337,1.0,43.0,57.0,99.0,29.0,71.0,100.0,-99.0,sell_both,10000.0,9900.0,99.0,107.22551928783382,56.0,0.7745966692414834
KXPAYROLLS-26SEP-T-25000,Will above -25000 jobs be added in September 2026?,KXPAYROLLS-26SEP,,,2026-10-02T12:29:00Z,,337,75.0,21.0,79.0,25.0,77.0,23.0,100.0,-99.0,sell_both,10000.0,9900.0,99.0,107.22551928783382,4.0,0.0
KXPAYROLLS-26SEP-T20000,Will above 20000 jobs be added in September 2026?,KXPAYROLLS-26SEP,,,2026-10-02T12:29:00Z,,337,57.0,39.0,61.0,43.0,59.0,41.0,100.0,-99.0,sell_both,10000.0,9900.0,99.0,107.22551928783382,4.0,0.5477225575051661
KXPAYROLLS-26SEP-T125000,Will above 125000 jobs be added in September 2026?,KXPAYROLLS-26SEP,,,2026-10-02T12:29:00Z,,337,1.0,80.0,20.0,99.0,10.5,89.5,100.0,-99.0,sell_both,10000.0,9900.0,99.0,107.22551928783382,19.0,0.7745966692414834
KXPAYROLLS-26SEP-T100000,Will above 100000 jobs be added in September 2026?,KXPAYROLLS-26SEP,,,2026-10-02T12:29:00Z,,337,1.0,73.0,27.0,99.0,14.0,86.0,100.0,-99.0,sell_both,10000.0,9900.0,99.0,107.22551928783382,26.0,0.7745966692414834
KXPAYROLLS-26SEP-T10000,Will above 10000 jobs be added in September 2026?,KXPAYROLLS-26SEP,,,2026-10-02T12:29:00Z,,337,62.0,34.0,66.0,38.0,64.0,36.0,100.0,-99.0,sell_both,10000.0,9900.0,99.0,107.22551928783382,4.0,0.3872983346207417
KXPAYROLLS-26SEP-T0,Will above 0 jobs be added in September 2026?,KXPAYROLLS-26SEP,,,2026-10-02T12:29:00Z,,337,66.0,30.0,70.0,34.0,68.0,32.0,100.0,-99.0,sell_both,10000.0,9900.0,99.0,107.22551928783382,4.0,0.5477225575051661
KXLOLMAP-G2ETOP25-TOP,Will Top Esports win G2 Esports vs. Top Esports: Game 1 Winner?,KXLOLMAP-G2ETOP25,,,2026-10-25T09:00:00Z,,360,52.0,36.0,64.0,48.0,58.0,42.0,100.0,-99.0,sell_both,10000.0,9900.0,99.0,100.375,12.0,0.0
KXLOLMAP-G2ETOP25-G2E,Will G2 Esports win G2 Esports vs. Top Esports: Game 1 Winner?,KXLOLMAP-G2ETOP25,,,2026-10-25T09:00:00Z,,360,37.0,51.0,49.0,63.0,43.0,57.0,100.0,-99.0,sell_both,10000.0,9900.0,99.0,100.375,12.0,0.0
KXLOLGAMES-G2TOP25-TOP,Will Top Esports win the 2025 LoL Worlds: G2 Esports vs. Top Esports?,KXLOLGAMES-G2TOP25,,,2026-10-25T11:00:00Z,,360,67.0,32.0,68.0,33.0,67.5,32.5,100.0,-99.0,sell_both,10000.0,9900.0,99.0,100.375,1.0,0.0
KXLOLGAMES-G2TOP25-G2,Will G2 Esports win the 2025 LoL Worlds: G2 Esports vs. Top Esports?,KXLOLGAMES-G2TOP25,,,2026-10-25T11:00:00Z,,360,32.0,67.0,33.0,68.0,32.5,67.5,100.0,-99.0,sell_both,10000.0,9900.0,99.0,100.375,1.0,0.0
KXFEDDECISION-26OCT-H0,Will the Federal Reserve Hike rates by 0bps at their October 2026 meeting?,KXFEDDECISION-26OCT,,,2026-10-28T17:59:00Z,,363,65.0,27.0,73.0,35.0,69.0,31.0,100.0,-99.0,sell_both,10000.0,9900.0,99.0,99.54545454545455,8.0,0.0
KXFEDDECISION-26OCT-C25,Will the Federal Reserve Cut rates by 25bps at their October 2026 meeting?,KXFEDDECISION-26OCT,,,2026-10-28T17:59:00Z,,363,22.0,62.0,38.0,78.0,30.0,70.0,100.0,-99.0,sell_both,10000.0,9900.0,99.0,99.54545454545455,16.0,0.0
KXFED-26OCT-T3.50,"Will the upper bound of the federal funds rate be above 3.50% following the Fed's Oct 28, 2026 meeting?",KXFED-26OCT,,,2026-10-28T17:55:00Z,,363,4.0,23.0,77.0,96.0,40.5,59.5,100.0,-99.0,sell_both,10000.0,9900.0,99.0,99.54545454545455,73.0,0.0
KXFED-26OCT-T3.25,"Will the upper bound of the federal funds rate be above 3.25% following the Fed's Oct 28, 2026 meeting?",KXFED-26OCT,,,2026-10-28T17:55:00Z,,363,2.0,4.0,96.0,98.0,49.0,51.0,100.0,-99.0,sell_both,10000.0,9900.0,99.0,99.54545454545455,94.0,0.0
KXFED-26OCT-T3.00,"Will the upper bound of the federal funds rate be above 3.00% following the Fed's Oct 28, 2026 meeting?",KXFED-26OCT,,,2026-10-28T17:55:00Z,,363,8.0,4.0,96.0,92.0,52.0,48.0,100.0,-99.0,sell_both,10000.0,9900.0,99.0,99.54545454545455,88.0,0.0
KXDUTCHSECOND-25OCT29-2-PVV,Will Party for Freedom finish 2nd in the Netherlands?,KXDUTCHSECOND-25OCT29-2,,,2026-10-29T14:00:00Z,,364,33.0,28.0,72.0,67.0,52.5,47.5,100.0,-99.0,sell_both,10000.0,9900.0,99.0,99.27197802197801,39.0,0.0
KXDUTCHSECOND-25OCT29-2-D66,Will Democrats 66 finish 2nd in the Netherlands?,KXDUTCHSECOND-25OCT29-2,,,2026-10-29T14:00:00Z,,364,2.0,55.0,45.0,98.0,23.5,76.5,100.0,-99.0,sell_both,10000.0,9900.0,99.0,99.27197802197801,43.0,0.0
KXEPSTEIN-26-3,"Will Trump release any documents about Epstein's associates before Nov 1, 2026?",KXEPSTEIN-26,,,2026-11-01T15:00:00Z,,367,33.0,66.0,34.0,67.0,33.5,66.5,100.0,-99.0,sell_both,10000.0,9900.0,99.0,98.46049046321527,1.0,0.0
KXIPODISCORD-26NOV01,When will Discord IPO?,KXIPODISCORD,,,2026-11-01T04:59:00Z,,367,69.0,21.0,79.0,31.0,74.0,26.0,100.0,-99.0,sell_both,10000.0,9900.0,99.0,98.46049046321527,10.0,0.0
KXIPOOPENAI-26NOV01,When will OpenAI IPO?,KXIPOOPENAI,,,2026-11-01T04:59:00Z,,367,14.0,6.0,94.0,86.0,54.0,46.0,100.0,-99.0,sell_both,10000.0,9900.0,99.0,98.46049046321527,80.0,0.0
KXGOVSCNOMR-26-RNOR,Wil Ralph Norman be the Republican nominee for Governor in South Carolina?,KXGOVSCNOMR-26,,,2026-11-03T15:00:00Z,,369,6.0,85.0,15.0,94.0,10.5,89.5,100.0,-99.0,sell_both,10000.0,9900.0,99.0,97.92682926829269,9.0,0.0
KXGOVSCNOMR-26-PEVE,Wil Pamela Evette be the Republican nominee for Governor in South Carolina?,KXGOVSCNOMR-26,,,2026-11-03T15:00:00Z,,369,28.0,66.0,34.0,72.0,31.0,69.0,100.0,-99.0,sell_both,10000.0,9900.0,99.0,97.92682926829269,6.0,0.0
KXGOVSCNOMR-26-NMAC,Wil Nancy Mace be the Republican nominee for Governor in South Carolina?,KXGOVSCNOMR-26,,,2026-11-03T15:00:00Z,,369,42.0,51.0,49.0,58.0,45.5,54.5,100.0,-99.0,sell_both,10000.0,9900.0,99.0,97.92682926829269,7.0,0.0
KXGOVSCNOMR-26-AWIL,Wil Alan Wilson be the Republican nominee for Governor in South Carolina?,KXGOVSCNOMR-26,,,2026-11-03T15:00:00Z,,369,7.0,87.0,13.0,93.0,10.0,90.0,100.0,-99.0,sell_both,10000.0,9900.0,99.0,97.92682926829269,6.0,0.0
KXIL9D-26-DBIS,Wil Daniel Biss be the Democratic nominee for IL-9?,KXIL9D-26,,,2026-11-03T15:00:00Z,,369,56.0,35.0,65.0,44.0,60.5,39.5,100.0,-99.0,sell_both,10000.0,9900.0,99.0,97.92682926829269,9.0,1.8676857337357373
KXIL9D-26-LFIN,Wil Laura Fine be the Democratic nominee for IL-9?,KXIL9D-26,,,2026-11-03T15:00:00Z,,369,6.0,89.0,11.0,94.0,8.5,91.5,100.0,-99.0,sell_both,10000.0,9900.0,99.0,97.92682926829269,5.0,1.8306419639022808
KXTX28D-26-HCUE,Wil Henry Cuellar be the Democratic nominee for TX-28?,KXTX28D-26,,,2026-11-03T15:00:00Z,,369,76.0,99.0,1.0,24.0,38.5,61.5,100.0,-99.0,sell_both,10000.0,9900.0,99.0,97.92682926829269,-75.0,3757.108968942398
KXIL9D-26-KA,Wil Kat Abughazaleh be the Democratic nominee for IL-9?,KXIL9D-26,,,2026-11-03T15:00:00Z,,369,27.0,61.0,39.0,73.0,33.0,67.0,100.0,-99.0,sell_both,10000.0,9900.0,99.0,97.92682926829269,12.0,1.8879221382249851
KXSENATENHD-26-CPAP,Wil Chris Pappas be the Democratic nominee for the Senate in New Hampshire?,KXSENATENHD-26,,,2026-11-03T15:00:00Z,,369,66.0,33.0,67.0,34.0,66.5,33.5,100.0,-99.0,sell_both,10000.0,9900.0,99.0,97.92682926829269,1.0,1.56236999459155
KXGOVKSNOMD-26-DT,Wil David Toland be the Democratic nominee for Governor in Kansas?,KXGOVKSNOMD-26,,,2026-11-03T15:00:00Z,,369,80.0,16.0,84.0,20.0,82.0,18.0,100.0,-99.0,sell_both,10000.0,9900.0,99.0,97.92682926829269,4.0,2.0857252935130264
KXGOVMINOMR-26-PJ,Wil Perry Johnson be the Republican nominee for Governor in Michigan?,KXGOVMINOMR-26,,,2026-11-03T15:00:00Z,,369,84.0,99.0,1.0,16.0,42.5,57.5,100.0,-99.0,sell_both,10000.0,9900.0,99.0,97.92682926829269,-83.0,4156.898881249578
KXGOVCANOMR-26-JP,Wil Jimmy Parker be the Republican nominee for Governor in California?,KXGOVCANOMR-26,,,2026-11-03T15:00:00Z,,369,21.0,78.0,22.0,79.0,21.5,78.5,100.0,-99.0,sell_both,10000.0,9900.0,99.0,97.92682926829269,1.0,2.022251220793302
KXCAPROP50OUTPERFORMVOTEHUB-25NOV04,"Will Yes outperform the final VoteHub average margin of victory (“spread”) at 10:00 AM ET on Nov 4, 2025 in California's Prop 50 referendum?",KXCAPROP50OUTPERFORMVOTEHUB-25NOV04,,,2026-11-04T15:00:00Z,,370,67.0,30.0,70.0,33.0,68.5,31.5,100.0,-99.0,sell_both,10000.0,9900.0,99.0,97.66216216216216,3.0,0.0
KXLOUDOUNMOVVAGOV-25NOV04-P65,Will Abigail Spanberger win by 30% or more in Loudoun County in the Virginia governor election?,KXLOUDOUNMOVVAGOV-25NOV04,,,2026-11-04T15:00:00Z,,370,1.0,95.0,5.0,99.0,3.0,97.0,100.0,-99.0,sell_both,10000.0,9900.0,99.0,97.66216216216216,4.0,0.0
KXLOUDOUNMOVVAGOV-25NOV04-P28,Will Abigail Spanberger win by 27% to 29.99% in Loudoun County in the Virginia governor election?,KXLOUDOUNMOVVAGOV-25NOV04,,,2026-11-04T15:00:00Z,,370,7.0,90.0,10.0,93.0,8.5,91.5,100.0,-99.0,sell_both,10000.0,9900.0,99.0,97.66216216216216,3.0,0.0
KXLOUDOUNMOVVAGOV-25NOV04-P25,Will Abigail Spanberger win by 24% to 26.99% in Loudoun County in the Virginia governor election?,KXLOUDOUNMOVVAGOV-25NOV04,,,2026-11-04T15:00:00Z,,370,13.0,79.0,21.0,87.0,17.0,83.0,100.0,-99.0,sell_both,10000.0,9900.0,99.0,97.66216216216216,8.0,0.0
KXLOUDOUNMOVVAGOV-25NOV04-P22,Will Abigail Spanberger win by 21% to 23.99% in Loudoun County in the Virginia governor election?,KXLOUDOUNMOVVAGOV-25NOV04,,,2026-11-04T15:00:00Z,,370,22.0,76.0,24.0,78.0,23.0,77.0,100.0,-99.0,sell_both,10000.0,9900.0,99.0,97.66216216216216,2.0,0.0
KXLOUDOUNMOVVAGOV-25NOV04-P19,Will Abigail Spanberger win by 18% to 20.99% in Loudoun County in the Virginia governor election?,KXLOUDOUNMOVVAGOV-25NOV04,,,2026-11-04T15:00:00Z,,370,21.0,77.0,23.0,79.0,22.0,78.0,100.0,-99.0,sell_both,10000.0,9900.0,99.0,97.66216216216216,2.0,0.0
KXLOUDOUNMOVVAGOV-25NOV04-P16,Will Abigail Spanberger win by 15% to 17.99% in Loudoun County in the Virginia governor election?,KXLOUDOUNMOVVAGOV-25NOV04,,,2026-11-04T15:00:00Z,,370,12.0,82.0,18.0,88.0,15.0,85.0,100.0,-99.0,sell_both,10000.0,9900.0,99.0,97.66216216216216,6.0,0.0
KXLOUDOUNMOVVAGOV-25NOV04-P13,Will Abigail Spanberger win by 12% to 14.99% in Loudoun County in the Virginia governor election?,KXLOUDOUNMOVVAGOV-25NOV04,,,2026-11-04T15:00:00Z,,370,7.0,91.0,9.0,93.0,8.0,92.0,100.0,-99.0,sell_both,10000.0,9900.0,99.0,97.66216216216216,2.0,0.0
KXLOUDOUNMOVVAGOV-25NOV04-N44,Will Abigail Spanberger win by -100% to 11.99% in Loudoun County in the Virginia governor election?,KXLOUDOUNMOVVAGOV-25NOV04,,,2026-11-04T15:00:00Z,,370,3.0,95.0,5.0,97.0,4.0,96.0,100.0,-99.0,sell_both,10000.0,9900.0,99.0,97.66216216216216,2.0,0.0
KXGAPUBLICSERVICE3-25NOV04-PHUB,Will Peter Hubbard win the the 2025 Georgia Public Service Commission District 3 election?,KXGAPUBLICSERVICE3-25NOV04,,,2026-11-04T15:00:00Z,,370,69.0,27.0,73.0,31.0,71.0,29.0,100.0,-99.0,sell_both,10000.0,9900.0,99.0,97.66216216216216,4.0,0.0
KXGAPUBLICSERVICE3-25NOV04-FJON,Will Fitz Johnson win the the 2025 Georgia Public Service Commission District 3 election?,KXGAPUBLICSERVICE3-25NOV04,,,2026-11-04T15:00:00Z,,370,27.0,70.0,30.0,73.0,28.5,71.5,100.0,-99.0,sell_both,10000.0,9900.0,99.0,97.66216216216216,3.0,0.0
KXDEMVASWEEP-25NOV04,Will Democrats win VA Governor AND VA Lieutenant Governor AND VA Attorney General?,KXDEMVASWEEP-25NOV04,,,2026-11-04T15:00:00Z,,370,32.0,66.0,34.0,68.0,33.0,67.0,100.0,-99.0,sell_both,10000.0,9900.0,99.0,97.66216216216216,2.0,0.0
KXMAMDANINYC-25NOV04,Will Zohran Mamdani outperform the final Real Clear Polling average in NYC Mayoral election?,KXMAMDANINYC-25NOV04,,,2026-11-04T15:00:00Z,,370,44.0,55.0,45.0,56.0,44.5,55.5,100.0,-99.0,sell_both,10000.0,9900.0,99.0,97.66216216216216,1.0,0.0
KXCLOSEST2025-26NOV04-VALG,Will Virginia Lieutenant Governor election have the smallest margin of victory in 2025 U.S. Elections?,KXCLOSEST2025-26NOV04,,,2026-11-04T04:59:00Z,,370,8.0,89.0,11.0,92.0,9.5,90.5,100.0,-99.0,sell_both,10000.0,9900.0,99.0,97.66216216216216,3.0,0.0
KXCLOSEST2025-26NOV04-VAGOV,Will Virginia Governor election have the smallest margin of victory in 2025 U.S. Elections?,KXCLOSEST2025-26NOV04,,,2026-11-04T04:59:00Z,,370,4.0,95.0,5.0,96.0,4.5,95.5,100.0,-99.0,sell_both,10000.0,9900.0,99.0,97.66216216216216,1.0,0.0
KXCLOSEST2025-26NOV04-VAAG,Will Virginia Attorney General election have the smallest margin of victory in 2025 U.S. Elections?,KXCLOSEST2025-26NOV04,,,2026-11-04T04:59:00Z,,370,66.0,32.0,68.0,34.0,67.0,33.0,100.0,-99.0,sell_both,10000.0,9900.0,99.0,97.66216216216216,2.0,0.0
KXCLOSEST2025-26NOV04-NYCM,Will NYC Mayoral election have the smallest margin of victory in 2025 U.S. Elections?,KXCLOSEST2025-26NOV04,,,2026-11-04T04:59:00Z,,370,4.0,91.0,9.0,96.0,6.5,93.5,100.0,-99.0,sell_both,10000.0,9900.0,99.0,97.66216216216216,5.0,0.0
KXCLOSEST2025-26NOV04-NJGOV,Will New Jersey Governor election have the smallest margin of victory in 2025 U.S. Elections?,KXCLOSEST2025-26NOV04,,,2026-11-04T04:59:00Z,,370,17.0,81.0,19.0,83.0,18.0,82.0,100.0,-99.0,sell_both,10000.0,9900.0,99.0,97.66216216216216,2.0,0.0
KXDEMSWEEP-25NOV04,Will Democrats win VA Governor AND VA House of Delegates AND NJ Governor AND Mamdani wins NYC Mayor all win their elections?,KXDEMSWEEP-25NOV04,,,2026-11-04T15:00:00Z,,370,74.0,25.0,75.0,26.0,74.5,25.5,100.0,-99.0,sell_both,10000.0,9900.0,99.0,97.66216216216216,1.0,0.0
KXMAMDANIREDSTRICT-25NOV04-ZMAM,Will the winner of the New York City mayoral election have the largest margin of victory in New York City mayoral election and California Proposition 50?,KXMAMDANIREDSTRICT-25NOV04,,,2026-11-04T15:00:00Z,,370,11.0,86.0,14.0,89.0,12.5,87.5,100.0,-99.0,sell_both,10000.0,9900.0,99.0,97.66216216216216,3.0,0.0
KXMAMDANIREDSTRICT-25NOV04-CPRO,Will California Proposition 50 have the largest margin of victory in New York City mayoral election and California Proposition 50?,KXMAMDANIREDSTRICT-25NOV04,,,2026-11-04T15:00:00Z,,370,86.0,12.0,88.0,14.0,87.0,13.0,100.0,-99.0,sell_both,10000.0,9900.0,99.0,97.66216216216216,2.0,0.0
KXMOVVANJGOV-25NOV04-VGOV,Will the winner of the Virginia Governor's race have the largest margin of victory in 2025 Virginia and New Jersey gubernatorial elections?,KXMOVVANJGOV-25NOV04,,,2026-11-04T15:00:00Z,,370,91.0,8.0,92.0,9.0,91.5,8.5,100.0,-99.0,sell_both,10000.0,9900.0,99.0,97.66216216216216,1.0,0.0
KXMOVVANJGOV-25NOV04-NGOV,Will the winner of the New Jersey Governor's race have the largest margin of victory in 2025 Virginia and New Jersey gubernatorial elections?,KXMOVVANJGOV-25NOV04,,,2026-11-04T15:00:00Z,,370,8.0,91.0,9.0,92.0,8.5,91.5,100.0,-99.0,sell_both,10000.0,9900.0,99.0,97.66216216216216,1.0,0.0
KXMOVVALTAG-25NOV04-VALG,Will the winner of the Virginia Lieutenant Governor race have the largest margin of victory in 2025 Virginia lieutenant governor and attorney general elections?,KXMOVVALTAG-25NOV04,,,2026-11-04T15:00:00Z,,370,80.0,16.0,84.0,20.0,82.0,18.0,100.0,-99.0,sell_both,10000.0,9900.0,99.0,97.66216216216216,4.0,0.0
KXMOVVALTAG-25NOV04-VAAG,Will the winner of the Virginia Attorney General race have the largest margin of victory in 2025 Virginia lieutenant governor and attorney general elections?,KXMOVVALTAG-25NOV04,,,2026-11-04T15:00:00Z,,370,15.0,81.0,19.0,85.0,17.0,83.0,100.0,-99.0,sell_both,10000.0,9900.0,99.0,97.66216216216216,4.0,0.0
KXELECTIONMOVVAGOV-25NOV04-P8,Will Abigail Spanberger win by 8 to 9.99 percentage points in Virginia?,KXELECTIONMOVVAGOV-25NOV04,,,2026-11-04T15:00:00Z,,370,18.0,81.0,19.0,82.0,18.5,81.5,100.0,-99.0,sell_both,10000.0,9900.0,99.0,97.66216216216216,1.0,0.0
KXELECTIONMOVVAGOV-25NOV04-P6,Will Abigail Spanberger win by 6 to 7.99 percentage points in Virginia?,KXELECTIONMOVVAGOV-25NOV04,,,2026-11-04T15:00:00Z,,370,15.0,83.0,17.0,85.0,16.0,84.0,100.0,-99.0,sell_both,10000.0,9900.0,99.0,97.66216216216216,2.0,0.0
KXELECTIONMOVVAGOV-25NOV04-P57,Will Abigail Spanberger win by 14 to 100 percentage points in Virginia?,KXELECTIONMOVVAGOV-25NOV04,,,2026-11-04T15:00:00Z,,370,23.0,76.0,24.0,77.0,23.5,76.5,100.0,-99.0,sell_both,10000.0,9900.0,99.0,97.66216216216216,1.0,0.0
KXELECTIONMOVVAGOV-25NOV04-P4,Will Abigail Spanberger win by 4 to 5.99 percentage points in Virginia?,KXELECTIONMOVVAGOV-25NOV04,,,2026-11-04T15:00:00Z,,370,4.0,94.0,6.0,96.0,5.0,95.0,100.0,-99.0,sell_both,10000.0,9900.0,99.0,97.66216216216216,2.0,0.0
KXELECTIONMOVVAGOV-25NOV04-P2,Will Abigail Spanberger win by 2 to 3.99 percentage points in Virginia?,KXELECTIONMOVVAGOV-25NOV04,,,2026-11-04T15:00:00Z,,370,2.0,97.0,3.0,98.0,2.5,97.5,100.0,-99.0,sell_both,10000.0,9900.0,99.0,97.66216216216216,1.0,0.0
KXELECTIONMOVVAGOV-25NOV04-P12,Will Abigail Spanberger win by 12 to 13.99 percentage points in Virginia?,KXELECTIONMOVVAGOV-25NOV04,,,2026-11-04T15:00:00Z,,370,16.0,83.0,17.0,84.0,16.5,83.5,100.0,-99.0,sell_both,10000.0,9900.0,99.0,97.66216216216216,1.0,0.0
KXELECTIONMOVVAGOV-25NOV04-P10,Will Abigail Spanberger win by 10 to 11.99 percentage points in Virginia?,KXELECTIONMOVVAGOV-25NOV04,,,2026-11-04T15:00:00Z,,370,11.0,87.0,13.0,89.0,12.0,88.0,100.0,-99.0,sell_both,10000.0,9900.0,99.0,97.66216216216216,2.0,0.0
KXELECTIONMOVVAGOV-25NOV04-P0,Will Abigail Spanberger win by 0 to 1.99 percentage points in Virginia?,KXELECTIONMOVVAGOV-25NOV04,,,2026-11-04T15:00:00Z,,370,1.0,98.0,2.0,99.0,1.5,98.5,100.0,-99.0,sell_both,10000.0,9900.0,99.0,97.66216216216216,1.0,0.0
KXELECTIONMOVVAGOV-25NOV04-N50,Will Abigail Spanberger finish within 100 to -0.01 percentage points in Virginia?,KXELECTIONMOVVAGOV-25NOV04,,,2026-11-04T15:00:00Z,,370,4.0,95.0,5.0,96.0,4.5,95.5,100.0,-99.0,sell_both,10000.0,9900.0,99.0,97.66216216216216,1.0,0.0
KXELECTIONMOVNJGOV-25NOV04-P8,Will Mikie Sherrill win by 8 to 9.99 percentage points in New Jersey?,KXELECTIONMOVNJGOV-25NOV04,,,2026-11-04T15:00:00Z,,370,12.0,87.0,13.0,88.0,12.5,87.5,100.0,-99.0,sell_both,10000.0,9900.0,99.0,97.66216216216216,1.0,0.0
KXELECTIONMOVNJGOV-25NOV04-P6,Will Mikie Sherrill win by 6 to 7.99 percentage points in New Jersey?,KXELECTIONMOVNJGOV-25NOV04,,,2026-11-04T15:00:00Z,,370,13.0,86.0,14.0,87.0,13.5,86.5,100.0,-99.0,sell_both,10000.0,9900.0,99.0,97.66216216216216,1.0,0.0
KXELECTIONMOVNJGOV-25NOV04-P57,Will Mikie Sherrill win by 14 to 100 percentage points in New Jersey?,KXELECTIONMOVNJGOV-25NOV04,,,2026-11-04T15:00:00Z,,370,7.0,91.0,9.0,93.0,8.0,92.0,100.0,-99.0,sell_both,10000.0,9900.0,99.0,97.66216216216216,2.0,0.0
KXELECTIONMOVNJGOV-25NOV04-P4,Will Mikie Sherrill win by 4 to 5.99 percentage points in New Jersey?,KXELECTIONMOVNJGOV-25NOV04,,,2026-11-04T15:00:00Z,,370,10.0,89.0,11.0,90.0,10.5,89.5,100.0,-99.0,sell_both,10000.0,9900.0,99.0,97.66216216216216,1.0,0.0
KXELECTIONMOVNJGOV-25NOV04-P2,Will Mikie Sherrill win by 2 to 3.99 percentage points in New Jersey?,KXELECTIONMOVNJGOV-25NOV04,,,2026-11-04T15:00:00Z,,370,11.0,88.0,12.0,89.0,11.5,88.5,100.0,-99.0,sell_both,10000.0,9900.0,99.0,97.66216216216216,1.0,0.0
KXELECTIONMOVNJGOV-25NOV04-P12,Will Mikie Sherrill win by 12 to 13.99 percentage points in New Jersey?,KXELECTIONMOVNJGOV-25NOV04,,,2026-11-04T15:00:00Z,,370,10.0,88.0,12.0,90.0,11.0,89.0,100.0,-99.0,sell_both,10000.0,9900.0,99.0,97.66216216216216,2.0,0.0
KXELECTIONMOVNJGOV-25NOV04-P10,Will Mikie Sherrill win by 10 to 11.99 percentage points in New Jersey?,KXELECTIONMOVNJGOV-25NOV04,,,2026-11-04T15:00:00Z,,370,12.0,87.0,13.0,88.0,12.5,87.5,100.0,-99.0,sell_both,10000.0,9900.0,99.0,97.66216216216216,1.0,0.0
KXELECTIONMOVNJGOV-25NOV04-P0,Will Mikie Sherrill win by 0 to 1.99 percentage points in New Jersey?,KXELECTIONMOVNJGOV-25NOV04,,,2026-11-04T15:00:00Z,,370,8.0,91.0,9.0,92.0,8.5,91.5,100.0,-99.0,sell_both,10000.0,9900.0,99.0,97.66216216216216,1.0,0.0
KXELECTIONMOVNJGOV-25NOV04-N50,Will Mikie Sherrill finish within 100 to -0.01 percentage points in New Jersey?,KXELECTIONMOVNJGOV-25NOV04,,,2026-11-04T15:00:00Z,,370,15.0,84.0,16.0,85.0,15.5,84.5,100.0,-99.0,sell_both,10000.0,9900.0,99.0,97.66216216216216,1.0,0.0
KXMAYORNYCPARTY-25-AC,Will a representative of the Andrew Cuomo party win the NYC Mayor race in 2025?,KXMAYORNYCPARTY-25,,,2026-11-04T15:00:00Z,,370,13.0,86.0,14.0,87.0,13.5,86.5,100.0,-99.0,sell_both,10000.0,9900.0,99.0,97.66216216216216,1.0,0.2329162939770423
KXELECTIONMOVZOHRAN-25-ZMAM-T24,Margin of victory for Zohran Mamdani in the Mayoral Election?,KXELECTIONMOVZOHRAN-25,,,2026-11-04T15:00:00Z,,370,7.0,91.0,9.0,93.0,8.0,92.0,100.0,-99.0,sell_both,10000.0,9900.0,99.0,97.66216216216216,2.0,0.0
KXELECTIONMOVZOHRAN-25-ZMAM-B7.5,Margin of victory for Zohran Mamdani in the Mayoral Election?,KXELECTIONMOVZOHRAN-25,,,2026-11-04T15:00:00Z,,370,11.0,86.0,14.0,89.0,12.5,87.5,100.0,-99.0,sell_both,10000.0,9900.0,99.0,97.66216216216216,3.0,0.0
KXELECTIONMOVZOHRAN-25-ZMAM-B4.5,Margin of victory for Zohran Mamdani in the Mayoral Election?,KXELECTIONMOVZOHRAN-25,,,2026-11-04T15:00:00Z,,370,8.0,90.0,10.0,92.0,9.0,91.0,100.0,-99.0,sell_both,10000.0,9900.0,99.0,97.66216216216216,2.0,0.0
KXELECTIONMOVZOHRAN-25-ZMAM-B22.5,Margin of victory for Zohran Mamdani in the Mayoral Election?,KXELECTIONMOVZOHRAN-25,,,2026-11-04T15:00:00Z,,370,5.0,94.0,6.0,95.0,5.5,94.5,100.0,-99.0,sell_both,10000.0,9900.0,99.0,97.66216216216216,1.0,0.0
KXELECTIONMOVZOHRAN-25-ZMAM-B19.5,Margin of victory for Zohran Mamdani in the Mayoral Election?,KXELECTIONMOVZOHRAN-25,,,2026-11-04T15:00:00Z,,370,8.0,91.0,9.0,92.0,8.5,91.5,100.0,-99.0,sell_both,10000.0,9900.0,99.0,97.66216216216216,1.0,0.0
KXELECTIONMOVZOHRAN-25-ZMAM-B16.5,Margin of victory for Zohran Mamdani in the Mayoral Election?,KXELECTIONMOVZOHRAN-25,,,2026-11-04T15:00:00Z,,370,11.0,87.0,13.0,89.0,12.0,88.0,100.0,-99.0,sell_both,10000.0,9900.0,99.0,97.66216216216216,2.0,0.0
KXELECTIONMOVZOHRAN-25-ZMAM-B13.5,Margin of victory for Zohran Mamdani in the Mayoral Election?,KXELECTIONMOVZOHRAN-25,,,2026-11-04T15:00:00Z,,370,12.0,85.0,15.0,88.0,13.5,86.5,100.0,-99.0,sell_both,10000.0,9900.0,99.0,97.66216216216216,3.0,0.0
KXELECTIONMOVZOHRAN-25-ZMAM-B10.5,Margin of victory for Zohran Mamdani in the Mayoral Election?,KXELECTIONMOVZOHRAN-25,,,2026-11-04T15:00:00Z,,370,13.0,85.0,15.0,87.0,14.0,86.0,100.0,-99.0,sell_both,10000.0,9900.0,99.0,97.66216216216216,2.0,0.0
KXELECTIONMOVZOHRAN-25-ZMAM-T0,Margin of victory for Zohran Mamdani in the Mayoral Election?,KXELECTIONMOVZOHRAN-25,,,2026-11-04T15:00:00Z,,370,12.0,87.0,13.0,88.0,12.5,87.5,100.0,-99.0,sell_both,10000.0,9900.0,99.0,97.66216216216216,1.0,0.0
KXELECTIONMOVZOHRAN-25-ZMAM-B1.5,Margin of victory for Zohran Mamdani in the Mayoral Election?,KXELECTIONMOVZOHRAN-25,,,2026-11-04T15:00:00Z,,370,6.0,93.0,7.0,94.0,6.5,93.5,100.0,-99.0,sell_both,10000.0,9900.0,99.0,97.66216216216216,1.0,0.0
KXATTYGENVA-25-R,Will the Republican party win the Attorney General race in Virginia?,KXATTYGENVA-25,,,2026-11-04T15:00:00Z,,370,64.0,34.0,66.0,36.0,65.0,35.0,100.0,-99.0,sell_both,10000.0,9900.0,99.0,97.66216216216216,2.0,2.100892667415449
KXATTYGENVA-25-D,Will the Democratic party win the Attorney General race in Virginia?,KXATTYGENVA-25,,,2026-11-04T15:00:00Z,,370,34.0,63.0,37.0,66.0,35.5,64.5,100.0,-99.0,sell_both,10000.0,9900.0,99.0,97.66216216216216,3.0,2.0109077552190207
KXMAYORNYCPARTY-25-D,Will a representative of the Democratic party win the NYC Mayor race in 2025?,KXMAYORNYCPARTY-25,,,2026-11-04T15:00:00Z,,370,86.0,13.0,87.0,14.0,86.5,13.5,100.0,-99.0,sell_both,10000.0,9900.0,99.0,97.66216216216216,1.0,2.920402369537458
KXCALIREDISTRICTING-25,Will Proposition 50 in California pass?,KXCALIREDISTRICTING-25,,,2026-11-05T04:59:00Z,,371,95.0,3.0,97.0,5.0,96.0,4.0,100.0,-99.0,sell_both,10000.0,9900.0,99.0,97.3989218328841,2.0,0.0
KXPAYROLLS-26OCT-T90000,Will above 90000 jobs be added in October 2026?,KXPAYROLLS-26OCT,,,2026-11-06T13:29:00Z,,372,27.0,69.0,31.0,73.0,29.0,71.0,100.0,-99.0,sell_both,10000.0,9900.0,99.0,97.13709677419355,4.0,0.0
KXPAYROLLS-26OCT-T80000,Will above 80000 jobs be added in October 2026?,KXPAYROLLS-26OCT,,,2026-11-06T13:29:00Z,,372,31.0,65.0,35.0,69.0,33.0,67.0,100.0,-99.0,sell_both,10000.0,9900.0,99.0,97.13709677419355,4.0,0.0
KXPAYROLLS-26OCT-T70000,Will above 70000 jobs be added in October 2026?,KXPAYROLLS-26OCT,,,2026-11-06T13:29:00Z,,372,35.0,61.0,39.0,65.0,37.0,63.0,100.0,-99.0,sell_both,10000.0,9900.0,99.0,97.13709677419355,4.0,0.0
KXPAYROLLS-26OCT-T60000,Will above 60000 jobs be added in October 2026?,KXPAYROLLS-26OCT,,,2026-11-06T13:29:00Z,,372,39.0,57.0,43.0,61.0,41.0,59.0,100.0,-99.0,sell_both,10000.0,9900.0,99.0,97.13709677419355,4.0,0.0
KXPAYROLLS-26OCT-T50000,Will above 50000 jobs be added in October 2026?,KXPAYROLLS-26OCT,,,2026-11-06T13:29:00Z,,372,43.0,53.0,47.0,57.0,45.0,55.0,100.0,-99.0,sell_both,10000.0,9900.0,99.0,97.13709677419355,4.0,0.0
KXPAYROLLS-26OCT-T40000,Will above 40000 jobs be added in October 2026?,KXPAYROLLS-26OCT,,,2026-11-06T13:29:00Z,,372,48.0,48.0,52.0,52.0,50.0,50.0,100.0,-99.0,sell_both,10000.0,9900.0,99.0,97.13709677419355,4.0,0.0
KXPAYROLLS-26OCT-T30000,Will above 30000 jobs be added in October 2026?,KXPAYROLLS-26OCT,,,2026-11-06T13:29:00Z,,372,53.0,43.0,57.0,47.0,55.0,45.0,100.0,-99.0,sell_both,10000.0,9900.0,99.0,97.13709677419355,4.0,0.0
KXPAYROLLS-26OCT-T-25000,Will above -25000 jobs be added in October 2026?,KXPAYROLLS-26OCT,,,2026-11-06T13:29:00Z,,372,74.0,22.0,78.0,26.0,76.0,24.0,100.0,-99.0,sell_both,10000.0,9900.0,99.0,97.13709677419355,4.0,0.0
KXPAYROLLS-26OCT-T20000,Will above 20000 jobs be added in October 2026?,KXPAYROLLS-26OCT,,,2026-11-06T13:29:00Z,,372,57.0,39.0,61.0,43.0,59.0,41.0,100.0,-99.0,sell_both,10000.0,9900.0,99.0,97.13709677419355,4.0,0.0
KXPAYROLLS-26OCT-T125000,Will above 125000 jobs be added in October 2026?,KXPAYROLLS-26OCT,,,2026-11-06T13:29:00Z,,372,16.0,80.0,20.0,84.0,18.0,82.0,100.0,-99.0,sell_both,10000.0,9900.0,99.0,97.13709677419355,4.0,0.0
KXPAYROLLS-26OCT-T100000,Will above 100000 jobs be added in October 2026?,KXPAYROLLS-26OCT,,,2026-11-06T13:29:00Z,,372,23.0,73.0,27.0,77.0,25.0,75.0,100.0,-99.0,sell_both,10000.0,9900.0,99.0,97.13709677419355,4.0,0.0
KXPAYROLLS-26OCT-T10000,Will above 10000 jobs be added in October 2026?,KXPAYROLLS-26OCT,,,2026-11-06T13:29:00Z,,372,61.0,35.0,65.0,39.0,63.0,37.0,100.0,-99.0,sell_both,10000.0,9900.0,99.0,97.13709677419355,4.0,0.0
KXPAYROLLS-26OCT-T0,Will above 0 jobs be added in October 2026?,KXPAYROLLS-26OCT,,,2026-11-06T13:29:00Z,,372,65.0,31.0,69.0,35.0,67.0,33.0,100.0,-99.0,sell_both,10000.0,9900.0,99.0,97.13709677419355,4.0,0.0
KXMSUNIVERSE-26-VAN,Miss Universe 2025 Winner?,KXMSUNIVERSE-26,,,2026-11-21T15:00:00Z,,387,3.0,91.0,9.0,97.0,6.0,94.0,100.0,-99.0,sell_both,10000.0,9900.0,99.0,93.37209302325581,6.0,0.0
KXMSUNIVERSE-26-STE,Miss Universe 2025 Winner?,KXMSUNIVERSE-26,,,2026-11-21T15:00:00Z,,387,4.0,90.0,10.0,96.0,7.0,93.0,100.0,-99.0,sell_both,10000.0,9900.0,99.0,93.37209302325581,6.0,0.0
KXMSUNIVERSE-26-SOF,Miss Universe 2025 Winner?,KXMSUNIVERSE-26,,,2026-11-21T15:00:00Z,,387,2.0,97.0,3.0,98.0,2.5,97.5,100.0,-99.0,sell_both,10000.0,9900.0,99.0,93.37209302325581,1.0,0.0
KXMSUNIVERSE-26-MAN,Miss Universe 2025 Winner?,KXMSUNIVERSE-26,,,2026-11-21T15:00:00Z,,387,5.0,89.0,11.0,95.0,8.0,92.0,100.0,-99.0,sell_both,10000.0,9900.0,99.0,93.37209302325581,6.0,0.0
KXMSUNIVERSE-26-FAT,Miss Universe 2025 Winner?,KXMSUNIVERSE-26,,,2026-11-21T15:00:00Z,,387,3.0,91.0,9.0,97.0,6.0,94.0,100.0,-99.0,sell_both,10000.0,9900.0,99.0,93.37209302325581,6.0,0.0
KXMSUNIVERSE-26-EVE,Miss Universe 2025 Winner?,KXMSUNIVERSE-26,,,2026-11-21T15:00:00Z,,387,1.0,93.0,7.0,99.0,4.0,96.0,100.0,-99.0,sell_both,10000.0,9900.0,99.0,93.37209302325581,6.0,0.0
KXCHOVYMVPWF-25-CHO,Will Chovy win League of Legends World Championship Finals MVP?,KXCHOVYMVPWF-25,,,2026-11-30T15:00:00Z,,396,39.0,51.0,49.0,61.0,44.0,56.0,100.0,-99.0,sell_both,10000.0,9900.0,99.0,91.25,10.0,0.0
KXEPSTEIN-26-4,"Will Trump release any documents about Epstein's associates before Dec 1, 2026?",KXEPSTEIN-26,,,2026-12-01T15:00:00Z,,397,38.0,61.0,39.0,62.0,38.5,61.5,100.0,-99.0,sell_both,10000.0,9900.0,99.0,91.02015113350126,1.0,0.0
KXIPODISCORD-26DEC01,When will Discord IPO?,KXIPODISCORD,,,2026-12-01T04:59:00Z,,397,70.0,20.0,80.0,30.0,75.0,25.0,100.0,-99.0,sell_both,10000.0,9900.0,99.0,91.02015113350126,10.0,0.0
KXIPOOPENAI-26DEC01,When will OpenAI IPO?,KXIPOOPENAI,,,2026-12-01T04:59:00Z,,397,17.0,7.0,93.0,83.0,55.0,45.0,100.0,-99.0,sell_both,10000.0,9900.0,99.0,91.02015113350126,76.0,0.0
KXPAYROLLS-26NOV-T90000,Will above 90000 jobs be added in November 2026?,KXPAYROLLS-26NOV,,,2026-12-04T13:29:00Z,,400,27.0,69.0,31.0,73.0,29.0,71.0,100.0,-99.0,sell_both,10000.0,9900.0,99.0,90.33749999999999,4.0,0.0
KXPAYROLLS-26NOV-T80000,Will above 80000 jobs be added in November 2026?,KXPAYROLLS-26NOV,,,2026-12-04T13:29:00Z,,400,31.0,65.0,35.0,69.0,33.0,67.0,100.0,-99.0,sell_both,10000.0,9900.0,99.0,90.33749999999999,4.0,0.0
KXPAYROLLS-26NOV-T70000,Will above 70000 jobs be added in November 2026?,KXPAYROLLS-26NOV,,,2026-12-04T13:29:00Z,,400,35.0,61.0,39.0,65.0,37.0,63.0,100.0,-99.0,sell_both,10000.0,9900.0,99.0,90.33749999999999,4.0,0.0
KXPAYROLLS-26NOV-T60000,Will above 60000 jobs be added in November 2026?,KXPAYROLLS-26NOV,,,2026-12-04T13:29:00Z,,400,39.0,57.0,43.0,61.0,41.0,59.0,100.0,-99.0,sell_both,10000.0,9900.0,99.0,90.33749999999999,4.0,0.0
KXPAYROLLS-26NOV-T50000,Will above 50000 jobs be added in November 2026?,KXPAYROLLS-26NOV,,,2026-12-04T13:29:00Z,,400,44.0,52.0,48.0,56.0,46.0,54.0,100.0,-99.0,sell_both,10000.0,9900.0,99.0,90.33749999999999,4.0,0.0
KXPAYROLLS-26NOV-T40000,Will above 40000 jobs be added in November 2026?,KXPAYROLLS-26NOV,,,2026-12-04T13:29:00Z,,400,48.0,48.0,52.0,52.0,50.0,50.0,100.0,-99.0,sell_both,10000.0,9900.0,99.0,90.33749999999999,4.0,0.0
KXPAYROLLS-26NOV-T30000,Will above 30000 jobs be added in November 2026?,KXPAYROLLS-26NOV,,,2026-12-04T13:29:00Z,,400,52.0,44.0,56.0,48.0,54.0,46.0,100.0,-99.0,sell_both,10000.0,9900.0,99.0,90.33749999999999,4.0,0.0
KXPAYROLLS-26NOV-T-25000,Will above -25000 jobs be added in November 2026?,KXPAYROLLS-26NOV,,,2026-12-04T13:29:00Z,,400,74.0,22.0,78.0,26.0,76.0,24.0,100.0,-99.0,sell_both,10000.0,9900.0,99.0,90.33749999999999,4.0,0.0
KXPAYROLLS-26NOV-T20000,Will above 20000 jobs be added in November 2026?,KXPAYROLLS-26NOV,,,2026-12-04T13:29:00Z,,400,57.0,39.0,61.0,43.0,59.0,41.0,100.0,-99.0,sell_both,10000.0,9900.0,99.0,90.33749999999999,4.0,0.0
KXPAYROLLS-26NOV-T125000,Will above 125000 jobs be added in November 2026?,KXPAYROLLS-26NOV,,,2026-12-04T13:29:00Z,,400,17.0,79.0,21.0,83.0,19.0,81.0,100.0,-99.0,sell_both,10000.0,9900.0,99.0,90.33749999999999,4.0,0.0
KXPAYROLLS-26NOV-T100000,Will above 100000 jobs be added in November 2026?,KXPAYROLLS-26NOV,,,2026-12-04T13:29:00Z,,400,24.0,72.0,28.0,76.0,26.0,74.0,100.0,-99.0,sell_both,10000.0,9900.0,99.0,90.33749999999999,4.0,0.0
KXPAYROLLS-26NOV-T10000,Will above 10000 jobs be added in November 2026?,KXPAYROLLS-26NOV,,,2026-12-04T13:29:00Z,,400,61.0,35.0,65.0,39.0,63.0,37.0,100.0,-99.0,sell_both,10000.0,9900.0,99.0,90.33749999999999,4.0,0.0
KXPAYROLLS-26NOV-T0,Will above 0 jobs be added in November 2026?,KXPAYROLLS-26NOV,,,2026-12-04T13:29:00Z,,400,65.0,31.0,69.0,35.0,67.0,33.0,100.0,-99.0,sell_both,10000.0,9900.0,99.0,90.33749999999999,4.0,0.0
KXGGGNOMAFILM-25-ZOO,Will Zootopia 2 be on the list of nominees for Best Motion Picture - Animated at the 83rd Golden Globe Awards?,KXGGGNOMAFILM-25,,,2026-12-08T15:00:00Z,,404,92.0,2.0,98.0,8.0,95.0,5.0,100.0,-99.0,sell_both,10000.0,9900.0,99.0,89.4430693069307,6.0,0.0
KXGGGNOMAFILM-25-SCA,Will Scarlet be on the list of nominees for Best Motion Picture - Animated at the 83rd Golden Globe Awards?,KXGGGNOMAFILM-25,,,2026-12-08T15:00:00Z,,404,38.0,57.0,43.0,62.0,40.5,59.5,100.0,-99.0,sell_both,10000.0,9900.0,99.0,89.4430693069307,5.0,0.0
KXGGGNOMAFILM-25-NEZ,Will Ne Zha 2 be on the list of nominees for Best Motion Picture - Animated at the 83rd Golden Globe Awards?,KXGGGNOMAFILM-25,,,2026-12-08T15:00:00Z,,404,67.0,27.0,73.0,33.0,70.0,30.0,100.0,-99.0,sell_both,10000.0,9900.0,99.0,89.4430693069307,6.0,0.0
KXGGGNOMAFILM-25-LIT,Will Little Amélie or the Character of Rain be on the list of nominees for Best Motion Picture - Animated at the 83rd Golden Globe Awards?,KXGGGNOMAFILM-25,,,2026-12-08T15:00:00Z,,404,47.0,47.0,53.0,53.0,50.0,50.0,100.0,-99.0,sell_both,10000.0,9900.0,99.0,89.4430693069307,6.0,0.0
KXGGGNOMAFILM-25-INY,Will In Your Dreams be on the list of nominees for Best Motion Picture - Animated at the 83rd Golden Globe Awards?,KXGGGNOMAFILM-25,,,2026-12-08T15:00:00Z,,404,9.0,85.0,15.0,91.0,12.0,88.0,100.0,-99.0,sell_both,10000.0,9900.0,99.0,89.4430693069307,6.0,0.0
KXGGGNOMAFILM-25-ELI,Will Elio be on the list of nominees for Best Motion Picture - Animated at the 83rd Golden Globe Awards?,KXGGGNOMAFILM-25,,,2026-12-08T15:00:00Z,,404,87.0,7.0,93.0,13.0,90.0,10.0,100.0,-99.0,sell_both,10000.0,9900.0,99.0,89.4430693069307,6.0,0.0
KXGGGNOMAFILM-25-DEM,Will Demon Slayer: Kimetsu No Yaiba be on the list of nominees for Best Motion Picture - Animated at the 83rd Golden Globe Awards?,KXGGGNOMAFILM-25,,,2026-12-08T15:00:00Z,,404,7.0,87.0,13.0,93.0,10.0,90.0,100.0,-99.0,sell_both,10000.0,9900.0,99.0,89.4430693069307,6.0,0.0
KXGGGNOMAFILM-25-BAD,Will The Bad Guys 2 be on the list of nominees for Best Motion Picture - Animated at the 83rd Golden Globe Awards?,KXGGGNOMAFILM-25,,,2026-12-08T15:00:00Z,,404,2.0,92.0,8.0,98.0,5.0,95.0,100.0,-99.0,sell_both,10000.0,9900.0,99.0,89.4430693069307,6.0,0.0
KXGGGNOMAFILM-25-ARC,Will Arco be on the list of nominees for Best Motion Picture - Animated at the 83rd Golden Globe Awards?,KXGGGNOMAFILM-25,,,2026-12-08T15:00:00Z,,404,92.0,2.0,98.0,8.0,95.0,5.0,100.0,-99.0,sell_both,10000.0,9900.0,99.0,89.4430693069307,6.0,0.0
KXGGGNOMDRAMAFILM-25-WEA,Will Weapons be on the list of nominees for Best Motion Picture - Drama at the 83rd Golden Globe Awards?,KXGGGNOMDRAMAFILM-25,,,2026-12-08T15:00:00Z,,404,1.0,93.0,7.0,99.0,4.0,96.0,100.0,-99.0,sell_both,10000.0,9900.0,99.0,89.4430693069307,6.0,0.0
KXGGGNOMDRAMAFILM-25-SPR,Will Springsteen: Deliver Me from Nowhere be on the list of nominees for Best Motion Picture - Drama at the 83rd Golden Globe Awards?,KXGGGNOMDRAMAFILM-25,,,2026-12-08T15:00:00Z,,404,22.0,72.0,28.0,78.0,25.0,75.0,100.0,-99.0,sell_both,10000.0,9900.0,99.0,89.4430693069307,6.0,0.0
KXGGGNOMDRAMAFILM-25-SMA,Will The Smashing Machine be on the list of nominees for Best Motion Picture - Drama at the 83rd Golden Globe Awards?,KXGGGNOMDRAMAFILM-25,,,2026-12-08T15:00:00Z,,404,1.0,94.0,6.0,99.0,3.5,96.5,100.0,-99.0,sell_both,10000.0,9900.0,99.0,89.4430693069307,5.0,0.0
KXGGGNOMDRAMAFILM-25-SEN,Will Sentimental Value be on the list of nominees for Best Motion Picture - Drama at the 83rd Golden Globe Awards?,KXGGGNOMDRAMAFILM-25,,,2026-12-08T15:00:00Z,,404,92.0,2.0,98.0,8.0,95.0,5.0,100.0,-99.0,sell_both,10000.0,9900.0,99.0,89.4430693069307,6.0,0.0
KXGGGNOMDRAMAFILM-25-SEC,Will The Secret Agent be on the list of nominees for Best Motion Picture - Drama at the 83rd Golden Globe Awards?,KXGGGNOMDRAMAFILM-25,,,2026-12-08T15:00:00Z,,404,42.0,52.0,48.0,58.0,45.0,55.0,100.0,-99.0,sell_both,10000.0,9900.0,99.0,89.4430693069307,6.0,0.0
KXGGGNOMDRAMAFILM-25-ONE,Will One Battle After Another be on the list of nominees for Best Motion Picture - Drama at the 83rd Golden Globe Awards?,KXGGGNOMDRAMAFILM-25,,,2026-12-08T15:00:00Z,,404,3.0,95.0,5.0,97.0,4.0,96.0,100.0,-99.0,sell_both,10000.0,9900.0,99.0,89.4430693069307,2.0,0.0
KXGGGNOMDRAMAFILM-25-NUR,Will Nuremberg be on the list of nominees for Best Motion Picture - Drama at the 83rd Golden Globe Awards?,KXGGGNOMDRAMAFILM-25,,,2026-12-08T15:00:00Z,,404,2.0,92.0,8.0,98.0,5.0,95.0,100.0,-99.0,sell_both,10000.0,9900.0,99.0,89.4430693069307,6.0,0.0
KXGGGNOMDRAMAFILM-25-NOO,Will No Other Choice be on the list of nominees for Best Motion Picture - Drama at the 83rd Golden Globe Awards?,KXGGGNOMDRAMAFILM-25,,,2026-12-08T15:00:00Z,,404,7.0,87.0,13.0,93.0,10.0,90.0,100.0,-99.0,sell_both,10000.0,9900.0,99.0,89.4430693069307,6.0,0.0
KXGGGNOMDRAMAFILM-25-ITW,Will It Was Just an Accident be on the list of nominees for Best Motion Picture - Drama at the 83rd Golden Globe Awards?,KXGGGNOMDRAMAFILM-25,,,2026-12-08T15:00:00Z,,404,72.0,22.0,78.0,28.0,75.0,25.0,100.0,-99.0,sell_both,10000.0,9900.0,99.0,89.4430693069307,6.0,0.0
KXGGGNOMDRAMAFILMACTO-25-RUS,Will Russell Crowe be on the list of nominees for Best Actor in a Motion Picture – Drama at the 83rd Golden Globe Awards?,KXGGGNOMDRAMAFILMACTO-25,,,2026-12-08T15:00:00Z,,404,2.0,92.0,8.0,98.0,5.0,95.0,100.0,-99.0,sell_both,10000.0,9900.0,99.0,89.4430693069307,6.0,0.0
KXGGGNOMDRAMAFILMACTO-25-PAU,Will Paul Mescal be on the list of nominees for Best Actor in a Motion Picture – Drama at the 83rd Golden Globe Awards?,KXGGGNOMDRAMAFILMACTO-25,,,2026-12-08T15:00:00Z,,404,2.0,92.0,8.0,98.0,5.0,95.0,100.0,-99.0,sell_both,10000.0,9900.0,99.0,89.4430693069307,6.0,0.0
KXGGGNOMDRAMAFILMACTO-25-OSC,Will Oscar Isaac be on the list of nominees for Best Actor in a Motion Picture – Drama at the 83rd Golden Globe Awards?,KXGGGNOMDRAMAFILMACTO-25,,,2026-12-08T15:00:00Z,,404,20.0,74.0,26.0,80.0,23.0,77.0,100.0,-99.0,sell_both,10000.0,9900.0,99.0,89.4430693069307,6.0,0.0
KXGGGNOMDRAMAFILMACTO-25-MAT,Will Matthew McConaughey be on the list of nominees for Best Actor in a Motion Picture – Drama at the 83rd Golden Globe Awards?,KXGGGNOMDRAMAFILMACTO-25,,,2026-12-08T15:00:00Z,,404,2.0,92.0,8.0,98.0,5.0,95.0,100.0,-99.0,sell_both,10000.0,9900.0,99.0,89.4430693069307,6.0,0.0
KXGGGNOMDRAMAFILMACTO-25-LEE,Will Lee Byung-hun be on the list of nominees for Best Actor in a Motion Picture – Drama at the 83rd Golden Globe Awards?,KXGGGNOMDRAMAFILMACTO-25,,,2026-12-08T15:00:00Z,,404,7.0,87.0,13.0,93.0,10.0,90.0,100.0,-99.0,sell_both,10000.0,9900.0,99.0,89.4430693069307,6.0,0.0
KXGGGNOMDRAMAFILMACTO-25-JOE,Will Joel Edgerton be on the list of nominees for Best Actor in a Motion Picture – Drama at the 83rd Golden Globe Awards?,KXGGGNOMDRAMAFILMACTO-25,,,2026-12-08T15:00:00Z,,404,47.0,47.0,53.0,53.0,50.0,50.0,100.0,-99.0,sell_both,10000.0,9900.0,99.0,89.4430693069307,6.0,0.0
KXGGGNOMDRAMAFILMACTO-25-JER,Will Jeremy Allen White be on the list of nominees for Best Actor in a Motion Picture – Drama at the 83rd Golden Globe Awards?,KXGGGNOMDRAMAFILMACTO-25,,,2026-12-08T15:00:00Z,,404,92.0,2.0,98.0,8.0,95.0,5.0,100.0,-99.0,sell_both,10000.0,9900.0,99.0,89.4430693069307,6.0,0.0
KXGGGNOMDRAMAFILMACTO-25-ETH,Will Ethan Hawke be on the list of nominees for Best Actor in a Motion Picture – Drama at the 83rd Golden Globe Awards?,KXGGGNOMDRAMAFILMACTO-25,,,2026-12-08T15:00:00Z,,404,7.0,87.0,13.0,93.0,10.0,90.0,100.0,-99.0,sell_both,10000.0,9900.0,99.0,89.4430693069307,6.0,0.0
KXGGGNOMDRAMAFILMACTO-25-DWA,Will Dwayne Johnson be on the list of nominees for Best Actor in a Motion Picture – Drama at the 83rd Golden Globe Awards?,KXGGGNOMDRAMAFILMACTO-25,,,2026-12-08T15:00:00Z,,404,86.0,8.0,92.0,14.0,89.0,11.0,100.0,-99.0,sell_both,10000.0,9900.0,99.0,89.4430693069307,6.0,0.0
KXGGGNOMDRAMAFILMACTO-25-DAN,Will Daniel Day-Lewis be on the list of nominees for Best Actor in a Motion Picture – Drama at the 83rd Golden Globe Awards?,KXGGGNOMDRAMAFILMACTO-25,,,2026-12-08T15:00:00Z,,404,67.0,27.0,73.0,33.0,70.0,30.0,100.0,-99.0,sell_both,10000.0,9900.0,99.0,89.4430693069307,6.0,0.0
KXGGGNOMDRAMAFILMACTO-25-COL,Will Colin Farrell be on the list of nominees for Best Actor in a Motion Picture – Drama at the 83rd Golden Globe Awards?,KXGGGNOMDRAMAFILMACTO-25,,,2026-12-08T15:00:00Z,,404,4.0,90.0,10.0,96.0,7.0,93.0,100.0,-99.0,sell_both,10000.0,9900.0,99.0,89.4430693069307,6.0,0.0
KXGGGNOMSCORE-25-WIC,Will Wicked: For Good be on the list of nominees for Best Original Score - Motion Picture at the 83rd Golden Globe Awards?,KXGGGNOMSCORE-25,,,2026-12-08T15:00:00Z,,404,36.0,58.0,42.0,64.0,39.0,61.0,100.0,-99.0,sell_both,10000.0,9900.0,99.0,89.4430693069307,6.0,0.0
KXGGGNOMSCORE-25-WAK,Will Wake Up Dead Man be on the list of nominees for Best Original Score - Motion Picture at the 83rd Golden Globe Awards?,KXGGGNOMSCORE-25,,,2026-12-08T15:00:00Z,,404,2.0,92.0,8.0,98.0,5.0,95.0,100.0,-99.0,sell_both,10000.0,9900.0,99.0,89.4430693069307,6.0,0.0
KXGGGNOMSCORE-25-SIN,Will Sinners be on the list of nominees for Best Original Score - Motion Picture at the 83rd Golden Globe Awards?,KXGGGNOMSCORE-25,,,2026-12-08T15:00:00Z,,404,93.0,1.0,99.0,7.0,96.0,4.0,100.0,-99.0,sell_both,10000.0,9900.0,99.0,89.4430693069307,6.0,0.0
KXGGGNOMSCORE-25-SEN,Will Sentimental Value be on the list of nominees for Best Original Score - Motion Picture at the 83rd Golden Globe Awards?,KXGGGNOMSCORE-25,,,2026-12-08T15:00:00Z,,404,2.0,92.0,8.0,98.0,5.0,95.0,100.0,-99.0,sell_both,10000.0,9900.0,99.0,89.4430693069307,6.0,0.0
KXGGGNOMSCORE-25-ONE,Will One Battle After Another be on the list of nominees for Best Original Score - Motion Picture at the 83rd Golden Globe Awards?,KXGGGNOMSCORE-25,,,2026-12-08T15:00:00Z,,404,93.0,1.0,99.0,7.0,96.0,4.0,100.0,-99.0,sell_both,10000.0,9900.0,99.0,89.4430693069307,6.0,0.0
KXGGGNOMSCORE-25-MAR,Will Marty Supreme be on the list of nominees for Best Original Score - Motion Picture at the 83rd Golden Globe Awards?,KXGGGNOMSCORE-25,,,2026-12-08T15:00:00Z,,404,72.0,22.0,78.0,28.0,75.0,25.0,100.0,-99.0,sell_both,10000.0,9900.0,99.0,89.4430693069307,6.0,0.0
KXGGGNOMSCORE-25-KISS,Will Kiss of the Spider Woman be on the list of nominees for Best Original Score - Motion Picture at the 83rd Golden Globe Awards?,KXGGGNOMSCORE-25,,,2026-12-08T15:00:00Z,,404,2.0,92.0,8.0,98.0,5.0,95.0,100.0,-99.0,sell_both,10000.0,9900.0,99.0,89.4430693069307,6.0,0.0
KXGGGNOMSCORE-25-JAY,Will Jay Kelly be on the list of nominees for Best Original Score - Motion Picture at the 83rd Golden Globe Awards?,KXGGGNOMSCORE-25,,,2026-12-08T15:00:00Z,,404,2.0,92.0,8.0,98.0,5.0,95.0,100.0,-99.0,sell_both,10000.0,9900.0,99.0,89.4430693069307,6.0,0.0
KXGGGNOMSCORE-25-HOU,Will A House of Dynamite be on the list of nominees for Best Original Score - Motion Picture at the 83rd Golden Globe Awards?,KXGGGNOMSCORE-25,,,2026-12-08T15:00:00Z,,404,2.0,92.0,8.0,98.0,5.0,95.0,100.0,-99.0,sell_both,10000.0,9900.0,99.0,89.4430693069307,6.0,0.0
KXGGGNOMSCORE-25-HAM,Will Hamnet be on the list of nominees for Best Original Score - Motion Picture at the 83rd Golden Globe Awards?,KXGGGNOMSCORE-25,,,2026-12-08T15:00:00Z,,404,92.0,2.0,98.0,8.0,95.0,5.0,100.0,-99.0,sell_both,10000.0,9900.0,99.0,89.4430693069307,6.0,0.0
KXGGGNOMSCORE-25-FRA,Will Frankenstein be on the list of nominees for Best Original Score - Motion Picture at the 83rd Golden Globe Awards?,KXGGGNOMSCORE-25,,,2026-12-08T15:00:00Z,,404,87.0,7.0,93.0,13.0,90.0,10.0,100.0,-99.0,sell_both,10000.0,9900.0,99.0,89.4430693069307,6.0,0.0
KXGGGNOMSCORE-25-F1,Will F1: The Movie be on the list of nominees for Best Original Score - Motion Picture at the 83rd Golden Globe Awards?,KXGGGNOMSCORE-25,,,2026-12-08T15:00:00Z,,404,12.0,82.0,18.0,88.0,15.0,85.0,100.0,-99.0,sell_both,10000.0,9900.0,99.0,89.4430693069307,6.0,0.0
KXGGGNOMSCORE-25-BUG,Will Bugonia be on the list of nominees for Best Original Score - Motion Picture at the 83rd Golden Globe Awards?,KXGGGNOMSCORE-25,,,2026-12-08T15:00:00Z,,404,42.0,52.0,48.0,58.0,45.0,55.0,100.0,-99.0,sell_both,10000.0,9900.0,99.0,89.4430693069307,6.0,0.0
KXGGGNOMSCORE-25-AVA,Will Avatar: Fire and Ash be on the list of nominees for Best Original Score - Motion Picture at the 83rd Golden Globe Awards?,KXGGGNOMSCORE-25,,,2026-12-08T15:00:00Z,,404,2.0,92.0,8.0,98.0,5.0,95.0,100.0,-99.0,sell_both,10000.0,9900.0,99.0,89.4430693069307,6.0,0.0
KXFEDDECISION-26DEC-H0,Will the Federal Reserve Hike rates by 0bps at their December 2026 meeting?,KXFEDDECISION-26DEC,,,2026-12-09T18:59:00Z,,405,25.0,4.0,96.0,75.0,60.5,39.5,100.0,-99.0,sell_both,10000.0,9900.0,99.0,89.22222222222223,71.0,0.0
KXFEDDECISION-26DEC-C25,Will the Federal Reserve Cut rates by 25bps at their December 2026 meeting?,KXFEDDECISION-26DEC,,,2026-12-09T18:59:00Z,,405,4.0,25.0,75.0,96.0,39.5,60.5,100.0,-99.0,sell_both,10000.0,9900.0,99.0,89.22222222222223,71.0,0.0
KXFED-26DEC-T3.50,"Will the upper bound of the federal funds rate be above 3.50% following the Fed's Dec 9, 2026 meeting?",KXFED-26DEC,,,2026-12-09T18:55:00Z,,405,4.0,36.0,64.0,96.0,34.0,66.0,100.0,-99.0,sell_both,10000.0,9900.0,99.0,89.22222222222223,60.0,0.0
KXFED-26DEC-T3.00,"Will the upper bound of the federal funds rate be above 3.00% following the Fed's Dec 9, 2026 meeting?",KXFED-26DEC,,,2026-12-09T18:55:00Z,,405,8.0,8.0,92.0,92.0,50.0,50.0,100.0,-99.0,sell_both,10000.0,9900.0,99.0,89.22222222222223,84.0,0.0
KXFED-26DEC-T2.75,"Will the upper bound of the federal funds rate be above 2.75% following the Fed's Dec 9, 2026 meeting?",KXFED-26DEC,,,2026-12-09T18:55:00Z,,405,6.0,4.0,96.0,94.0,51.0,49.0,100.0,-99.0,sell_both,10000.0,9900.0,99.0,89.22222222222223,90.0,0.0
KXTOPALBUMRECORDSWAG-SWA-10,How long will SWAG be #1?,KXTOPALBUMRECORDSWAG-SWA,,,2026-12-27T04:59:00Z,,423,76.0,23.0,77.0,24.0,76.5,23.5,100.0,-99.0,sell_both,10000.0,9900.0,99.0,85.42553191489363,1.0,1.794993036198191
KXTOPALBUMRECORDSWAG-SWA-3,How long will SWAG be #1?,KXTOPALBUMRECORDSWAG-SWA,,,2026-12-27T04:59:00Z,,423,71.0,27.0,73.0,29.0,72.0,28.0,100.0,-99.0,sell_both,10000.0,9900.0,99.0,85.42553191489363,2.0,1.7076299364909249
KXTESTER-E3-M1,Test Market,KXTESTER-E3,,,2026-12-31T00:00:00Z,,426,49.0,49.0,51.0,51.0,50.0,50.0,100.0,-99.0,sell_both,10000.0,9900.0,99.0,84.82394366197184,2.0,0.03872983346207417
KXTESTER-E1-M1,Test Market,KXTESTER-E1,,,2026-12-31T00:00:00Z,,426,12.0,87.0,12.0,88.0,12.0,87.5,99.5,-98.5,sell_both,9950.0,9850.0,98.99497487437185,84.81963809658622,0.0,0.04183300132670378
KXGRAMMYNOMAOTY-68-EGO,2026 Grammy nominees for Album of the Year?,KXGRAMMYNOMAOTY-68,,,2026-12-31T15:00:00Z,,427,7.0,91.0,9.0,93.0,8.0,92.0,100.0,-99.0,sell_both,10000.0,9900.0,99.0,84.62529274004683,2.0,0.0
KXGRAMMYNOMAOTY-68-AMA,2026 Grammy nominees for Album of the Year?,KXGRAMMYNOMAOTY-68,,,2026-12-31T15:00:00Z,,427,37.0,58.0,42.0,63.0,39.5,60.5,100.0,-99.0,sell_both,10000.0,9900.0,99.0,84.62529274004683,5.0,0.0
KXGRAMMYNOMSOTY-68-TRU,2026 Grammy nominees for Song of the Year?,KXGRAMMYNOMSOTY-68,,,2026-12-31T15:00:00Z,,427,7.0,88.0,12.0,93.0,9.5,90.5,100.0,-99.0,sell_both,10000.0,9900.0,99.0,84.62529274004683,5.0,0.0
KXGRAMMYNOMSOTY-68-MES,2026 Grammy nominees for Song of the Year?,KXGRAMMYNOMSOTY-68,,,2026-12-31T15:00:00Z,,427,13.0,82.0,18.0,87.0,15.5,84.5,100.0,-99.0,sell_both,10000.0,9900.0,99.0,84.62529274004683,5.0,0.0
KXGRAMMYNOMBRA-68-STA,2026 Grammy nominees for Best Rap Album?,KXGRAMMYNOMBRA-68,,,2026-12-31T15:00:00Z,,427,18.0,77.0,23.0,82.0,20.5,79.5,100.0,-99.0,sell_both,10000.0,9900.0,99.0,84.62529274004683,5.0,0.0
KXGRAMMYNOMBRA-68-GOD,2026 Grammy nominees for Best Rap Album?,KXGRAMMYNOMBRA-68,,,2026-12-31T15:00:00Z,,427,42.0,52.0,48.0,58.0,45.0,55.0,100.0,-99.0,sell_both,10000.0,9900.0,99.0,84.62529274004683,6.0,0.0
KXGRAMMYNOMBRA-68-GLO,2026 Grammy nominees for Best Rap Album?,KXGRAMMYNOMBRA-68,,,2026-12-31T15:00:00Z,,427,34.0,61.0,39.0,66.0,36.5,63.5,100.0,-99.0,sell_both,10000.0,9900.0,99.0,84.62529274004683,5.0,0.0
KXGRAMMYNOMBRA-68-DON,2026 Grammy nominees for Best Rap Album?,KXGRAMMYNOMBRA-68,,,2026-12-31T15:00:00Z,,427,1.0,94.0,6.0,99.0,3.5,96.5,100.0,-99.0,sell_both,10000.0,9900.0,99.0,84.62529274004683,5.0,0.0
KXGRAMMYNOMBRA-68-ALF,2026 Grammy nominees for Best Rap Album?,KXGRAMMYNOMBRA-68,,,2026-12-31T15:00:00Z,,427,24.0,72.0,28.0,76.0,26.0,74.0,100.0,-99.0,sell_both,10000.0,9900.0,99.0,84.62529274004683,4.0,0.0
KXOSCARNOMPIC-26-SON,2026 Best Picture Oscar nominations?,KXOSCARNOMPIC-26,,,2026-12-31T15:00:00Z,,427,16.0,80.0,20.0,84.0,18.0,82.0,100.0,-99.0,sell_both,10000.0,9900.0,99.0,84.62529274004683,4.0,0.0
KXOSCARNOMACTR-26-CHAS,2026 Best Actress Oscar nominations?,KXOSCARNOMACTR-26,,,2027-01-01T00:00:00Z,,427,35.0,62.0,38.0,65.0,36.5,63.5,100.0,-99.0,sell_both,10000.0,9900.0,99.0,84.62529274004683,3.0,0.0
KXOSCARNOMACTR-26-LAU,2026 Best Actress Oscar nominations?,KXOSCARNOMACTR-26,,,2027-01-01T00:00:00Z,,427,5.0,89.0,11.0,95.0,8.0,92.0,100.0,-99.0,sell_both,10000.0,9900.0,99.0,84.62529274004683,6.0,0.0
KXOSCARNOMACTR-26-KAT,2026 Best Actress Oscar nominations?,KXOSCARNOMACTR-26,,,2027-01-01T00:00:00Z,,427,34.0,61.0,39.0,66.0,36.5,63.5,100.0,-99.0,sell_both,10000.0,9900.0,99.0,84.62529274004683,5.0,1.5836666315863324
KXOSCARNOMPIC-26-VOI,2026 Best Picture Oscar nominations?,KXOSCARNOMPIC-26,,,2026-12-31T15:00:00Z,,427,1.0,94.0,6.0,99.0,3.5,96.5,100.0,-99.0,sell_both,10000.0,9900.0,99.0,84.62529274004683,5.0,0.0
KXOSCARNOMPIC-26-SEC,2026 Best Picture Oscar nominations?,KXOSCARNOMPIC-26,,,2026-12-31T15:00:00Z,,427,18.0,77.0,23.0,82.0,20.5,79.5,100.0,-99.0,sell_both,10000.0,9900.0,99.0,84.62529274004683,5.0,0.0
KXOSCARNOMPIC-26-ITTO,2026 Best Picture Oscar nominations?,KXOSCARNOMPIC-26,,,2026-12-31T15:00:00Z,,427,7.0,89.0,11.0,93.0,9.0,91.0,100.0,-99.0,sell_both,10000.0,9900.0,99.0,84.62529274004683,4.0,0.0
KXGRAMMYNOMSOTY-68-DAI,2026 Grammy nominees for Song of the Year?,KXGRAMMYNOMSOTY-68,,,2026-12-31T15:00:00Z,,427,19.0,76.0,24.0,81.0,21.5,78.5,100.0,-99.0,sell_both,10000.0,9900.0,99.0,84.62529274004683,5.0,0.0
KXGAMEAWARDS-2025-HAD,2025 Game of the Year?,KXGAMEAWARDS-2025,,,2026-12-31T15:00:00Z,,427,5.0,93.0,7.0,95.0,6.0,94.0,100.0,-99.0,sell_both,10000.0,9900.0,99.0,84.62529274004683,2.0,0.0
KXOSCARNOMACTR-26-SYD,2026 Best Actress Oscar nominations?,KXOSCARNOMACTR-26,,,2027-01-01T00:00:00Z,,427,16.0,80.0,20.0,84.0,18.0,82.0,100.0,-99.0,sell_both,10000.0,9900.0,99.0,84.62529274004683,4.0,0.0
KXGRAMMYNOMAOTY-68-MAN,2026 Grammy nominees for Album of the Year?,KXGRAMMYNOMAOTY-68,,,2026-12-31T15:00:00Z,,427,87.0,9.0,91.0,13.0,89.0,11.0,100.0,-99.0,sell_both,10000.0,9900.0,99.0,84.62529274004683,4.0,0.0
KXGRAMMYNOMSOTY-68-SUB,2026 Grammy nominees for Song of the Year?,KXGRAMMYNOMSOTY-68,,,2026-12-31T15:00:00Z,,427,28.0,67.0,33.0,72.0,30.5,69.5,100.0,-99.0,sell_both,10000.0,9900.0,99.0,84.62529274004683,5.0,0.0
KXGRAMMYNOMSOTY-68-ORD,2026 Grammy nominees for Song of the Year?,KXGRAMMYNOMSOTY-68,,,2026-12-31T15:00:00Z,,427,68.0,27.0,73.0,32.0,70.5,29.5,100.0,-99.0,sell_both,10000.0,9900.0,99.0,84.62529274004683,5.0,0.0
KXGRAMMYNOMSOTY-68-MAN,2026 Grammy nominees for Song of the Year?,KXGRAMMYNOMSOTY-68,,,2026-12-31T15:00:00Z,,427,74.0,21.0,79.0,26.0,76.5,23.5,100.0,-99.0,sell_both,10000.0,9900.0,99.0,84.62529274004683,5.0,0.0
KXOSCARNOMDIR-26-PAR,2026 Best Director Oscar nominations?,KXOSCARNOMDIR-26,,,2027-01-01T00:00:00Z,,427,7.0,88.0,12.0,93.0,9.5,90.5,100.0,-99.0,sell_both,10000.0,9900.0,99.0,84.62529274004683,5.0,0.15811388300841897
KXGRAMMYNOMSOTY-68-GOL,2026 Grammy nominees for Song of the Year?,KXGRAMMYNOMSOTY-68,,,2026-12-31T15:00:00Z,,427,52.0,44.0,56.0,48.0,54.0,46.0,100.0,-99.0,sell_both,10000.0,9900.0,99.0,84.62529274004683,4.0,0.0
KXGRAMMYNOMAOTY-68-SWA,2026 Grammy nominees for Album of the Year?,KXGRAMMYNOMAOTY-68,,,2026-12-31T15:00:00Z,,427,46.0,48.0,52.0,54.0,49.0,51.0,100.0,-99.0,sell_both,10000.0,9900.0,99.0,84.62529274004683,6.0,0.0
KXGRAMMYNOMAOTY-68-LGSEO,2026 Grammy nominees for Album of the Year?,KXGRAMMYNOMAOTY-68,,,2026-12-31T15:00:00Z,,427,32.0,63.0,37.0,68.0,34.5,65.5,100.0,-99.0,sell_both,10000.0,9900.0,99.0,84.62529274004683,5.0,0.0
KXGRAMMYNOMAOTY-68-AME,2026 Grammy nominees for Album of the Year?,KXGRAMMYNOMAOTY-68,,,2026-12-31T15:00:00Z,,427,2.0,92.0,8.0,98.0,5.0,95.0,100.0,-99.0,sell_both,10000.0,9900.0,99.0,84.62529274004683,6.0,0.0
KXGRAMMYNOMBRA-68-LETG,2026 Grammy nominees for Best Rap Album?,KXGRAMMYNOMBRA-68,,,2026-12-31T15:00:00Z,,427,94.0,1.0,99.0,6.0,96.5,3.5,100.0,-99.0,sell_both,10000.0,9900.0,99.0,84.62529274004683,5.0,0.0
KXGRAMMYNOMBRA-68-CHR,2026 Grammy nominees for Best Rap Album?,KXGRAMMYNOMBRA-68,,,2026-12-31T15:00:00Z,,427,92.0,2.0,98.0,8.0,95.0,5.0,100.0,-99.0,sell_both,10000.0,9900.0,99.0,84.62529274004683,6.0,0.0
KXGRAMMYNOMNAOTY-68B-THEE,2026 Grammy nominees for New Artist?,KXGRAMMYNOMNAOTY-68B,,,2026-12-31T15:00:00Z,,427,7.0,87.0,13.0,93.0,10.0,90.0,100.0,-99.0,sell_both,10000.0,9900.0,99.0,84.62529274004683,6.0,0.0
KXGRAMMYNOMNAOTY-68B-SOM,2026 Grammy nominees for New Artist?,KXGRAMMYNOMNAOTY-68B,,,2026-12-31T15:00:00Z,,427,90.0,9.0,91.0,10.0,90.5,9.5,100.0,-99.0,sell_both,10000.0,9900.0,99.0,84.62529274004683,1.0,0.0
KXGRAMMYNOMNAOTY-68B-SLE,2026 Grammy nominees for New Artist?,KXGRAMMYNOMNAOTY-68B,,,2026-12-31T15:00:00Z,,427,6.0,88.0,12.0,94.0,9.0,91.0,100.0,-99.0,sell_both,10000.0,9900.0,99.0,84.62529274004683,6.0,0.0
KXGRAMMYNOMNAOTY-68B-SEXY,2026 Grammy nominees for New Artist?,KXGRAMMYNOMNAOTY-68B,,,2026-12-31T15:00:00Z,,427,2.0,92.0,8.0,98.0,5.0,95.0,100.0,-99.0,sell_both,10000.0,9900.0,99.0,84.62529274004683,6.0,0.0
KXGRAMMYNOMNAOTY-68B-SAM,2026 Grammy nominees for New Artist?,KXGRAMMYNOMNAOTY-68B,,,2026-12-31T15:00:00Z,,427,2.0,92.0,8.0,98.0,5.0,95.0,100.0,-99.0,sell_both,10000.0,9900.0,99.0,84.62529274004683,6.0,0.0
KXGRAMMYNOMNAOTY-68B-ROL,2026 Grammy nominees for New Artist?,KXGRAMMYNOMNAOTY-68B,,,2026-12-31T15:00:00Z,,427,15.0,80.0,20.0,85.0,17.5,82.5,100.0,-99.0,sell_both,10000.0,9900.0,99.0,84.62529274004683,5.0,0.0
KXGRAMMYNOMNAOTY-68B-RACH,2026 Grammy nominees for New Artist?,KXGRAMMYNOMNAOTY-68B,,,2026-12-31T15:00:00Z,,427,7.0,87.0,13.0,93.0,10.0,90.0,100.0,-99.0,sell_both,10000.0,9900.0,99.0,84.62529274004683,6.0,0.0
KXGRAMMYNOMNAOTY-68B-OLI,2026 Grammy nominees for New Artist?,KXGRAMMYNOMNAOTY-68B,,,2026-12-31T15:00:00Z,,427,75.0,20.0,80.0,25.0,77.5,22.5,100.0,-99.0,sell_both,10000.0,9900.0,99.0,84.62529274004683,5.0,0.0
KXGRAMMYNOMNAOTY-68B-MUS,2026 Grammy nominees for New Artist?,KXGRAMMYNOMNAOTY-68B,,,2026-12-31T15:00:00Z,,427,1.0,95.0,5.0,99.0,3.0,97.0,100.0,-99.0,sell_both,10000.0,9900.0,99.0,84.62529274004683,4.0,0.0
KXGRAMMYNOMNAOTY-68B-MAR,2026 Grammy nominees for New Artist?,KXGRAMMYNOMNAOTY-68B,,,2026-12-31T15:00:00Z,,427,57.0,38.0,62.0,43.0,59.5,40.5,100.0,-99.0,sell_both,10000.0,9900.0,99.0,84.62529274004683,5.0,0.0
KXGRAMMYNOMNAOTY-68B-LIL,2026 Grammy nominees for New Artist?,KXGRAMMYNOMNAOTY-68B,,,2026-12-31T15:00:00Z,,427,2.0,92.0,8.0,98.0,5.0,95.0,100.0,-99.0,sell_both,10000.0,9900.0,99.0,84.62529274004683,6.0,0.0
KXGRAMMYNOMNAOTY-68B-KAT,2026 Grammy nominees for New Artist?,KXGRAMMYNOMNAOTY-68B,,,2026-12-31T15:00:00Z,,427,9.0,86.0,14.0,91.0,11.5,88.5,100.0,-99.0,sell_both,10000.0,9900.0,99.0,84.62529274004683,5.0,0.0
KXGRAMMYNOMNAOTY-68B-JEN,2026 Grammy nominees for New Artist?,KXGRAMMYNOMNAOTY-68B,,,2026-12-31T15:00:00Z,,427,1.0,94.0,6.0,99.0,3.5,96.5,100.0,-99.0,sell_both,10000.0,9900.0,99.0,84.62529274004683,5.0,0.0
KXGRAMMYNOMNAOTY-68B-GIGI,2026 Grammy nominees for New Artist?,KXGRAMMYNOMNAOTY-68B,,,2026-12-31T15:00:00Z,,427,10.0,84.0,16.0,90.0,13.0,87.0,100.0,-99.0,sell_both,10000.0,9900.0,99.0,84.62529274004683,6.0,0.0
KXGRAMMYNOMNAOTY-68B-FLO,2026 Grammy nominees for New Artist?,KXGRAMMYNOMNAOTY-68B,,,2026-12-31T15:00:00Z,,427,2.0,92.0,8.0,98.0,5.0,95.0,100.0,-99.0,sell_both,10000.0,9900.0,99.0,84.62529274004683,6.0,0.0
KXGRAMMYNOMNAOTY-68B-DJO,2026 Grammy nominees for New Artist?,KXGRAMMYNOMNAOTY-68B,,,2026-12-31T15:00:00Z,,427,7.0,87.0,13.0,93.0,10.0,90.0,100.0,-99.0,sell_both,10000.0,9900.0,99.0,84.62529274004683,6.0,0.0
KXGRAMMYNOMNAOTY-68B-DAR,2026 Grammy nominees for New Artist?,KXGRAMMYNOMNAOTY-68B,,,2026-12-31T15:00:00Z,,427,2.0,92.0,8.0,98.0,5.0,95.0,100.0,-99.0,sell_both,10000.0,9900.0,99.0,84.62529274004683,6.0,0.0
KXGRAMMYNOMNAOTY-68B-BOS,2026 Grammy nominees for New Artist?,KXGRAMMYNOMNAOTY-68B,,,2026-12-31T15:00:00Z,,427,2.0,92.0,8.0,98.0,5.0,95.0,100.0,-99.0,sell_both,10000.0,9900.0,99.0,84.62529274004683,6.0,0.0
KXGRAMMYNOMNAOTY-68B-BIG,2026 Grammy nominees for New Artist?,KXGRAMMYNOMNAOTY-68B,,,2026-12-31T15:00:00Z,,427,9.0,86.0,14.0,91.0,11.5,88.5,100.0,-99.0,sell_both,10000.0,9900.0,99.0,84.62529274004683,5.0,0.0
KXGRAMMYNOMNAOTY-68B-BAI,2026 Grammy nominees for New Artist?,KXGRAMMYNOMNAOTY-68B,,,2026-12-31T15:00:00Z,,427,2.0,92.0,8.0,98.0,5.0,95.0,100.0,-99.0,sell_both,10000.0,9900.0,99.0,84.62529274004683,6.0,0.0
KXGRAMMYNOMNAOTY-68B-BAD,2026 Grammy nominees for New Artist?,KXGRAMMYNOMNAOTY-68B,,,2026-12-31T15:00:00Z,,427,2.0,92.0,8.0,98.0,5.0,95.0,100.0,-99.0,sell_both,10000.0,9900.0,99.0,84.62529274004683,6.0,0.0
KXGRAMMYNOMNAOTY-68B-4BATZ,2026 Grammy nominees for New Artist?,KXGRAMMYNOMNAOTY-68B,,,2026-12-31T15:00:00Z,,427,2.0,92.0,8.0,98.0,5.0,95.0,100.0,-99.0,sell_both,10000.0,9900.0,99.0,84.62529274004683,6.0,0.0
KXGAMEAWARDS-2025-HK,2025 Game of the Year?,KXGAMEAWARDS-2025,,,2026-12-31T15:00:00Z,,427,10.0,89.0,11.0,90.0,10.5,89.5,100.0,-99.0,sell_both,10000.0,9900.0,99.0,84.62529274004683,1.0,0.1341640786499874
KXOSCARNOMPIC-26-WEA,2026 Best Picture Oscar nominations?,KXOSCARNOMPIC-26,,,2026-12-31T15:00:00Z,,427,8.0,89.0,11.0,92.0,9.5,90.5,100.0,-99.0,sell_both,10000.0,9900.0,99.0,84.62529274004683,3.0,0.0
KXOSCARNOMPIC-26-RF,2026 Best Picture Oscar nominations?,KXOSCARNOMPIC-26,,,2026-12-31T15:00:00Z,,427,6.0,90.0,10.0,94.0,8.0,92.0,100.0,-99.0,sell_both,10000.0,9900.0,99.0,84.62529274004683,4.0,0.08514693182963201
KXOSCARNOMPIC-26-NOO,2026 Best Picture Oscar nominations?,KXOSCARNOMPIC-26,,,2026-12-31T15:00:00Z,,427,24.0,71.0,29.0,76.0,26.5,73.5,100.0,-99.0,sell_both,10000.0,9900.0,99.0,84.62529274004683,5.0,0.2889636655359978
KXOSCARNOMPIC-26-IWJAA,2026 Best Picture Oscar nominations?,KXOSCARNOMPIC-26,,,2026-12-31T15:00:00Z,,427,60.0,36.0,64.0,40.0,62.0,38.0,100.0,-99.0,sell_both,10000.0,9900.0,99.0,84.62529274004683,4.0,0.3142451272494134
KXOSCARNOMPIC-26-EDD,2026 Best Picture Oscar nominations?,KXOSCARNOMPIC-26,,,2026-12-31T15:00:00Z,,427,2.0,95.0,5.0,98.0,3.5,96.5,100.0,-99.0,sell_both,10000.0,9900.0,99.0,84.62529274004683,3.0,0.0
KXOSCARNOMPIC-26-ANN,2026 Best Picture Oscar nominations?,KXOSCARNOMPIC-26,,,2026-12-31T15:00:00Z,,427,15.0,84.0,16.0,85.0,15.5,84.5,100.0,-99.0,sell_both,10000.0,9900.0,99.0,84.62529274004683,1.0,0.35601966237835797
KXOSCARNOMPIC-26-AHO,2026 Best Picture Oscar nominations?,KXOSCARNOMPIC-26,,,2026-12-31T15:00:00Z,,427,13.0,82.0,18.0,87.0,15.5,84.5,100.0,-99.0,sell_both,10000.0,9900.0,99.0,84.62529274004683,5.0,0.1161895003862225
KXFIDECANDIDATES-26-VLA,Who will qualify for the FIDE Candidates tournament?,KXFIDECANDIDATES-26,,,2026-12-31T15:00:00Z,,427,2.0,88.0,12.0,98.0,7.0,93.0,100.0,-99.0,sell_both,10000.0,9900.0,99.0,84.62529274004683,10.0,0.0
KXFIDECANDIDATES-26-VIN,Who will qualify for the FIDE Candidates tournament?,KXFIDECANDIDATES-26,,,2026-12-31T15:00:00Z,,427,15.0,75.0,25.0,85.0,20.0,80.0,100.0,-99.0,sell_both,10000.0,9900.0,99.0,84.62529274004683,10.0,0.0
KXFIDECANDIDATES-26-SHA,Who will qualify for the FIDE Candidates tournament?,KXFIDECANDIDATES-26,,,2026-12-31T15:00:00Z,,427,2.0,90.0,10.0,98.0,6.0,94.0,100.0,-99.0,sell_both,10000.0,9900.0,99.0,84.62529274004683,8.0,0.0
KXFIDECANDIDATES-26-NOD,Who will qualify for the FIDE Candidates tournament?,KXFIDECANDIDATES-26,,,2026-12-31T15:00:00Z,,427,15.0,81.0,19.0,85.0,17.0,83.0,100.0,-99.0,sell_both,10000.0,9900.0,99.0,84.62529274004683,4.0,0.0
KXFIDECANDIDATES-26-MAX,Who will qualify for the FIDE Candidates tournament?,KXFIDECANDIDATES-26,,,2026-12-31T15:00:00Z,,427,2.0,87.0,13.0,98.0,7.5,92.5,100.0,-99.0,sell_both,10000.0,9900.0,99.0,84.62529274004683,11.0,0.0
KXFIDECANDIDATES-26-LEV,Who will qualify for the FIDE Candidates tournament?,KXFIDECANDIDATES-26,,,2026-12-31T15:00:00Z,,427,2.0,87.0,13.0,98.0,7.5,92.5,100.0,-99.0,sell_both,10000.0,9900.0,99.0,84.62529274004683,11.0,0.0
KXFIDECANDIDATES-26-HAN,Who will qualify for the FIDE Candidates tournament?,KXFIDECANDIDATES-26,,,2026-12-31T15:00:00Z,,427,17.0,78.0,22.0,83.0,19.5,80.5,100.0,-99.0,sell_both,10000.0,9900.0,99.0,84.62529274004683,5.0,0.0
KXFIDECANDIDATES-26-ARJ,Who will qualify for the FIDE Candidates tournament?,KXFIDECANDIDATES-26,,,2026-12-31T15:00:00Z,,427,28.0,66.0,34.0,72.0,31.0,69.0,100.0,-99.0,sell_both,10000.0,9900.0,99.0,84.62529274004683,6.0,0.0
KXFIDECANDIDATES-26-ARA,Who will qualify for the FIDE Candidates tournament?,KXFIDECANDIDATES-26,,,2026-12-31T15:00:00Z,,427,2.0,90.0,10.0,98.0,6.0,94.0,100.0,-99.0,sell_both,10000.0,9900.0,99.0,84.62529274004683,8.0,0.0
KXOSCARNOMACTR-26-ROS,2026 Best Actress Oscar nominations?,KXOSCARNOMACTR-26,,,2027-01-01T00:00:00Z,,427,34.0,61.0,39.0,66.0,36.5,63.5,100.0,-99.0,sell_both,10000.0,9900.0,99.0,84.62529274004683,5.0,0.2569046515733026
KXOSCARNOMDIR-26-ZAC,2026 Best Director Oscar nominations?,KXOSCARNOMDIR-26,,,2027-01-01T00:00:00Z,,427,1.0,94.0,6.0,99.0,3.5,96.5,100.0,-99.0,sell_both,10000.0,9900.0,99.0,84.62529274004683,5.0,0.08366600265340755
KXOSCARNOMDIR-26-MON,2026 Best Director Oscar nominations?,KXOSCARNOMDIR-26,,,2027-01-01T00:00:00Z,,427,7.0,88.0,12.0,93.0,9.5,90.5,100.0,-99.0,sell_both,10000.0,9900.0,99.0,84.62529274004683,5.0,0.022360679774997897
KXOSCARNOMDIR-26-JAF,2026 Best Director Oscar nominations?,KXOSCARNOMDIR-26,,,2027-01-01T00:00:00Z,,427,35.0,60.0,40.0,65.0,37.5,62.5,100.0,-99.0,sell_both,10000.0,9900.0,99.0,84.62529274004683,5.0,0.11832159566199232
KXFIDECANDIDATES-26-RPRA,Who will qualify for the FIDE Candidates tournament?,KXFIDECANDIDATES-26,,,2026-12-31T15:00:00Z,,427,92.0,3.0,97.0,8.0,94.5,5.5,100.0,-99.0,sell_both,10000.0,9900.0,99.0,84.62529274004683,5.0,1.1491301057756689
KXFIDECANDIDATES-26-MCAR,Who will qualify for the FIDE Candidates tournament?,KXFIDECANDIDATES-26,,,2026-12-31T15:00:00Z,,427,3.0,94.0,6.0,97.0,4.5,95.5,100.0,-99.0,sell_both,10000.0,9900.0,99.0,84.62529274004683,3.0,1.0981803130633876
KXFIDECANDIDATES-26-INEP,Who will qualify for the FIDE Candidates tournament?,KXFIDECANDIDATES-26,,,2026-12-31T15:00:00Z,,427,13.0,76.0,24.0,87.0,18.5,81.5,100.0,-99.0,sell_both,10000.0,9900.0,99.0,84.62529274004683,11.0,1.5590060936378665
KXFIDECANDIDATES-26-HNAK,Who will qualify for the FIDE Candidates tournament?,KXFIDECANDIDATES-26,,,2026-12-31T15:00:00Z,,427,86.0,3.0,97.0,14.0,91.5,8.5,100.0,-99.0,sell_both,10000.0,9900.0,99.0,84.62529274004683,11.0,1.1686530708469474
KXFIDECANDIDATES-26-DLIR,Who will qualify for the FIDE Candidates tournament?,KXFIDECANDIDATES-26,,,2026-12-31T15:00:00Z,,427,2.0,90.0,10.0,98.0,6.0,94.0,100.0,-99.0,sell_both,10000.0,9900.0,99.0,84.62529274004683,8.0,0.773789377027108
KXFIDECANDIDATES-26-AFIR,Who will qualify for the FIDE Candidates tournament?,KXFIDECANDIDATES-26,,,2026-12-31T15:00:00Z,,427,4.0,91.0,9.0,96.0,6.5,93.5,100.0,-99.0,sell_both,10000.0,9900.0,99.0,84.62529274004683,5.0,0.9748076733386951
KXUFCFLYWEIGHTTITLE-26-APAN,"Who will hold the UFC Flyweight Title title on Dec 31, 2026?",KXUFCFLYWEIGHTTITLE-26,,,2026-12-31T17:00:00Z,,427,10.0,1.0,99.0,90.0,54.5,45.5,100.0,-99.0,sell_both,10000.0,9900.0,99.0,84.62529274004683,89.0,1.6885644790768282
KXGRAMMYNOMBRA-68-MUS,2026 Grammy nominees for Best Rap Album?,KXGRAMMYNOMBRA-68,,,2026-12-31T15:00:00Z,,427,47.0,47.0,53.0,53.0,50.0,50.0,100.0,-99.0,sell_both,10000.0,9900.0,99.0,84.62529274004683,6.0,1.879893614011176
KXGRAMMYNOMBRA-68-LOT,2026 Grammy nominees for Best Rap Album?,KXGRAMMYNOMBRA-68,,,2026-12-31T15:00:00Z,,427,13.0,83.0,17.0,87.0,15.0,85.0,100.0,-99.0,sell_both,10000.0,9900.0,99.0,84.62529274004683,4.0,2.1455185853308287
KXGRAMMYNOMBRA-68-LET,2026 Grammy nominees for Best Rap Album?,KXGRAMMYNOMBRA-68,,,2026-12-31T15:00:00Z,,427,3.0,93.0,7.0,97.0,5.0,95.0,100.0,-99.0,sell_both,10000.0,9900.0,99.0,84.62529274004683,4.0,1.8344617739271647
KXGRAMMYNOMBRA-68-HOP,2026 Grammy nominees for Best Rap Album?,KXGRAMMYNOMBRA-68,,,2026-12-31T15:00:00Z,,427,4.0,90.0,10.0,96.0,7.0,93.0,100.0,-99.0,sell_both,10000.0,9900.0,99.0,84.62529274004683,6.0,1.9215228335879853
KXGRAMMYNOMBRA-68-GOL,2026 Grammy nominees for Best Rap Album?,KXGRAMMYNOMBRA-68,,,2026-12-31T15:00:00Z,,427,4.0,91.0,9.0,96.0,6.5,93.5,100.0,-99.0,sell_both,10000.0,9900.0,99.0,84.62529274004683,5.0,2.2197409758798434
KXGRAMMYNOMBRA-68-GNX,2026 Grammy nominees for Best Rap Album?,KXGRAMMYNOMBRA-68,,,2026-12-31T15:00:00Z,,427,97.0,1.0,99.0,3.0,98.0,2.0,100.0,-99.0,sell_both,10000.0,9900.0,99.0,84.62529274004683,2.0,2.199090721184554
KXGRAMMYNOMBRA-68-BAL,2026 Grammy nominees for Best Rap Album?,KXGRAMMYNOMBRA-68,,,2026-12-31T15:00:00Z,,427,1.0,93.0,7.0,99.0,4.0,96.0,100.0,-99.0,sell_both,10000.0,9900.0,99.0,84.62529274004683,6.0,1.6424828766230715
KXPERFORMSUPERBOWL-26-POST,Who will perform at the Super Bowl LX?,KXPERFORMSUPERBOWL-26,,,2026-12-31T04:59:00Z,,427,6.0,93.0,7.0,94.0,6.5,93.5,100.0,-99.0,sell_both,10000.0,9900.0,99.0,84.62529274004683,1.0,1.6794344286098222
KXGRAMMYNOMNAOTY-68B-ZT,2026 Grammy nominees for New Artist?,KXGRAMMYNOMNAOTY-68B,,,2026-12-31T15:00:00Z,,427,15.0,80.0,20.0,85.0,17.5,82.5,100.0,-99.0,sell_both,10000.0,9900.0,99.0,84.62529274004683,5.0,1.7574128712399941
KXGRAMMYNOMNAOTY-68B-RO,2026 Grammy nominees for New Artist?,KXGRAMMYNOMNAOTY-68B,,,2026-12-31T15:00:00Z,,427,5.0,90.0,10.0,95.0,7.5,92.5,100.0,-99.0,sell_both,10000.0,9900.0,99.0,84.62529274004683,5.0,2.4250773183550254
KXGRAMMYNOMNAOTY-68B-PP,2026 Grammy nominees for New Artist?,KXGRAMMYNOMNAOTY-68B,,,2026-12-31T15:00:00Z,,427,30.0,65.0,35.0,70.0,32.5,67.5,100.0,-99.0,sell_both,10000.0,9900.0,99.0,84.62529274004683,5.0,1.982233588656998
KXGRAMMYNOMNAOTY-68B-MK,2026 Grammy nominees for New Artist?,KXGRAMMYNOMNAOTY-68B,,,2026-12-31T15:00:00Z,,427,1.0,94.0,6.0,99.0,3.5,96.5,100.0,-99.0,sell_both,10000.0,9900.0,99.0,84.62529274004683,5.0,2.176924435987616
KXGRAMMYNOMNAOTY-68B-MJ,2026 Grammy nominees for New Artist?,KXGRAMMYNOMNAOTY-68B,,,2026-12-31T15:00:00Z,,427,2.0,92.0,8.0,98.0,5.0,95.0,100.0,-99.0,sell_both,10000.0,9900.0,99.0,84.62529274004683,6.0,1.7899720668211558
KXGRAMMYNOMNAOTY-68B-EC,2026 Grammy nominees for New Artist?,KXGRAMMYNOMNAOTY-68B,,,2026-12-31T15:00:00Z,,427,7.0,87.0,13.0,93.0,10.0,90.0,100.0,-99.0,sell_both,10000.0,9900.0,99.0,84.62529274004683,6.0,2.0178577749682955
KXGRAMMYNOMNAOTY-68B-AW,2026 Grammy nominees for New Artist?,KXGRAMMYNOMNAOTY-68B,,,2026-12-31T15:00:00Z,,427,90.0,6.0,94.0,10.0,92.0,8.0,100.0,-99.0,sell_both,10000.0,9900.0,99.0,84.62529274004683,4.0,2.5224492066243873
KXGRAMMYNOMNAOTY-68B-AR,2026 Grammy nominees for New Artist?,KXGRAMMYNOMNAOTY-68B,,,2026-12-31T15:00:00Z,,427,62.0,33.0,67.0,38.0,64.5,35.5,100.0,-99.0,sell_both,10000.0,9900.0,99.0,84.62529274004683,5.0,2.0815859338494773
KXGRAMMYNOMNAOTY-68B-RL,2026 Grammy nominees for New Artist?,KXGRAMMYNOMNAOTY-68B,,,2026-12-31T15:00:00Z,,427,35.0,59.0,41.0,65.0,38.0,62.0,100.0,-99.0,sell_both,10000.0,9900.0,99.0,84.62529274004683,6.0,2.253552750658391
KXGRAMMYNOMNAOTY-68B-MM,2026 Grammy nominees for New Artist?,KXGRAMMYNOMNAOTY-68B,,,2026-12-31T15:00:00Z,,427,58.0,37.0,63.0,42.0,60.5,39.5,100.0,-99.0,sell_both,10000.0,9900.0,99.0,84.62529274004683,5.0,2.347285666466696
KXGRAMMYNOMNAOTY-68B-LY,2026 Grammy nominees for New Artist?,KXGRAMMYNOMNAOTY-68B,,,2026-12-31T15:00:00Z,,427,59.0,36.0,64.0,41.0,61.5,38.5,100.0,-99.0,sell_both,10000.0,9900.0,99.0,84.62529274004683,5.0,2.497899117258341
KXGRAMMYNOMNAOTY-68B-LT,2026 Grammy nominees for New Artist?,KXGRAMMYNOMNAOTY-68B,,,2026-12-31T15:00:00Z,,427,65.0,31.0,69.0,35.0,67.0,33.0,100.0,-99.0,sell_both,10000.0,9900.0,99.0,84.62529274004683,4.0,1.8262666837020272
KXGRAMMYNOMNAOTY-68B-EL,2026 Grammy nominees for New Artist?,KXGRAMMYNOMNAOTY-68B,,,2026-12-31T15:00:00Z,,427,25.0,70.0,30.0,75.0,27.5,72.5,100.0,-99.0,sell_both,10000.0,9900.0,99.0,84.62529274004683,5.0,2.4779527840538043
KXGRAMMYNOMSOTY-68-WILD,2026 Grammy nominees for Song of the Year?,KXGRAMMYNOMSOTY-68,,,2026-12-31T15:00:00Z,,427,62.0,37.0,63.0,38.0,62.5,37.5,100.0,-99.0,sell_both,10000.0,9900.0,99.0,84.62529274004683,1.0,2.403695072175337
KXGRAMMYNOMSOTY-68-TST,2026 Grammy nominees for Song of the Year?,KXGRAMMYNOMSOTY-68,,,2026-12-31T15:00:00Z,,427,26.0,68.0,32.0,74.0,29.0,71.0,100.0,-99.0,sell_both,10000.0,9900.0,99.0,84.62529274004683,6.0,1.963797341886377
KXGRAMMYNOMSOTY-68-NTL,2026 Grammy nominees for Song of the Year?,KXGRAMMYNOMSOTY-68,,,2026-12-31T15:00:00Z,,427,1.0,93.0,7.0,99.0,4.0,96.0,100.0,-99.0,sell_both,10000.0,9900.0,99.0,84.62529274004683,6.0,1.8328256872927113
KXGRAMMYNOMSOTY-68-LUT,2026 Grammy nominees for Song of the Year?,KXGRAMMYNOMSOTY-68,,,2026-12-31T15:00:00Z,,427,87.0,9.0,91.0,13.0,89.0,11.0,100.0,-99.0,sell_both,10000.0,9900.0,99.0,84.62529274004683,4.0,2.2107690969434146
KXGRAMMYNOMSOTY-68-DTMF,2026 Grammy nominees for Song of the Year?,KXGRAMMYNOMSOTY-68,,,2026-12-31T15:00:00Z,,427,74.0,21.0,79.0,26.0,76.5,23.5,100.0,-99.0,sell_both,10000.0,9900.0,99.0,84.62529274004683,5.0,1.7272087308718653
KXGRAMMYNOMSOTY-68-BMF,2026 Grammy nominees for Song of the Year?,KXGRAMMYNOMSOTY-68,,,2026-12-31T15:00:00Z,,427,7.0,91.0,9.0,93.0,8.0,92.0,100.0,-99.0,sell_both,10000.0,9900.0,99.0,84.62529274004683,2.0,2.106952775930206
KXGRAMMYNOMSOTY-68-AZI,2026 Grammy nominees for Song of the Year?,KXGRAMMYNOMSOTY-68,,,2026-12-31T15:00:00Z,,427,2.0,95.0,5.0,98.0,3.5,96.5,100.0,-99.0,sell_both,10000.0,9900.0,99.0,84.62529274004683,3.0,2.2936324901779708
KXGRAMMYNOMSOTY-68-APT,2026 Grammy nominees for Song of the Year?,KXGRAMMYNOMSOTY-68,,,2026-12-31T15:00:00Z,,427,64.0,31.0,69.0,36.0,66.5,33.5,100.0,-99.0,sell_both,10000.0,9900.0,99.0,84.62529274004683,5.0,2.024475240648796
KXGRAMMYNOMSOTY-68-ANX,2026 Grammy nominees for Song of the Year?,KXGRAMMYNOMSOTY-68,,,2026-12-31T15:00:00Z,,427,47.0,47.0,53.0,53.0,50.0,50.0,100.0,-99.0,sell_both,10000.0,9900.0,99.0,84.62529274004683,6.0,2.122204042970421
KXGRAMMYNOMSOTY-68-AML,2026 Grammy nominees for Song of the Year?,KXGRAMMYNOMSOTY-68,,,2026-12-31T15:00:00Z,,427,26.0,68.0,32.0,74.0,29.0,71.0,100.0,-99.0,sell_both,10000.0,9900.0,99.0,84.62529274004683,6.0,2.152150087702993
KXGRAMMYNOMSOTY-68-AIO,2026 Grammy nominees for Song of the Year?,KXGRAMMYNOMSOTY-68,,,2026-12-31T15:00:00Z,,427,1.0,93.0,7.0,99.0,4.0,96.0,100.0,-99.0,sell_both,10000.0,9900.0,99.0,84.62529274004683,6.0,1.9699619285661334
KXGRAMMYNOMSOTY-68-ABR,2026 Grammy nominees for Song of the Year?,KXGRAMMYNOMSOTY-68,,,2026-12-31T15:00:00Z,,427,74.0,21.0,79.0,26.0,76.5,23.5,100.0,-99.0,sell_both,10000.0,9900.0,99.0,84.62529274004683,5.0,2.020519735117675
KXGRAMMYNOMAOTY-68-VAR,2026 Grammy nominees for Album of the Year?,KXGRAMMYNOMAOTY-68,,,2026-12-31T15:00:00Z,,427,25.0,71.0,29.0,75.0,27.0,73.0,100.0,-99.0,sell_both,10000.0,9900.0,99.0,84.62529274004683,4.0,2.3989581071790314
KXGRAMMYNOMAOTY-68-POR,2026 Grammy nominees for Album of the Year?,KXGRAMMYNOMAOTY-68,,,2026-12-31T15:00:00Z,,427,14.0,81.0,19.0,86.0,16.5,83.5,100.0,-99.0,sell_both,10000.0,9900.0,99.0,84.62529274004683,5.0,1.5610092888897233
KXGRAMMYNOMAOTY-68-WHO,2026 Grammy nominees for Album of the Year?,KXGRAMMYNOMAOTY-68,,,2026-12-31T15:00:00Z,,427,56.0,40.0,60.0,44.0,58.0,42.0,100.0,-99.0,sell_both,10000.0,9900.0,99.0,84.62529274004683,4.0,2.255825791146116
KXGRAMMYNOMAOTY-68-VIR,2026 Grammy nominees for Album of the Year?,KXGRAMMYNOMAOTY-68,,,2026-12-31T15:00:00Z,,427,25.0,71.0,29.0,75.0,27.0,73.0,100.0,-99.0,sell_both,10000.0,9900.0,99.0,84.62529274004683,4.0,2.145693361130616
KXGRAMMYNOMAOTY-68-QUI,2026 Grammy nominees for Album of the Year?,KXGRAMMYNOMAOTY-68,,,2026-12-31T15:00:00Z,,427,13.0,82.0,18.0,87.0,15.5,84.5,100.0,-99.0,sell_both,10000.0,9900.0,99.0,84.62529274004683,5.0,2.376446927663229
KXGRAMMYNOMAOTY-68-HUR,2026 Grammy nominees for Album of the Year?,KXGRAMMYNOMAOTY-68,,,2026-12-31T15:00:00Z,,427,42.0,53.0,47.0,58.0,44.5,55.5,100.0,-99.0,sell_both,10000.0,9900.0,99.0,84.62529274004683,5.0,1.9731320280204263
KXGRAMMYNOMAOTY-68-DEBI,2026 Grammy nominees for Album of the Year?,KXGRAMMYNOMAOTY-68,,,2026-12-31T15:00:00Z,,427,89.0,7.0,93.0,11.0,91.0,9.0,100.0,-99.0,sell_both,10000.0,9900.0,99.0,84.62529274004683,4.0,1.7297398648351723
KXGRAMMYNOMAOTY-68-CLOS,2026 Grammy nominees for Album of the Year?,KXGRAMMYNOMAOTY-68,,,2026-12-31T15:00:00Z,,427,27.0,68.0,32.0,73.0,29.5,70.5,100.0,-99.0,sell_both,10000.0,9900.0,99.0,84.62529274004683,5.0,2.0189105973271824
KXGRAMMYNOMAOTY-68-CHR,2026 Grammy nominees for Album of the Year?,KXGRAMMYNOMAOTY-68,,,2026-12-31T15:00:00Z,,427,66.0,29.0,71.0,34.0,68.5,31.5,100.0,-99.0,sell_both,10000.0,9900.0,99.0,84.62529274004683,5.0,2.279309105847647
KXGRAMMYNOMAOTY-68-BEE,2026 Grammy nominees for Album of the Year?,KXGRAMMYNOMAOTY-68,,,2026-12-31T15:00:00Z,,427,3.0,92.0,8.0,97.0,5.5,94.5,100.0,-99.0,sell_both,10000.0,9900.0,99.0,84.62529274004683,5.0,1.4987494787321862
KXGRAMMYNOMAOTY-68-GNX,2026 Grammy nominees for Album of the Year?,KXGRAMMYNOMAOTY-68,,,2026-12-31T15:00:00Z,,427,94.0,1.0,99.0,6.0,96.5,3.5,100.0,-99.0,sell_both,10000.0,9900.0,99.0,84.62529274004683,5.0,2.0671840750160593
KXGAMEAWARDS-2025-DKB,2025 Game of the Year?,KXGAMEAWARDS-2025,,,2026-12-31T15:00:00Z,,427,1.0,98.0,2.0,99.0,1.5,98.5,100.0,-99.0,sell_both,10000.0,9900.0,99.0,84.62529274004683,1.0,2.2348378017207424
KXOSCARNOMACTR-26-RR,2026 Best Actress Oscar nominations?,KXOSCARNOMACTR-26,,,2027-01-01T00:00:00Z,,427,88.0,11.0,89.0,12.0,88.5,11.5,100.0,-99.0,sell_both,10000.0,9900.0,99.0,84.62529274004683,1.0,2.113232121656303
KXOSCARNOMACTR-26-LL,2026 Best Actress Oscar nominations?,KXOSCARNOMACTR-26,,,2027-01-01T00:00:00Z,,427,1.0,96.0,4.0,99.0,2.5,97.5,100.0,-99.0,sell_both,10000.0,9900.0,99.0,84.62529274004683,3.0,2.3087334189983912
KXOSCARNOMACTR-26-JS,2026 Best Actress Oscar nominations?,KXOSCARNOMACTR-26,,,2027-01-01T00:00:00Z,,427,6.0,89.0,11.0,94.0,8.5,91.5,100.0,-99.0,sell_both,10000.0,9900.0,99.0,84.62529274004683,5.0,2.39269722280108
KXOSCARNOMACTR-26-JR,2026 Best Actress Oscar nominations?,KXOSCARNOMACTR-26,,,2027-01-01T00:00:00Z,,427,3.0,92.0,8.0,97.0,5.5,94.5,100.0,-99.0,sell_both,10000.0,9900.0,99.0,84.62529274004683,5.0,2.276400667720865
KXOSCARNOMACTR-26-JLAW,2026 Best Actress Oscar nominations?,KXOSCARNOMACTR-26,,,2027-01-01T00:00:00Z,,427,10.0,85.0,15.0,90.0,12.5,87.5,100.0,-99.0,sell_both,10000.0,9900.0,99.0,84.62529274004683,5.0,2.48746859276655
KXOSCARNOMACTR-26-JL,2026 Best Actress Oscar nominations?,KXOSCARNOMACTR-26,,,2027-01-01T00:00:00Z,,427,8.0,89.0,11.0,92.0,9.5,90.5,100.0,-99.0,sell_both,10000.0,9900.0,99.0,84.62529274004683,3.0,2.5703598969794093
KXOSCARNOMACTR-26-ES,2026 Best Actress Oscar nominations?,KXOSCARNOMACTR-26,,,2027-01-01T00:00:00Z,,427,41.0,55.0,45.0,59.0,43.0,57.0,100.0,-99.0,sell_both,10000.0,9900.0,99.0,84.62529274004683,4.0,2.785946876736884
KXOSCARNOMACTR-26-CE,2026 Best Actress Oscar nominations?,KXOSCARNOMACTR-26,,,2027-01-01T00:00:00Z,,427,70.0,26.0,74.0,30.0,72.0,28.0,100.0,-99.0,sell_both,10000.0,9900.0,99.0,84.62529274004683,4.0,2.289759812731458
KXOSCARNOMACTR-26-ASEY,2026 Best Actress Oscar nominations?,KXOSCARNOMACTR-26,,,2027-01-01T00:00:00Z,,427,31.0,65.0,35.0,69.0,33.0,67.0,100.0,-99.0,sell_both,10000.0,9900.0,99.0,84.62529274004683,4.0,2.070144922463159
KXOSCARNOMACTR-26-JB,2026 Best Actress Oscar nominations?,KXOSCARNOMACTR-26,,,2027-01-01T00:00:00Z,,427,96.0,1.0,99.0,4.0,97.5,2.5,100.0,-99.0,sell_both,10000.0,9900.0,99.0,84.62529274004683,3.0,1.8413989247308689
KXOSCARNOMDIR-26-JT,2026 Best Director Oscar nominations?,KXOSCARNOMDIR-26,,,2027-01-01T00:00:00Z,,427,55.0,44.0,56.0,45.0,55.5,44.5,100.0,-99.0,sell_both,10000.0,9900.0,99.0,84.62529274004683,1.0,1.7953411931997774
KXOSCARNOMDIR-26-EB,2026 Best Director Oscar nominations?,KXOSCARNOMDIR-26,,,2027-01-01T00:00:00Z,,427,1.0,96.0,4.0,99.0,2.5,97.5,100.0,-99.0,sell_both,10000.0,9900.0,99.0,84.62529274004683,3.0,2.4098755154571783
KXOSCARNOMDIR-26-AM,2026 Best Director Oscar nominations?,KXOSCARNOMDIR-26,,,2027-01-01T00:00:00Z,,427,1.0,96.0,4.0,99.0,2.5,97.5,100.0,-99.0,sell_both,10000.0,9900.0,99.0,84.62529274004683,3.0,2.0453606039033803
KXOSCARNOMDIR-26-YL,2026 Best Director Oscar nominations?,KXOSCARNOMDIR-26,,,2027-01-01T00:00:00Z,,427,7.0,88.0,12.0,93.0,9.5,90.5,100.0,-99.0,sell_both,10000.0,9900.0,99.0,84.62529274004683,5.0,1.8780308836651223
KXOSCARNOMDIR-26-PTA,2026 Best Director Oscar nominations?,KXOSCARNOMDIR-26,,,2027-01-01T00:00:00Z,,427,95.0,2.0,98.0,5.0,96.5,3.5,100.0,-99.0,sell_both,10000.0,9900.0,99.0,84.62529274004683,3.0,1.9468564405214885
KXOSCARNOMDIR-26-NB,2026 Best Director Oscar nominations?,KXOSCARNOMDIR-26,,,2027-01-01T00:00:00Z,,427,10.0,86.0,14.0,90.0,12.0,88.0,100.0,-99.0,sell_both,10000.0,9900.0,99.0,84.62529274004683,4.0,1.984124492061927
KXOSCARNOMDIR-26-JS,2026 Best Director Oscar nominations?,KXOSCARNOMDIR-26,,,2027-01-01T00:00:00Z,,427,60.0,36.0,64.0,40.0,62.0,38.0,100.0,-99.0,sell_both,10000.0,9900.0,99.0,84.62529274004683,4.0,1.9851952045076071
KXOSCARNOMDIR-26-JMC,2026 Best Director Oscar nominations?,KXOSCARNOMDIR-26,,,2027-01-01T00:00:00Z,,427,14.0,81.0,19.0,86.0,16.5,83.5,100.0,-99.0,sell_both,10000.0,9900.0,99.0,84.62529274004683,5.0,1.7888543819998317
KXOSCARNOMDIR-26-JC,2026 Best Director Oscar nominations?,KXOSCARNOMDIR-26,,,2027-01-01T00:00:00Z,,427,9.0,88.0,12.0,91.0,10.5,89.5,100.0,-99.0,sell_both,10000.0,9900.0,99.0,84.62529274004683,3.0,2.0193439528718233
KXOSCARNOMDIR-26-GCT,2026 Best Director Oscar nominations?,KXOSCARNOMDIR-26,,,2027-01-01T00:00:00Z,,427,10.0,87.0,13.0,90.0,11.5,88.5,100.0,-99.0,sell_both,10000.0,9900.0,99.0,84.62529274004683,3.0,1.368027777495764
KXOSCARNOMDIR-26-CZ,2026 Best Director Oscar nominations?,KXOSCARNOMDIR-26,,,2027-01-01T00:00:00Z,,427,88.0,9.0,91.0,12.0,89.5,10.5,100.0,-99.0,sell_both,10000.0,9900.0,99.0,84.62529274004683,3.0,1.8590992442578207
KXOSCARNOMDIR-26-BS,2026 Best Director Oscar nominations?,KXOSCARNOMDIR-26,,,2027-01-01T00:00:00Z,,427,5.0,93.0,7.0,95.0,6.0,94.0,100.0,-99.0,sell_both,10000.0,9900.0,99.0,84.62529274004683,2.0,2.072860342618383
KXOSCARNOMDIR-26-RC,2026 Best Director Oscar nominations?,KXOSCARNOMDIR-26,,,2027-01-01T00:00:00Z,,427,76.0,20.0,80.0,24.0,78.0,22.0,100.0,-99.0,sell_both,10000.0,9900.0,99.0,84.62529274004683,4.0,2.3103030104295845
KXOSCARNOMPIC-26-SOR,2026 Best Picture Oscar nominations?,KXOSCARNOMPIC-26,,,2026-12-31T15:00:00Z,,427,3.0,91.0,9.0,97.0,6.0,94.0,100.0,-99.0,sell_both,10000.0,9900.0,99.0,84.62529274004683,6.0,1.879029004565922
KXGAMEAWARDS-2025-COB,2025 Game of the Year?,KXGAMEAWARDS-2025,,,2026-12-31T15:00:00Z,,427,75.0,24.0,76.0,25.0,75.5,24.5,100.0,-99.0,sell_both,10000.0,9900.0,99.0,84.62529274004683,1.0,2.265060705588263
KXOSCARNOMPIC-26-SIN,2026 Best Picture Oscar nominations?,KXOSCARNOMPIC-26,,,2026-12-31T15:00:00Z,,427,91.0,6.0,94.0,9.0,92.5,7.5,100.0,-99.0,sell_both,10000.0,9900.0,99.0,84.62529274004683,3.0,1.7386776584519628
KXGAMEAWARDS-2025-SF,2025 Game of the Year?,KXGAMEAWARDS-2025,,,2026-12-31T15:00:00Z,,427,1.0,98.0,2.0,99.0,1.5,98.5,100.0,-99.0,sell_both,10000.0,9900.0,99.0,84.62529274004683,1.0,2.4621636826173843
KXOSCARNOMPIC-26-ZOO,2026 Best Picture Oscar nominations?,KXOSCARNOMPIC-26,,,2026-12-31T15:00:00Z,,427,1.0,97.0,3.0,99.0,2.0,98.0,100.0,-99.0,sell_both,10000.0,9900.0,99.0,84.62529274004683,2.0,2.311763396197803
KXOSCARNOMPIC-26-WIC,2026 Best Picture Oscar nominations?,KXOSCARNOMPIC-26,,,2026-12-31T15:00:00Z,,427,77.0,20.0,80.0,23.0,78.5,21.5,100.0,-99.0,sell_both,10000.0,9900.0,99.0,84.62529274004683,3.0,2.4370063602707317
KXOSCARNOMPIC-26-WAK,2026 Best Picture Oscar nominations?,KXOSCARNOMPIC-26,,,2026-12-31T15:00:00Z,,427,6.0,89.0,11.0,94.0,8.5,91.5,100.0,-99.0,sell_both,10000.0,9900.0,99.0,84.62529274004683,5.0,1.7057256520320025
KXOSCARNOMPIC-26-TRA,2026 Best Picture Oscar nominations?,KXOSCARNOMPIC-26,,,2026-12-31T15:00:00Z,,427,10.0,86.0,14.0,90.0,12.0,88.0,100.0,-99.0,sell_both,10000.0,9900.0,99.0,84.62529274004683,4.0,1.9826119136129492
KXOSCARNOMPIC-26-SMA,2026 Best Picture Oscar nominations?,KXOSCARNOMPIC-26,,,2026-12-31T15:00:00Z,,427,4.0,92.0,8.0,96.0,6.0,94.0,100.0,-99.0,sell_both,10000.0,9900.0,99.0,84.62529274004683,4.0,2.143303524935281
KXOSCARNOMPIC-26-SEN,2026 Best Picture Oscar nominations?,KXOSCARNOMPIC-26,,,2026-12-31T15:00:00Z,,427,81.0,15.0,85.0,19.0,83.0,17.0,100.0,-99.0,sell_both,10000.0,9900.0,99.0,84.62529274004683,4.0,2.5129663746258126
KXOSCARNOMPIC-26-ONE,2026 Best Picture Oscar nominations?,KXOSCARNOMPIC-26,,,2026-12-31T15:00:00Z,,427,96.0,2.0,98.0,4.0,97.0,3.0,100.0,-99.0,sell_both,10000.0,9900.0,99.0,84.62529274004683,2.0,2.4165574687972975
KXOSCARNOMPIC-26-MIC,2026 Best Picture Oscar nominations?,KXOSCARNOMPIC-26,,,2026-12-31T15:00:00Z,,427,1.0,96.0,4.0,99.0,2.5,97.5,100.0,-99.0,sell_both,10000.0,9900.0,99.0,84.62529274004683,3.0,1.970786644972002
KXOSCARNOMPIC-26-MAR,2026 Best Picture Oscar nominations?,KXOSCARNOMPIC-26,,,2026-12-31T15:00:00Z,,427,84.0,13.0,87.0,16.0,85.5,14.5,100.0,-99.0,sell_both,10000.0,9900.0,99.0,84.62529274004683,3.0,2.062643934371611
KXOSCARNOMPIC-26-LIF,2026 Best Picture Oscar nominations?,KXOSCARNOMPIC-26,,,2026-12-31T15:00:00Z,,427,7.0,89.0,11.0,93.0,9.0,91.0,100.0,-99.0,sell_both,10000.0,9900.0,99.0,84.62529274004683,4.0,2.307650320130847
KXOSCARNOMPIC-26-JAY,2026 Best Picture Oscar nominations?,KXOSCARNOMPIC-26,,,2026-12-31T15:00:00Z,,427,32.0,63.0,37.0,68.0,34.5,65.5,100.0,-99.0,sell_both,10000.0,9900.0,99.0,84.62529274004683,5.0,2.539537359441676
KXOSCARNOMPIC-26-HIG,2026 Best Picture Oscar nominations?,KXOSCARNOMPIC-26,,,2026-12-31T15:00:00Z,,427,1.0,97.0,3.0,99.0,2.0,98.0,100.0,-99.0,sell_both,10000.0,9900.0,99.0,84.62529274004683,2.0,2.103092960380021
KXOSCARNOMPIC-26-HAM,2026 Best Picture Oscar nominations?,KXOSCARNOMPIC-26,,,2026-12-31T15:00:00Z,,427,94.0,5.0,95.0,6.0,94.5,5.5,100.0,-99.0,sell_both,10000.0,9900.0,99.0,84.62529274004683,1.0,2.6017301935442885
KXOSCARNOMPIC-26-FRA,2026 Best Picture Oscar nominations?,KXOSCARNOMPIC-26,,,2026-12-31T15:00:00Z,,427,46.0,53.0,47.0,54.0,46.5,53.5,100.0,-99.0,sell_both,10000.0,9900.0,99.0,84.62529274004683,1.0,2.006987792688336
KXOSCARNOMPIC-26-F1,2026 Best Picture Oscar nominations?,KXOSCARNOMPIC-26,,,2026-12-31T15:00:00Z,,427,15.0,84.0,16.0,85.0,15.5,84.5,100.0,-99.0,sell_both,10000.0,9900.0,99.0,84.62529274004683,1.0,2.3770780382646253
KXOSCARNOMPIC-26-DIE,2026 Best Picture Oscar nominations?,KXOSCARNOMPIC-26,,,2026-12-31T15:00:00Z,,427,2.0,96.0,4.0,98.0,3.0,97.0,100.0,-99.0,sell_both,10000.0,9900.0,99.0,84.62529274004683,2.0,2.240089283934906
KXOSCARNOMPIC-26-DEL,2026 Best Picture Oscar nominations?,KXOSCARNOMPIC-26,,,2026-12-31T15:00:00Z,,427,18.0,81.0,19.0,82.0,18.5,81.5,100.0,-99.0,sell_both,10000.0,9900.0,99.0,84.62529274004683,1.0,2.395412281842105
KXOSCARNOMPIC-26-BUG,2026 Best Picture Oscar nominations?,KXOSCARNOMPIC-26,,,2026-12-31T15:00:00Z,,427,41.0,56.0,44.0,59.0,42.5,57.5,100.0,-99.0,sell_both,10000.0,9900.0,99.0,84.62529274004683,3.0,2.2196283472689746
KXOSCARNOMPIC-26-BAL,2026 Best Picture Oscar nominations?,KXOSCARNOMPIC-26,,,2026-12-31T15:00:00Z,,427,1.0,97.0,3.0,99.0,2.0,98.0,100.0,-99.0,sell_both,10000.0,9900.0,99.0,84.62529274004683,2.0,2.197043467935944
KXOSCARNOMPIC-26-AVA,2026 Best Picture Oscar nominations?,KXOSCARNOMPIC-26,,,2026-12-31T15:00:00Z,,427,61.0,35.0,65.0,39.0,63.0,37.0,100.0,-99.0,sell_both,10000.0,9900.0,99.0,84.62529274004683,4.0,2.226207537495101
KXOSCARNOMPIC-26-AFT,2026 Best Picture Oscar nominations?,KXOSCARNOMPIC-26,,,2026-12-31T15:00:00Z,,427,1.0,95.0,5.0,99.0,3.0,97.0,100.0,-99.0,sell_both,10000.0,9900.0,99.0,84.62529274004683,4.0,2.0663978319771825
KXDEPORTCOUNT-25-750,How many deportations in Trump's first year?,KXDEPORTCOUNT-25,,,2026-12-31T15:00:00Z,,427,13.0,79.0,21.0,87.0,17.0,83.0,100.0,-99.0,sell_both,10000.0,9900.0,99.0,84.62529274004683,8.0,2.3463801908471695
KXDEPORTCOUNT-25-2000,How many deportations in Trump's first year?,KXDEPORTCOUNT-25,,,2026-12-31T15:00:00Z,,427,4.0,93.0,7.0,96.0,5.5,94.5,100.0,-99.0,sell_both,10000.0,9900.0,99.0,84.62529274004683,3.0,2.276455578305889
KXDEPORTCOUNT-25-1000,How many deportations in Trump's first year?,KXDEPORTCOUNT-25,,,2026-12-31T15:00:00Z,,427,6.0,92.0,8.0,94.0,7.0,93.0,100.0,-99.0,sell_both,10000.0,9900.0,99.0,84.62529274004683,2.0,2.0700241544484452
KXDEPORTCOUNT-25-500,How many deportations in Trump's first year?,KXDEPORTCOUNT-25,,,2026-12-31T15:00:00Z,,427,52.0,43.0,57.0,48.0,54.5,45.5,100.0,-99.0,sell_both,10000.0,9900.0,99.0,84.62529274004683,5.0,1.7341424393630416
KXDEPORTCOUNT-25-250,How many deportations in Trump's first year?,KXDEPORTCOUNT-25,,,2026-12-31T15:00:00Z,,427,93.0,5.0,95.0,7.0,94.0,6.0,100.0,-99.0,sell_both,10000.0,9900.0,99.0,84.62529274004683,2.0,2.033224040778586
KXBTC2026200-27JAN01-200000,"Will Bitcoin be above $200000 by Jan 1, 2027 at 11:59PM ET?",KXBTC2026200-27JAN01,,,2027-01-01T05:00:00Z,,428,40.0,58.0,42.0,60.0,41.0,59.0,100.0,-99.0,sell_both,10000.0,9900.0,99.0,84.42757009345794,2.0,0.0
KXARREST-27JAN-GTHU,Will Greta Thunberg be arrested before Jan 2027?,KXARREST-27JAN,,,2027-01-01T04:59:00Z,,428,18.0,78.0,22.0,82.0,20.0,80.0,100.0,-99.0,sell_both,10000.0,9900.0,99.0,84.42757009345794,4.0,0.0
KXARREST-27JAN-BJOH,Will Brandon Johnson be arrested before Jan 2027?,KXARREST-27JAN,,,2027-01-01T04:59:00Z,,428,6.0,86.0,14.0,94.0,10.0,90.0,100.0,-99.0,sell_both,10000.0,9900.0,99.0,84.42757009345794,8.0,0.0
KXRATECUTCOUNT-26DEC31-T4,Will the Fed cut rates 4 times?,KXRATECUTCOUNT-26DEC31,,,2027-01-01T04:59:00Z,,428,7.0,17.0,83.0,93.0,45.0,55.0,100.0,-99.0,sell_both,10000.0,9900.0,99.0,84.42757009345794,76.0,0.0
KXRATECUTCOUNT-26DEC31-T2,Will the Fed cut rates 2 times?,KXRATECUTCOUNT-26DEC31,,,2027-01-01T04:59:00Z,,428,13.0,48.0,52.0,87.0,32.5,67.5,100.0,-99.0,sell_both,10000.0,9900.0,99.0,84.42757009345794,39.0,0.0
KXARREST-27JAN-JBID,Will Joe Biden be arrested before Jan 2027?,KXARREST-27JAN,,,2027-01-01T04:59:00Z,,428,4.0,94.0,6.0,96.0,5.0,95.0,100.0,-99.0,sell_both,10000.0,9900.0,99.0,84.42757009345794,2.0,0.015811388300841896
KXDUTCHCOALITION-27JAN01-VVD,Will VVD form the next government in the Netherlands?,KXDUTCHCOALITION-27JAN01,,,2027-01-01T15:00:00Z,,428,3.0,1.0,99.0,97.0,51.0,49.0,100.0,-99.0,sell_both,10000.0,9900.0,99.0,84.42757009345794,96.0,0.0
KXDUTCHCOALITION-27JAN01-PVV,Will PVV form the next government in the Netherlands?,KXDUTCHCOALITION-27JAN01,,,2027-01-01T15:00:00Z,,428,5.0,5.0,95.0,95.0,50.0,50.0,100.0,-99.0,sell_both,10000.0,9900.0,99.0,84.42757009345794,90.0,0.0
KXDUTCHCOALITION-27JAN01-JA21,Will JA21 form the next government in the Netherlands?,KXDUTCHCOALITION-27JAN01,,,2027-01-01T15:00:00Z,,428,3.0,1.0,99.0,97.0,51.0,49.0,100.0,-99.0,sell_both,10000.0,9900.0,99.0,84.42757009345794,96.0,0.0
KXDUTCHCOALITION-27JAN01-GLP,Will GL/PvdA form the next government in the Netherlands?,KXDUTCHCOALITION-27JAN01,,,2027-01-01T15:00:00Z,,428,5.0,9.0,91.0,95.0,48.0,52.0,100.0,-99.0,sell_both,10000.0,9900.0,99.0,84.42757009345794,86.0,0.0
KXDUTCHCOALITION-27JAN01-DENK,Will DENK form the next government in the Netherlands?,KXDUTCHCOALITION-27JAN01,,,2027-01-01T15:00:00Z,,428,1.0,1.0,99.0,99.0,50.0,50.0,100.0,-99.0,sell_both,10000.0,9900.0,99.0,84.42757009345794,98.0,0.0
KXDUTCHCOALITION-27JAN01-D66,Will D66 form the next government in the Netherlands?,KXDUTCHCOALITION-27JAN01,,,2027-01-01T15:00:00Z,,428,84.0,1.0,99.0,16.0,91.5,8.5,100.0,-99.0,sell_both,10000.0,9900.0,99.0,84.42757009345794,15.0,0.0
KXDUTCHCOALITION-27JAN01-CDA,Will CDA form the next government in the Netherlands?,KXDUTCHCOALITION-27JAN01,,,2027-01-01T15:00:00Z,,428,4.0,1.0,99.0,96.0,51.5,48.5,100.0,-99.0,sell_both,10000.0,9900.0,99.0,84.42757009345794,95.0,0.0
KXARREST-27JAN-THOM,Will Tom Homan be arrested before Jan 2027?,KXARREST-27JAN,,,2027-01-01T04:59:00Z,,428,5.0,87.0,13.0,95.0,9.0,91.0,100.0,-99.0,sell_both,10000.0,9900.0,99.0,84.42757009345794,8.0,0.0
KXARREST-27JAN-LJAM,Will Letitia James be arrested before Jan 2027?,KXARREST-27JAN,,,2027-01-01T04:59:00Z,,428,27.0,66.0,34.0,73.0,30.5,69.5,100.0,-99.0,sell_both,10000.0,9900.0,99.0,84.42757009345794,7.0,0.0
KXDOGEMAX1-27-JAN01-0.99999999,When will Dogecoin hit $1?,KXDOGEMAX1,,,2027-01-01T15:00:00Z,,428,19.0,79.0,21.0,81.0,20.0,80.0,100.0,-99.0,sell_both,10000.0,9900.0,99.0,84.42757009345794,2.0,0.0
KXARREST-27JAN-MKHA,Will Mahmoud Khalil be arrested before Jan 2027?,KXARREST-27JAN,,,2027-01-01T04:59:00Z,,428,44.0,47.0,53.0,56.0,48.5,51.5,100.0,-99.0,sell_both,10000.0,9900.0,99.0,84.42757009345794,9.0,0.0
KXARREST-27JAN-LCOO,Will Lisa Cook be arrested before Jan 2027?,KXARREST-27JAN,,,2027-01-01T04:59:00Z,,428,19.0,76.0,24.0,81.0,21.5,78.5,100.0,-99.0,sell_both,10000.0,9900.0,99.0,84.42757009345794,5.0,0.0
KXFDVMEGAETH-27JAN01-8000000000,"Will MegaETH FDV be above $8000000000 at 10:00 AM ET on Jan 1, 2027?",KXFDVMEGAETH-27JAN01,,,2027-01-01T14:59:00Z,,428,2.0,92.0,8.0,98.0,5.0,95.0,100.0,-99.0,sell_both,10000.0,9900.0,99.0,84.42757009345794,6.0,0.0
KXFDVMEGAETH-27JAN01-5000000000,"Will MegaETH FDV be above $5000000000 at 10:00 AM ET on Jan 1, 2027?",KXFDVMEGAETH-27JAN01,,,2027-01-01T14:59:00Z,,428,19.0,76.0,24.0,81.0,21.5,78.5,100.0,-99.0,sell_both,10000.0,9900.0,99.0,84.42757009345794,5.0,0.0
KXFDVMEGAETH-27JAN01-2000000000,"Will MegaETH FDV be above $2000000000 at 10:00 AM ET on Jan 1, 2027?",KXFDVMEGAETH-27JAN01,,,2027-01-01T14:59:00Z,,428,82.0,12.0,88.0,18.0,85.0,15.0,100.0,-99.0,sell_both,10000.0,9900.0,99.0,84.42757009345794,6.0,0.0
KXFDVMEGAETH-27JAN01-1000000000,"Will MegaETH FDV be above $1000000000 at 10:00 AM ET on Jan 1, 2027?",KXFDVMEGAETH-27JAN01,,,2027-01-01T14:59:00Z,,428,90.0,5.0,95.0,10.0,92.5,7.5,100.0,-99.0,sell_both,10000.0,9900.0,99.0,84.42757009345794,5.0,0.0
KXARREST-27JAN-NMAD,Will Nicolás Maduro be arrested before Jan 2027?,KXARREST-27JAN,,,2027-01-01T04:59:00Z,,428,22.0,74.0,26.0,78.0,24.0,76.0,100.0,-99.0,sell_both,10000.0,9900.0,99.0,84.42757009345794,4.0,0.0
KXARREST-27JAN-LJUN,Will Lee Jun-seok be arrested before Jan 2027?,KXARREST-27JAN,,,2027-01-01T04:59:00Z,,428,45.0,51.0,49.0,55.0,47.0,53.0,100.0,-99.0,sell_both,10000.0,9900.0,99.0,84.42757009345794,4.0,0.0
KXARREST-27JAN-HAN,Will Han Duck-soo be arrested before Jan 2027?,KXARREST-27JAN,,,2027-01-01T04:59:00Z,,428,44.0,46.0,54.0,56.0,49.0,51.0,100.0,-99.0,sell_both,10000.0,9900.0,99.0,84.42757009345794,10.0,0.0
KXARREST-27JAN-GNEW,Will Gavin Newsom be arrested before Jan 2027?,KXARREST-27JAN,,,2027-01-01T04:59:00Z,,428,6.0,91.0,9.0,94.0,7.5,92.5,100.0,-99.0,sell_both,10000.0,9900.0,99.0,84.42757009345794,3.0,0.0
KXARREST-27JAN-BCLIN,Will Bill Clinton be arrested before Jan 2027?,KXARREST-27JAN,,,2027-01-01T04:59:00Z,,428,6.0,89.0,11.0,94.0,8.5,91.5,100.0,-99.0,sell_both,10000.0,9900.0,99.0,84.42757009345794,5.0,0.0
KXARREST-27JAN-ASCH,Will Adam Schiff be arrested before Jan 2027?,KXARREST-27JAN,,,2027-01-01T04:59:00Z,,428,35.0,62.0,38.0,65.0,36.5,63.5,100.0,-99.0,sell_both,10000.0,9900.0,99.0,84.42757009345794,3.0,0.0
KXARREST-27JAN-AFAU,Will Anthony Fauci be arrested before Jan 2027?,KXARREST-27JAN,,,2027-01-01T04:59:00Z,,428,13.0,81.0,19.0,87.0,16.0,84.0,100.0,-99.0,sell_both,10000.0,9900.0,99.0,84.42757009345794,6.0,0.0
KXIPODISCORD-27JAN01,When will Discord IPO?,KXIPODISCORD,,,2027-01-01T04:59:00Z,,428,71.0,19.0,81.0,29.0,76.0,24.0,100.0,-99.0,sell_both,10000.0,9900.0,99.0,84.42757009345794,10.0,0.0
KXIPOOPENAI-27JAN01,When will OpenAI IPO?,KXIPOOPENAI,,,2027-01-01T04:59:00Z,,428,15.0,7.0,93.0,85.0,54.0,46.0,100.0,-99.0,sell_both,10000.0,9900.0,99.0,84.42757009345794,78.0,0.0
KXARREST-27JAN-SRIC,Will Susan Rice be arrested before Jan 2027?,KXARREST-27JAN,,,2027-01-01T04:59:00Z,,428,7.0,87.0,13.0,93.0,10.0,90.0,100.0,-99.0,sell_both,10000.0,9900.0,99.0,84.42757009345794,6.0,0.0
KXARREST-27JAN-LLYN,Will Loretta Lynch be arrested before Jan 2027?,KXARREST-27JAN,,,2027-01-01T04:59:00Z,,428,8.0,86.0,14.0,92.0,11.0,89.0,100.0,-99.0,sell_both,10000.0,9900.0,99.0,84.42757009345794,6.0,0.0
KXARREST-27JAN-JKER,Will John Kerry be arrested before Jan 2027?,KXARREST-27JAN,,,2027-01-01T04:59:00Z,,428,7.0,91.0,9.0,93.0,8.0,92.0,100.0,-99.0,sell_both,10000.0,9900.0,99.0,84.42757009345794,2.0,0.0
KXARREST-27JAN-JCOM,Will James Comey be arrested before Jan 2027?,KXARREST-27JAN,,,2027-01-01T04:59:00Z,,428,27.0,66.0,34.0,73.0,30.5,69.5,100.0,-99.0,sell_both,10000.0,9900.0,99.0,84.42757009345794,7.0,0.30983866769659335
KXARREST-27JAN-JCLA,Will James Clapper be arrested before Jan 2027?,KXARREST-27JAN,,,2027-01-01T04:59:00Z,,428,45.0,50.0,50.0,55.0,47.5,52.5,100.0,-99.0,sell_both,10000.0,9900.0,99.0,84.42757009345794,5.0,0.0
KXARREST-27JAN-JBRE,Will John Brennan be arrested before Jan 2027?,KXARREST-27JAN,,,2027-01-01T04:59:00Z,,428,55.0,41.0,59.0,45.0,57.0,43.0,100.0,-99.0,sell_both,10000.0,9900.0,99.0,84.42757009345794,4.0,0.0
KXARREST-27JAN-HCLIN,Will Hillary Clinton be arrested before Jan 2027?,KXARREST-27JAN,,,2027-01-01T04:59:00Z,,428,18.0,77.0,23.0,82.0,20.5,79.5,100.0,-99.0,sell_both,10000.0,9900.0,99.0,84.42757009345794,5.0,0.0
KXARREST-27JAN-BOM,Will Barack Obama be arrested before Jan 2027?,KXARREST-27JAN,,,2027-01-01T04:59:00Z,,428,13.0,85.0,15.0,87.0,14.0,86.0,100.0,-99.0,sell_both,10000.0,9900.0,99.0,84.42757009345794,2.0,0.0
KXMJSCHEDULE-27,When will marijuana be rescheduled?,KXMJSCHEDULE,,,2027-01-01T04:59:00Z,,428,58.0,37.0,63.0,42.0,60.5,39.5,100.0,-99.0,sell_both,10000.0,9900.0,99.0,84.42757009345794,5.0,2.1168372634664196
KXFTCNEXT-27-TSLA,Who will the FTC go after next?,KXFTCNEXT-27,,,2027-01-01T15:00:00Z,,428,67.0,99.0,1.0,33.0,34.0,66.0,100.0,-99.0,sell_both,10000.0,9900.0,99.0,84.42757009345794,-66.0,3307.1541819793138
KXEXPELL-27,Will any member of Congress be expelled before 2027?,KXEXPELL-27,,,2027-01-01T15:00:00Z,,428,78.0,21.0,79.0,22.0,78.5,21.5,100.0,-99.0,sell_both,10000.0,9900.0,99.0,84.42757009345794,1.0,1.5818501825394211
KXLUCASFILM-27-JFAV,Will Jon Favreau be the next President of Lucasfilm?,KXLUCASFILM-27,,,2027-01-01T15:00:00Z,,428,27.0,72.0,28.0,73.0,27.5,72.5,100.0,-99.0,sell_both,10000.0,9900.0,99.0,84.42757009345794,1.0,1.3601470508735443
KXABRAHAMSA-27-JAN01,"Will Israel and Saudi Arabia normalize relations before Jan 1, 2027?",KXABRAHAMSA-27,,,2027-01-01T15:00:00Z,,428,38.0,56.0,44.0,62.0,41.0,59.0,100.0,-99.0,sell_both,10000.0,9900.0,99.0,84.42757009345794,6.0,2.0176099722196064
KXATF-26DEC31-RL,"Will Regina Lombardo be confirmed as ATF Director by Dec 31, 2026?",KXATF-26DEC31,,,2027-01-01T04:59:00Z,,428,23.0,75.0,25.0,77.0,24.0,76.0,100.0,-99.0,sell_both,10000.0,9900.0,99.0,84.42757009345794,2.0,1.7793257149830664
KXNFLCOTY-26-ZTAY,Who will win Coach of the Year?,KXNFLCOTY-26,,,2027-01-04T15:00:00Z,,431,1.0,97.0,3.0,99.0,2.0,98.0,100.0,-99.0,sell_both,10000.0,9900.0,99.0,83.83990719257541,2.0,2.145693361130616
KXNFLCOTY-26-SSTE,Who will win Coach of the Year?,KXNFLCOTY-26,,,2027-01-04T15:00:00Z,,431,45.0,51.0,49.0,55.0,47.0,53.0,100.0,-99.0,sell_both,10000.0,9900.0,99.0,83.83990719257541,4.0,2.360455464523743
KXNFLCOTY-26-SMCV,Who will win Coach of the Year?,KXNFLCOTY-26,,,2027-01-04T15:00:00Z,,431,1.0,95.0,5.0,99.0,3.0,97.0,100.0,-99.0,sell_both,10000.0,9900.0,99.0,83.83990719257541,4.0,2.1337174133422634
KXNFLCOTY-26-MLAF,Who will win Coach of the Year?,KXNFLCOTY-26,,,2027-01-04T15:00:00Z,,431,3.0,95.0,5.0,97.0,4.0,96.0,100.0,-99.0,sell_both,10000.0,9900.0,99.0,83.83990719257541,2.0,1.9208721977268555
KXNFLCOTY-26-DCAM,Who will win Coach of the Year?,KXNFLCOTY-26,,,2027-01-04T15:00:00Z,,431,2.0,92.0,8.0,98.0,5.0,95.0,100.0,-99.0,sell_both,10000.0,9900.0,99.0,83.83990719257541,6.0,1.4830711378757258
KXNFLCOTY-26-BSCH,Who will win Coach of the Year?,KXNFLCOTY-26,,,2027-01-04T15:00:00Z,,431,1.0,97.0,3.0,99.0,2.0,98.0,100.0,-99.0,sell_both,10000.0,9900.0,99.0,83.83990719257541,2.0,1.9885296075241123
KXNFLCOTY-26-MVRA,Who will win Coach of the Year?,KXNFLCOTY-26,,,2027-01-04T15:00:00Z,,431,18.0,76.0,24.0,82.0,21.0,79.0,100.0,-99.0,sell_both,10000.0,9900.0,99.0,83.83990719257541,6.0,1.8152134860671347
KXNFLCOTY-26-MMAC,Who will win Coach of the Year?,KXNFLCOTY-26,,,2027-01-04T15:00:00Z,,431,3.0,94.0,6.0,97.0,4.5,95.5,100.0,-99.0,sell_both,10000.0,9900.0,99.0,83.83990719257541,3.0,2.345900679909531
KXNFLCOTY-26-LCOE,Who will win Coach of the Year?,KXNFLCOTY-26,,,2027-01-04T15:00:00Z,,431,2.0,94.0,6.0,98.0,4.0,96.0,100.0,-99.0,sell_both,10000.0,9900.0,99.0,83.83990719257541,4.0,1.9034836484719273
KXNFLCOTY-26-KSHA,Who will win Coach of the Year?,KXNFLCOTY-26,,,2027-01-04T15:00:00Z,,431,5.0,93.0,7.0,95.0,6.0,94.0,100.0,-99.0,sell_both,10000.0,9900.0,99.0,83.83990719257541,2.0,2.15934017699852
KXNFLCOTY-26-BJOH,Who will win Coach of the Year?,KXNFLCOTY-26,,,2027-01-04T15:00:00Z,,431,2.0,95.0,5.0,98.0,3.5,96.5,100.0,-99.0,sell_both,10000.0,9900.0,99.0,83.83990719257541,3.0,1.8894443627691184
KXNFLCPOTY-26-SDIG,Who will win Comeback Player of the Year?,KXNFLCPOTY-26,,,2027-01-04T15:00:00Z,,431,2.0,90.0,10.0,98.0,6.0,94.0,100.0,-99.0,sell_both,10000.0,9900.0,99.0,83.83990719257541,8.0,2.118076957997513
KXNFLCPOTY-26-DJON,Who will win Comeback Player of the Year?,KXNFLCPOTY-26,,,2027-01-04T15:00:00Z,,431,10.0,83.0,17.0,90.0,13.5,86.5,100.0,-99.0,sell_both,10000.0,9900.0,99.0,83.83990719257541,7.0,2.08236644229588
KXNFLCPOTY-26-JMCC,Who will win Comeback Player of the Year?,KXNFLCPOTY-26,,,2027-01-04T15:00:00Z,,431,2.0,95.0,5.0,98.0,3.5,96.5,100.0,-99.0,sell_both,10000.0,9900.0,99.0,83.83990719257541,3.0,1.8694919095839917
KXNFLCPOTY-26-DPRE,Who will win Comeback Player of the Year?,KXNFLCPOTY-26,,,2027-01-04T15:00:00Z,,431,39.0,56.0,44.0,61.0,41.5,58.5,100.0,-99.0,sell_both,10000.0,9900.0,99.0,83.83990719257541,5.0,2.0847062143141417
KXNFLCPOTY-26-CMCC,Who will win Comeback Player of the Year?,KXNFLCPOTY-26,,,2027-01-04T15:00:00Z,,431,18.0,74.0,26.0,82.0,22.0,78.0,100.0,-99.0,sell_both,10000.0,9900.0,99.0,83.83990719257541,8.0,2.2110517859154726
KXNFLCPOTY-26-AHUT,Who will win Comeback Player of the Year?,KXNFLCPOTY-26,,,2027-01-04T15:00:00Z,,431,12.0,82.0,18.0,88.0,15.0,85.0,100.0,-99.0,sell_both,10000.0,9900.0,99.0,83.83990719257541,6.0,1.9669138262770944
KXNFLDPOTY-26-BBUR,Who will win Defensive Player Of The Year?,KXNFLDPOTY-26,,,2027-01-04T15:00:00Z,,431,1.0,94.0,6.0,99.0,3.5,96.5,100.0,-99.0,sell_both,10000.0,9900.0,99.0,83.83990719257541,5.0,1.7174836243760812
KXNFLDPOTY-26-NBON,Who will win Defensive Player Of The Year?,KXNFLDPOTY-26,,,2027-01-04T15:00:00Z,,431,11.0,85.0,15.0,89.0,13.0,87.0,100.0,-99.0,sell_both,10000.0,9900.0,99.0,83.83990719257541,4.0,1.8782971010998233
KXNFLDPOTY-26-WAND,Who will win Defensive Player Of The Year?,KXNFLDPOTY-26,,,2027-01-04T15:00:00Z,,431,6.0,91.0,9.0,94.0,7.5,92.5,100.0,-99.0,sell_both,10000.0,9900.0,99.0,83.83990719257541,3.0,1.984124492061927
KXNFLDPOTY-26-TWAT,Who will win Defensive Player Of The Year?,KXNFLDPOTY-26,,,2027-01-04T15:00:00Z,,431,1.0,98.0,2.0,99.0,1.5,98.5,100.0,-99.0,sell_both,10000.0,9900.0,99.0,83.83990719257541,1.0,2.289978165834775
KXNFLDPOTY-26-MGAR,Who will win Defensive Player Of The Year?,KXNFLDPOTY-26,,,2027-01-04T15:00:00Z,,431,20.0,75.0,25.0,80.0,22.5,77.5,100.0,-99.0,sell_both,10000.0,9900.0,99.0,83.83990719257541,5.0,2.2249719099350447
KXNFLDPOTY-26-JVER,Who will win Defensive Player Of The Year?,KXNFLDPOTY-26,,,2027-01-04T15:00:00Z,,431,4.0,91.0,9.0,96.0,6.5,93.5,100.0,-99.0,sell_both,10000.0,9900.0,99.0,83.83990719257541,5.0,1.858224959470731
KXNFLDPOTY-26-AHUT,Who will win Defensive Player Of The Year?,KXNFLDPOTY-26,,,2027-01-04T15:00:00Z,,431,19.0,77.0,23.0,81.0,21.0,79.0,100.0,-99.0,sell_both,10000.0,9900.0,99.0,83.83990719257541,4.0,1.9282116066448725
KXNFLDPOTY-26-MPAR,Who will win Defensive Player Of The Year?,KXNFLDPOTY-26,,,2027-01-04T15:00:00Z,,431,30.0,64.0,36.0,70.0,33.0,67.0,100.0,-99.0,sell_both,10000.0,9900.0,99.0,83.83990719257541,6.0,1.9519221295943134
KXNFLDROTY-26-NEMM,Who will win Defensive Rookie of the Year?,KXNFLDROTY-26,,,2027-01-04T15:00:00Z,,431,12.0,83.0,17.0,88.0,14.5,85.5,100.0,-99.0,sell_both,10000.0,9900.0,99.0,83.83990719257541,5.0,2.1024390597589266
KXNFLDROTY-26-CSCH,Who will win Defensive Rookie of the Year?,KXNFLDROTY-26,,,2027-01-04T15:00:00Z,,431,1.0,97.0,3.0,99.0,2.0,98.0,100.0,-99.0,sell_both,10000.0,9900.0,99.0,83.83990719257541,2.0,2.160092590608097
KXNFLDROTY-26-AMUK,Who will win Defensive Rookie of the Year?,KXNFLDROTY-26,,,2027-01-04T15:00:00Z,,431,2.0,91.0,9.0,98.0,5.5,94.5,100.0,-99.0,sell_both,10000.0,9900.0,99.0,83.83990719257541,7.0,2.2804056656656506
KXNFLDROTY-26-WJOH,Who will win Defensive Rookie of the Year?,KXNFLDROTY-26,,,2027-01-04T15:00:00Z,,431,2.0,94.0,6.0,98.0,4.0,96.0,100.0,-99.0,sell_both,10000.0,9900.0,99.0,83.83990719257541,4.0,1.6835230916147244
KXNFLDROTY-26-JCAM,Who will win Defensive Rookie of the Year?,KXNFLDROTY-26,,,2027-01-04T15:00:00Z,,431,24.0,71.0,29.0,76.0,26.5,73.5,100.0,-99.0,sell_both,10000.0,9900.0,99.0,83.83990719257541,5.0,2.0868037761131255
KXNFLDROTY-26-JBAR,Who will win Defensive Rookie of the Year?,KXNFLDROTY-26,,,2027-01-04T15:00:00Z,,431,2.0,97.0,3.0,98.0,2.5,97.5,100.0,-99.0,sell_both,10000.0,9900.0,99.0,83.83990719257541,1.0,2.127557284775195
KXNFLDROTY-26-DEZE,Who will win Defensive Rookie of the Year?,KXNFLDROTY-26,,,2027-01-04T15:00:00Z,,431,2.0,94.0,6.0,98.0,4.0,96.0,100.0,-99.0,sell_both,10000.0,9900.0,99.0,83.83990719257541,4.0,2.1541819793137256
KXNFLDROTY-26-ACAR,Who will win Defensive Rookie of the Year?,KXNFLDROTY-26,,,2027-01-04T15:00:00Z,,431,36.0,60.0,40.0,64.0,38.0,62.0,100.0,-99.0,sell_both,10000.0,9900.0,99.0,83.83990719257541,4.0,1.6489390528457988
KXNFLOPOTY-26-JSMI,Who will win Offensive Player of the Year?,KXNFLOPOTY-26,,,2027-01-04T15:00:00Z,,431,15.0,84.0,16.0,85.0,15.5,84.5,100.0,-99.0,sell_both,10000.0,9900.0,99.0,83.83990719257541,1.0,2.5529394822439486
KXNFLOPOTY-26-JCOO,Who will win Offensive Player of the Year?,KXNFLOPOTY-26,,,2027-01-04T15:00:00Z,,431,1.0,97.0,3.0,99.0,2.0,98.0,100.0,-99.0,sell_both,10000.0,9900.0,99.0,83.83990719257541,2.0,1.739180841660809
KXNFLOPOTY-26-PNAC,Who will win Offensive Player of the Year?,KXNFLOPOTY-26,,,2027-01-04T15:00:00Z,,431,5.0,93.0,7.0,95.0,6.0,94.0,100.0,-99.0,sell_both,10000.0,9900.0,99.0,83.83990719257541,2.0,1.7884350701101788
KXNFLOPOTY-26-JTAY,Who will win Offensive Player of the Year?,KXNFLOPOTY-26,,,2027-01-04T15:00:00Z,,431,63.0,31.0,69.0,37.0,66.0,34.0,100.0,-99.0,sell_both,10000.0,9900.0,99.0,83.83990719257541,6.0,1.6820374549931996
KXNFLOPOTY-26-CMCC,Who will win Offensive Player of the Year?,KXNFLOPOTY-26,,,2027-01-04T15:00:00Z,,431,5.0,92.0,8.0,95.0,6.5,93.5,100.0,-99.0,sell_both,10000.0,9900.0,99.0,83.83990719257541,3.0,2.29128784747792
KXNFLOPOTY-26-BROB,Who will win Offensive Player of the Year?,KXNFLOPOTY-26,,,2027-01-04T15:00:00Z,,431,4.0,95.0,5.0,96.0,4.5,95.5,100.0,-99.0,sell_both,10000.0,9900.0,99.0,83.83990719257541,1.0,2.404734912625506
KXNFLOPOTY-26-JCHA,Who will win Offensive Player of the Year?,KXNFLOPOTY-26,,,2027-01-04T15:00:00Z,,431,3.0,94.0,6.0,97.0,4.5,95.5,100.0,-99.0,sell_both,10000.0,9900.0,99.0,83.83990719257541,3.0,2.3748684174075834
KXNFLOROTY-26-EEGB,Who will win Offensive Rookie of the Year?,KXNFLOROTY-26,,,2027-01-04T15:00:00Z,,431,31.0,66.0,34.0,69.0,32.5,67.5,100.0,-99.0,sell_both,10000.0,9900.0,99.0,83.83990719257541,3.0,2.4359802954868086
KXNFLOROTY-26-JDAR,Who will win Offensive Rookie of the Year?,KXNFLOROTY-26,,,2027-01-04T15:00:00Z,,431,42.0,56.0,44.0,58.0,43.0,57.0,100.0,-99.0,sell_both,10000.0,9900.0,99.0,83.83990719257541,2.0,1.5049086351004834
KXNFLOROTY-26-AJEA,Who will win Offensive Rookie of the Year?,KXNFLOROTY-26,,,2027-01-04T15:00:00Z,,431,3.0,96.0,4.0,97.0,3.5,96.5,100.0,-99.0,sell_both,10000.0,9900.0,99.0,83.83990719257541,1.0,2.0556629101095343
KXNFLMVP-26-DJON,Who will win MVP?,KXNFLMVP-26,,,2027-01-05T15:00:00Z,,432,2.0,97.0,3.0,98.0,2.5,97.5,100.0,-99.0,sell_both,10000.0,9900.0,99.0,83.64583333333334,1.0,0.0
KXNFLMVP-26-JTAY,Who will win MVP?,KXNFLMVP-26,,,2027-01-05T15:00:00Z,,432,7.0,92.0,8.0,93.0,7.5,92.5,100.0,-99.0,sell_both,10000.0,9900.0,99.0,83.64583333333334,1.0,2.190776118182778
KXNFLMVP-26-SDAR,Who will win MVP?,KXNFLMVP-26,,,2027-01-05T15:00:00Z,,432,1.0,98.0,2.0,99.0,1.5,98.5,100.0,-99.0,sell_both,10000.0,9900.0,99.0,83.64583333333334,1.0,1.9223033059327552
KXNFLMVP-26-DMAY,Who will win MVP?,KXNFLMVP-26,,,2027-01-05T15:00:00Z,,432,18.0,81.0,19.0,82.0,18.5,81.5,100.0,-99.0,sell_both,10000.0,9900.0,99.0,83.64583333333334,1.0,2.2525541058984575
KXNFLMVP-26-PMAH,Who will win MVP?,KXNFLMVP-26,,,2027-01-05T15:00:00Z,,432,34.0,65.0,35.0,66.0,34.5,65.5,100.0,-99.0,sell_both,10000.0,9900.0,99.0,83.64583333333334,1.0,3.884874515347954
KXNFLMVP-26-MSTA,Who will win MVP?,KXNFLMVP-26,,,2027-01-05T15:00:00Z,,432,5.0,94.0,6.0,95.0,5.5,94.5,100.0,-99.0,sell_both,10000.0,9900.0,99.0,83.64583333333334,1.0,2.0333469944896274
KXNFLMVP-26-JLOV,Who will win MVP?,KXNFLMVP-26,,,2027-01-05T15:00:00Z,,432,6.0,91.0,9.0,94.0,7.5,92.5,100.0,-99.0,sell_both,10000.0,9900.0,99.0,83.64583333333334,3.0,2.4699190270128293
KXNFLMVP-26-JHUR,Who will win MVP?,KXNFLMVP-26,,,2027-01-05T15:00:00Z,,432,4.0,95.0,5.0,96.0,4.5,95.5,100.0,-99.0,sell_both,10000.0,9900.0,99.0,83.64583333333334,1.0,2.178990591994376
KXNFLMVP-26-JHER,Who will win MVP?,KXNFLMVP-26,,,2027-01-05T15:00:00Z,,432,2.0,97.0,3.0,98.0,2.5,97.5,100.0,-99.0,sell_both,10000.0,9900.0,99.0,83.64583333333334,1.0,3.7548302225267123
KXNFLMVP-26-JGOF,Who will win MVP?,KXNFLMVP-26,,,2027-01-05T15:00:00Z,,432,2.0,97.0,3.0,98.0,2.5,97.5,100.0,-99.0,sell_both,10000.0,9900.0,99.0,83.64583333333334,1.0,2.454434761813807
KXNFLMVP-26-DPRE,Who will win MVP?,KXNFLMVP-26,,,2027-01-05T15:00:00Z,,432,2.0,97.0,3.0,98.0,2.5,97.5,100.0,-99.0,sell_both,10000.0,9900.0,99.0,83.64583333333334,1.0,5.0
KXNFLMVP-26-BMAY,Who will win MVP?,KXNFLMVP-26,,,2027-01-05T15:00:00Z,,432,2.0,96.0,4.0,98.0,3.0,97.0,100.0,-99.0,sell_both,10000.0,9900.0,99.0,83.64583333333334,2.0,2.4278076530071324
KXNFLMVP-26-LJAC,Who will win MVP?,KXNFLMVP-26,,,2027-01-05T15:00:00Z,,432,2.0,97.0,3.0,98.0,2.5,97.5,100.0,-99.0,sell_both,10000.0,9900.0,99.0,83.64583333333334,1.0,1.9992498593222408
KXNFLMVP-26-JALL,Who will win MVP?,KXNFLMVP-26,,,2027-01-05T15:00:00Z,,432,18.0,81.0,19.0,82.0,18.5,81.5,100.0,-99.0,sell_both,10000.0,9900.0,99.0,83.64583333333334,1.0,2.037707044695091
KXGGMCOMFILM-26-ONE,Will One Battle After Another win a Golden Globe for Best Motion Picture - Musical or Comedy?,KXGGMCOMFILM-26,,,2027-01-11T15:00:00Z,,438,20.0,45.0,55.0,80.0,37.5,62.5,100.0,-99.0,sell_both,10000.0,9900.0,99.0,82.5,35.0,0.0
KXGGAFILM-26-ZOO,Will Zootopia 2 win a Golden Globe for Best Motion Picture - Animated?,KXGGAFILM-26,,,2027-01-11T15:00:00Z,,438,4.0,91.0,9.0,96.0,6.5,93.5,100.0,-99.0,sell_both,10000.0,9900.0,99.0,82.5,5.0,0.044721359549995794
KXGGAFILM-26-SCA,Will Scarlet win a Golden Globe for Best Motion Picture - Animated?,KXGGAFILM-26,,,2027-01-11T15:00:00Z,,438,4.0,93.0,7.0,96.0,5.5,94.5,100.0,-99.0,sell_both,10000.0,9900.0,99.0,82.5,3.0,0.03162277660168379
KXGGAFILM-26-KPO,Will KPop Demon Hunters win a Golden Globe for Best Motion Picture - Animated?,KXGGAFILM-26,,,2027-01-11T15:00:00Z,,438,46.0,42.0,58.0,54.0,52.0,48.0,100.0,-99.0,sell_both,10000.0,9900.0,99.0,82.5,12.0,0.05
KXGGAFILM-26-ELI,Will Elio win a Golden Globe for Best Motion Picture - Animated?,KXGGAFILM-26,,,2027-01-11T15:00:00Z,,438,1.0,93.0,7.0,99.0,4.0,96.0,100.0,-99.0,sell_both,10000.0,9900.0,99.0,82.5,6.0,0.0
KXGGAFILM-26-DEM,Will Demon Slayer: Kimetsu No Yaiba win a Golden Globe for Best Motion Picture - Animated?,KXGGAFILM-26,,,2027-01-11T15:00:00Z,,438,10.0,82.0,18.0,90.0,14.0,86.0,100.0,-99.0,sell_both,10000.0,9900.0,99.0,82.5,8.0,0.07416198487095663
KXGGAFILM-26-ARC,Will Arco win a Golden Globe for Best Motion Picture - Animated?,KXGGAFILM-26,,,2027-01-11T15:00:00Z,,438,12.0,77.0,23.0,88.0,17.5,82.5,100.0,-99.0,sell_both,10000.0,9900.0,99.0,82.5,11.0,0.015811388300841896
KXGGDIR-26-RYA,Will Ryan Coogler win a Golden Globe for Best Director?,KXGGDIR-26,,,2027-01-11T15:00:00Z,,438,4.0,2.0,98.0,96.0,51.0,49.0,100.0,-99.0,sell_both,10000.0,9900.0,99.0,82.5,94.0,0.0
KXGGDIR-26-JON,Will Jon M. Chu win a Golden Globe for Best Director?,KXGGDIR-26,,,2027-01-11T15:00:00Z,,438,4.0,92.0,8.0,96.0,6.0,94.0,100.0,-99.0,sell_both,10000.0,9900.0,99.0,82.5,4.0,0.0
KXGGDIR-26-JOA,Will Joachim Trier win a Golden Globe for Best Director?,KXGGDIR-26,,,2027-01-11T15:00:00Z,,438,7.0,58.0,42.0,93.0,24.5,75.5,100.0,-99.0,sell_both,10000.0,9900.0,99.0,82.5,35.0,0.04183300132670378
KXGGFILMSUPACTO-26-TIE,Will Tie win a Golden Globe for Best Supporting Actor in a Motion Picture?,KXGGFILMSUPACTO-26,,,2027-01-11T15:00:00Z,,438,4.0,12.0,88.0,96.0,46.0,54.0,100.0,-99.0,sell_both,10000.0,9900.0,99.0,82.5,84.0,0.022360679774997897
KXGGFILMSUPACTO-26-PAU,Will Paul Mescal win a Golden Globe for Best Supporting Actor in a Motion Picture?,KXGGFILMSUPACTO-26,,,2027-01-11T15:00:00Z,,438,6.0,91.0,9.0,94.0,7.5,92.5,100.0,-99.0,sell_both,10000.0,9900.0,99.0,82.5,3.0,0.0
KXGGFILMSUPACTO-26-JON,Will Jonathan Bailey win a Golden Globe for Best Supporting Actor in a Motion Picture?,KXGGFILMSUPACTO-26,,,2027-01-11T15:00:00Z,,438,4.0,92.0,8.0,96.0,6.0,94.0,100.0,-99.0,sell_both,10000.0,9900.0,99.0,82.5,4.0,0.027386127875258306
KXGGFILMSUPACTO-26-DEL,Will Delroy Lindo win a Golden Globe for Best Supporting Actor in a Motion Picture?,KXGGFILMSUPACTO-26,,,2027-01-11T15:00:00Z,,438,4.0,4.0,96.0,96.0,50.0,50.0,100.0,-99.0,sell_both,10000.0,9900.0,99.0,82.5,92.0,0.0
KXGGFILMSUPACTR-26-WUN,Will Wunmi Mosaku win a Golden Globe for Best Supporting Actress in a Motion Picture?,KXGGFILMSUPACTR-26,,,2027-01-11T15:00:00Z,,438,1.0,94.0,6.0,99.0,3.5,96.5,100.0,-99.0,sell_both,10000.0,9900.0,99.0,82.5,5.0,0.044721359549995794
KXGGFILMSUPACTR-26-TEY,Will Teyana Taylor win a Golden Globe for Best Supporting Actress in a Motion Picture?,KXGGFILMSUPACTR-26,,,2027-01-11T15:00:00Z,,438,13.0,76.0,24.0,87.0,18.5,81.5,100.0,-99.0,sell_both,10000.0,9900.0,99.0,82.5,11.0,0.03162277660168379
KXGGFILMSUPACTR-26-KRI,Will Kirsten Dunst win a Golden Globe for Best Supporting Actress in a Motion Picture?,KXGGFILMSUPACTR-26,,,2027-01-11T15:00:00Z,,438,4.0,95.0,5.0,96.0,4.5,95.5,100.0,-99.0,sell_both,10000.0,9900.0,99.0,82.5,1.0,0.022360679774997897
KXGGFILMSUPACTR-26-JEN,Will Jennifer Lopez win a Golden Globe for Best Supporting Actress in a Motion Picture?,KXGGFILMSUPACTR-26,,,2027-01-11T15:00:00Z,,438,1.0,87.0,13.0,99.0,7.0,93.0,100.0,-99.0,sell_both,10000.0,9900.0,99.0,82.5,12.0,0.027386127875258306
KXGGFILMSUPACTR-26-ING,Will Inga Ibsdotter Lilleaas win a Golden Globe for Best Supporting Actress in a Motion Picture?,KXGGFILMSUPACTR-26,,,2027-01-11T15:00:00Z,,438,1.0,87.0,13.0,99.0,7.0,93.0,100.0,-99.0,sell_both,10000.0,9900.0,99.0,82.5,12.0,0.03872983346207417
KXGGFILMSUPACTR-26-ELL,Will Elle Fanning win a Golden Globe for Best Supporting Actress in a Motion Picture?,KXGGFILMSUPACTR-26,,,2027-01-11T15:00:00Z,,438,6.0,85.0,15.0,94.0,10.5,89.5,100.0,-99.0,sell_both,10000.0,9900.0,99.0,82.5,9.0,0.027386127875258306
KXGGFILMSUPACTR-26-ARI,Will Ariana Grande win a Golden Globe for Best Supporting Actress in a Motion Picture?,KXGGFILMSUPACTR-26,,,2027-01-11T15:00:00Z,,438,37.0,53.0,47.0,63.0,42.0,58.0,100.0,-99.0,sell_both,10000.0,9900.0,99.0,82.5,10.0,0.0
KXGGMCOMFILM-26-WIC,Will Wicked: For Good win a Golden Globe for Best Motion Picture - Musical or Comedy?,KXGGMCOMFILM-26,,,2027-01-11T15:00:00Z,,438,5.0,80.0,20.0,95.0,12.5,87.5,100.0,-99.0,sell_both,10000.0,9900.0,99.0,82.5,15.0,0.0
KXGGMCOMFILM-26-SON,Will Song Sung Blue win a Golden Globe for Best Motion Picture - Musical or Comedy?,KXGGMCOMFILM-26,,,2027-01-11T15:00:00Z,,438,3.0,95.0,5.0,97.0,4.0,96.0,100.0,-99.0,sell_both,10000.0,9900.0,99.0,82.5,2.0,0.0
KXGGMCOMFILM-26-NAK,Will The Naked Gun win a Golden Globe for Best Motion Picture - Musical or Comedy?,KXGGMCOMFILM-26,,,2027-01-11T15:00:00Z,,438,2.0,95.0,5.0,98.0,3.5,96.5,100.0,-99.0,sell_both,10000.0,9900.0,99.0,82.5,3.0,0.0
KXGGMCOMFILM-26-MAT,Will Materialists win a Golden Globe for Best Motion Picture - Musical or Comedy?,KXGGMCOMFILM-26,,,2027-01-11T15:00:00Z,,438,4.0,95.0,5.0,96.0,4.5,95.5,100.0,-99.0,sell_both,10000.0,9900.0,99.0,82.5,1.0,0.015811388300841896
KXGGMCOMFILM-26-MAR,Will Marty Supreme win a Golden Globe for Best Motion Picture - Musical or Comedy?,KXGGMCOMFILM-26,,,2027-01-11T15:00:00Z,,438,3.0,78.0,22.0,97.0,12.5,87.5,100.0,-99.0,sell_both,10000.0,9900.0,99.0,82.5,19.0,0.03872983346207417
KXGGMCOMFILM-26-KIS,Will Kiss of the Spider Woman win a Golden Globe for Best Motion Picture - Musical or Comedy?,KXGGMCOMFILM-26,,,2027-01-11T15:00:00Z,,438,4.0,95.0,5.0,96.0,4.5,95.5,100.0,-99.0,sell_both,10000.0,9900.0,99.0,82.5,1.0,0.0
KXFED-27JAN-T3.75,"Will the upper bound of the federal funds rate be above 3.75% following the Fed's Jan 27, 2027 meeting?",KXFED-27JAN,,,2027-01-27T18:55:00Z,,454,5.0,52.0,48.0,95.0,26.5,73.5,100.0,-99.0,sell_both,10000.0,9900.0,99.0,79.59251101321586,43.0,0.0
KXFED-27JAN-T3.50,"Will the upper bound of the federal funds rate be above 3.50% following the Fed's Jan 27, 2027 meeting?",KXFED-27JAN,,,2027-01-27T18:55:00Z,,454,12.0,46.0,54.0,88.0,33.0,67.0,100.0,-99.0,sell_both,10000.0,9900.0,99.0,79.59251101321586,42.0,0.0
KXFED-27JAN-T3.25,"Will the upper bound of the federal funds rate be above 3.25% following the Fed's Jan 27, 2027 meeting?",KXFED-27JAN,,,2027-01-27T18:55:00Z,,454,20.0,42.0,58.0,80.0,39.0,61.0,100.0,-99.0,sell_both,10000.0,9900.0,99.0,79.59251101321586,38.0,0.0
KXFED-27JAN-T3.00,"Will the upper bound of the federal funds rate be above 3.00% following the Fed's Jan 27, 2027 meeting?",KXFED-27JAN,,,2027-01-27T18:55:00Z,,454,30.0,30.0,70.0,70.0,50.0,50.0,100.0,-99.0,sell_both,10000.0,9900.0,99.0,79.59251101321586,40.0,0.0
KXFED-27JAN-T2.75,"Will the upper bound of the federal funds rate be above 2.75% following the Fed's Jan 27, 2027 meeting?",KXFED-27JAN,,,2027-01-27T18:55:00Z,,454,39.0,20.0,80.0,61.0,59.5,40.5,100.0,-99.0,sell_both,10000.0,9900.0,99.0,79.59251101321586,41.0,0.0
KXFED-27JAN-T2.50,"Will the upper bound of the federal funds rate be above 2.50% following the Fed's Jan 27, 2027 meeting?",KXFED-27JAN,,,2027-01-27T18:55:00Z,,454,46.0,12.0,88.0,54.0,67.0,33.0,100.0,-99.0,sell_both,10000.0,9900.0,99.0,79.59251101321586,42.0,0.0
KXFED-27JAN-T2.25,"Will the upper bound of the federal funds rate be above 2.25% following the Fed's Jan 27, 2027 meeting?",KXFED-27JAN,,,2027-01-27T18:55:00Z,,454,52.0,5.0,95.0,48.0,73.5,26.5,100.0,-99.0,sell_both,10000.0,9900.0,99.0,79.59251101321586,43.0,0.0
KXFEDDECISION-27JAN-H0,Will the Federal Reserve Hike rates by 0bps at their January 2027 meeting?,KXFEDDECISION-27JAN,,,2027-01-27T18:59:00Z,,454,24.0,9.0,91.0,76.0,57.5,42.5,100.0,-99.0,sell_both,10000.0,9900.0,99.0,79.59251101321586,67.0,0.0
KXFEDDECISION-27JAN-C25,Will the Federal Reserve Cut rates by 25bps at their January 2027 meeting?,KXFEDDECISION-27JAN,,,2027-01-27T18:59:00Z,,454,2.0,25.0,75.0,98.0,38.5,61.5,100.0,-99.0,sell_both,10000.0,9900.0,99.0,79.59251101321586,73.0,0.0
KXIPODISCORD-27FEB01,When will Discord IPO?,KXIPODISCORD,,,2027-02-01T04:59:00Z,,459,72.0,18.0,82.0,28.0,77.0,23.0,100.0,-99.0,sell_both,10000.0,9900.0,99.0,78.72549019607844,10.0,0.0
KXIPOOPENAI-27FEB01,When will OpenAI IPO?,KXIPOOPENAI,,,2027-02-01T04:59:00Z,,459,16.0,7.0,93.0,84.0,54.5,45.5,100.0,-99.0,sell_both,10000.0,9900.0,99.0,78.72549019607844,77.0,0.0
KXNCAAMBRS-25B26JOESSBON-JOES,Will Saint Joseph's win the match?,KXNCAAMBRS-25B26JOESSBON,,,2027-02-27T00:00:00Z,,484,22.0,76.0,24.0,78.0,23.0,77.0,100.0,-99.0,sell_both,10000.0,9900.0,99.0,74.6590909090909,2.0,1.7054324964653396
KXNCAAMBRS-25B26UNAQUC-QUC,Will Queens University win the match?,KXNCAAMBRS-25B26UNAQUC,,,2027-02-27T00:00:00Z,,484,14.0,85.0,15.0,86.0,14.5,85.5,100.0,-99.0,sell_both,10000.0,9900.0,99.0,74.6590909090909,1.0,2.1974416943345734
KXNCAAMBRS-25B25SCUGONZ-GONZ,Will Gonzaga win the match?,KXNCAAMBRS-25B25SCUGONZ,,,2027-02-26T04:00:00Z,,484,33.0,65.0,35.0,67.0,34.0,66.0,100.0,-99.0,sell_both,10000.0,9900.0,99.0,74.6590909090909,2.0,2.2984777571253545
KXNCAAMBRS-25B25MIZZSCAR-MIZZ,Will Missouri win the match?,KXNCAAMBRS-25B25MIZZSCAR,,,2027-02-26T02:00:00Z,,484,36.0,99.0,1.0,64.0,18.5,81.5,100.0,-99.0,sell_both,10000.0,9900.0,99.0,74.6590909090909,-35.0,1756.8697593428033
KXNCAAMBRS-25B25AFACSU-AFA,Will Air Force win the match?,KXNCAAMBRS-25B25AFACSU,,,2027-02-26T02:00:00Z,,484,51.0,46.0,54.0,49.0,52.5,47.5,100.0,-99.0,sell_both,10000.0,9900.0,99.0,74.6590909090909,3.0,2.2503333086456325
KXNCAAMBRS-25B26ARKTEX-TEX,Will Texas win the match?,KXNCAAMBRS-25B26ARKTEX,,,2027-02-27T02:00:00Z,,485,89.0,10.0,90.0,11.0,89.5,10.5,100.0,-99.0,sell_both,10000.0,9900.0,99.0,74.50515463917526,1.0,1.877098825315279
KXNCAAMBRS-25B26ARKTEX-ARK,Will Arkansas win the match?,KXNCAAMBRS-25B26ARKTEX,,,2027-02-27T02:00:00Z,,485,99.0,63.0,37.0,1.0,68.0,32.0,100.0,-99.0,sell_both,10000.0,9900.0,99.0,74.50515463917526,-62.0,3106.8211946628517
KXNCAAMBRS-25B26OKLAUK-UK,Will Kentucky win the match?,KXNCAAMBRS-25B26OKLAUK,,,2027-02-27T02:00:00Z,,485,56.0,43.0,57.0,44.0,56.5,43.5,100.0,-99.0,sell_both,10000.0,9900.0,99.0,74.50515463917526,1.0,1.8967076738390658
KXNCAAMBRS-25B26EVANDRKE-EVAN,Will Evansville win the match?,KXNCAAMBRS-25B26EVANDRKE,,,2027-02-27T01:00:00Z,,485,62.0,36.0,64.0,38.0,63.0,37.0,100.0,-99.0,sell_both,10000.0,9900.0,99.0,74.50515463917526,2.0,2.146217603133475
KXCOSTARICAASSEMBLY-26-FA,Who will win the next Costa Rican general election?,KXCOSTARICAASSEMBLY-26,,,2027-02-28T15:00:00Z,,486,19.0,79.0,21.0,81.0,20.0,80.0,100.0,-99.0,sell_both,10000.0,9900.0,99.0,74.35185185185185,2.0,2.1249705880317498
KXIPODISCORD-27MAR01,When will Discord IPO?,KXIPODISCORD,,,2027-03-01T04:59:00Z,,487,73.0,17.0,83.0,27.0,78.0,22.0,100.0,-99.0,sell_both,10000.0,9900.0,99.0,74.19917864476386,10.0,0.0
KXIPOOPENAI-27MAR01,When will OpenAI IPO?,KXIPOOPENAI,,,2027-03-01T04:59:00Z,,487,1.0,7.0,93.0,99.0,47.0,53.0,100.0,-99.0,sell_both,10000.0,9900.0,99.0,74.19917864476386,92.0,0.0
KXNCAABSEC-25R4-AUB,Will Auburn qualify for Championship?,KXNCAABSEC-25R4,,,2027-03-15T17:00:00Z,,501,78.0,20.0,80.0,22.0,79.0,21.0,100.0,-99.0,sell_both,10000.0,9900.0,99.0,72.12574850299401,2.0,1.7897625540836417
KXNCAAMBIG12-25-HOU,Will the Houston win the Men's Big 12 Basketball Tournament?,KXNCAAMBIG12-25,,,2027-03-16T14:00:00Z,,502,62.0,99.0,1.0,38.0,31.5,68.5,100.0,-99.0,sell_both,10000.0,9900.0,99.0,71.9820717131474,-61.0,3057.089437723408
KXNCAAMBIGEAST-25-CREI,Will the Creighton win the Big East Men's Basketball Tournament?,KXNCAAMBIGEAST-25,,,2027-03-16T14:00:00Z,,502,63.0,36.0,64.0,37.0,63.5,36.5,100.0,-99.0,sell_both,10000.0,9900.0,99.0,71.9820717131474,1.0,1.7248913009230467
KXNCAAMIVYLEAGUE-25-DART,Will the Dartmouth win the Men's Ivy League Basketball Tournament?,KXNCAAMIVYLEAGUE-25,,,2027-03-16T14:00:00Z,,502,85.0,14.0,86.0,15.0,85.5,14.5,100.0,-99.0,sell_both,10000.0,9900.0,99.0,71.9820717131474,1.0,1.7030120375381967
KXFED-27MAR-T3.75,"Will the upper bound of the federal funds rate be above 3.75% following the Fed's Mar 17, 2027 meeting?",KXFED-27MAR,,,2027-03-17T17:55:00Z,,503,5.0,52.0,48.0,95.0,26.5,73.5,100.0,-99.0,sell_both,10000.0,9900.0,99.0,71.83896620278331,43.0,0.0
KXFED-27MAR-T3.25,"Will the upper bound of the federal funds rate be above 3.25% following the Fed's Mar 17, 2027 meeting?",KXFED-27MAR,,,2027-03-17T17:55:00Z,,503,17.0,42.0,58.0,83.0,37.5,62.5,100.0,-99.0,sell_both,10000.0,9900.0,99.0,71.83896620278331,41.0,0.0
KXFED-27MAR-T3.00,"Will the upper bound of the federal funds rate be above 3.00% following the Fed's Mar 17, 2027 meeting?",KXFED-27MAR,,,2027-03-17T17:55:00Z,,503,26.0,33.0,67.0,74.0,46.5,53.5,100.0,-99.0,sell_both,10000.0,9900.0,99.0,71.83896620278331,41.0,0.0
KXFED-27MAR-T2.75,"Will the upper bound of the federal funds rate be above 2.75% following the Fed's Mar 17, 2027 meeting?",KXFED-27MAR,,,2027-03-17T17:55:00Z,,503,37.0,26.0,74.0,63.0,55.5,44.5,100.0,-99.0,sell_both,10000.0,9900.0,99.0,71.83896620278331,37.0,0.0
KXFED-27MAR-T2.50,"Will the upper bound of the federal funds rate be above 2.50% following the Fed's Mar 17, 2027 meeting?",KXFED-27MAR,,,2027-03-17T17:55:00Z,,503,42.0,17.0,83.0,58.0,62.5,37.5,100.0,-99.0,sell_both,10000.0,9900.0,99.0,71.83896620278331,41.0,0.0
KXFED-27MAR-T2.25,"Will the upper bound of the federal funds rate be above 2.25% following the Fed's Mar 17, 2027 meeting?",KXFED-27MAR,,,2027-03-17T17:55:00Z,,503,46.0,12.0,88.0,54.0,67.0,33.0,100.0,-99.0,sell_both,10000.0,9900.0,99.0,71.83896620278331,42.0,0.0
KXFED-27MAR-T2.00,"Will the upper bound of the federal funds rate be above 2.00% following the Fed's Mar 17, 2027 meeting?",KXFED-27MAR,,,2027-03-17T17:55:00Z,,503,57.0,5.0,95.0,43.0,76.0,24.0,100.0,-99.0,sell_both,10000.0,9900.0,99.0,71.83896620278331,38.0,0.0
KXFEDDECISION-27MAR-H0,Will the Federal Reserve Hike rates by 0bps at their March 2027 meeting?,KXFEDDECISION-27MAR,,,2027-03-17T17:59:00Z,,503,24.0,9.0,91.0,76.0,57.5,42.5,100.0,-99.0,sell_both,10000.0,9900.0,99.0,71.83896620278331,67.0,0.05244044240850758
KXFEDDECISION-27MAR-C25,Will the Federal Reserve Cut rates by 25bps at their March 2027 meeting?,KXFEDDECISION-27MAR,,,2027-03-17T17:59:00Z,,503,2.0,25.0,75.0,98.0,38.5,61.5,100.0,-99.0,sell_both,10000.0,9900.0,99.0,71.83896620278331,73.0,0.057008771254956896
KXNCAAMBPS-25R2G27-UOP,Will Pikeville make it to the second round?,KXNCAAMBPS-25R2G27,,,2027-03-24T03:59:00Z,,510,95.0,4.0,96.0,5.0,95.5,4.5,100.0,-99.0,sell_both,10000.0,9900.0,99.0,70.8529411764706,1.0,1.7693219040072952
KXNCAAMBPS-25S16G9-RMC,Will Rocky Mountain College make it to the Sweet 16?,KXNCAAMBPS-25S16G9,,,2027-03-29T03:59:00Z,,515,67.0,32.0,68.0,33.0,67.5,32.5,100.0,-99.0,sell_both,10000.0,9900.0,99.0,70.16504854368932,1.0,2.3460605277784286
KXNCAAMBPS-25S16G9-LBSU,Will Long Beach State make it to the Sweet 16?,KXNCAAMBPS-25S16G9,,,2027-03-29T03:59:00Z,,515,63.0,99.0,1.0,37.0,32.0,68.0,100.0,-99.0,sell_both,10000.0,9900.0,99.0,70.16504854368932,-62.0,3106.8605106825817
KXNCAAMBPS-25S16G6-AUGS,Will Augsburg make it to the Sweet 16?,KXNCAAMBPS-25S16G6,,,2027-03-29T03:59:00Z,,515,99.0,78.0,22.0,1.0,60.5,39.5,100.0,-99.0,sell_both,10000.0,9900.0,99.0,70.16504854368932,-77.0,3857.1516853859243
KXNCAAMBPS-25S16G5-UWFL,Will West Florida make it to the Sweet 16?,KXNCAAMBPS-25S16G5,,,2027-03-29T03:59:00Z,,515,94.0,5.0,95.0,6.0,94.5,5.5,100.0,-99.0,sell_both,10000.0,9900.0,99.0,70.16504854368932,1.0,1.418802311810916
KXNCAAMBPS-25S16G5-UPRV,Will Providence (MT) make it to the Sweet 16?,KXNCAAMBPS-25S16G5,,,2027-03-29T03:59:00Z,,515,37.0,62.0,38.0,63.0,37.5,62.5,100.0,-99.0,sell_both,10000.0,9900.0,99.0,70.16504854368932,1.0,1.6231142904922007
KXNCAAMBPS-25S16G1-CAMU,Will Cameron make it to the Sweet 16?,KXNCAAMBPS-25S16G1,,,2027-03-29T03:59:00Z,,515,59.0,99.0,1.0,41.0,30.0,70.0,100.0,-99.0,sell_both,10000.0,9900.0,99.0,70.16504854368932,-58.0,2906.708581282819
KXNCAAMBPS-25E8G7-BARC,Will Barclay College make it to the Elite 8?,KXNCAAMBPS-25E8G7,,,2027-03-31T03:59:00Z,,517,25.0,70.0,30.0,75.0,27.5,72.5,100.0,-99.0,sell_both,10000.0,9900.0,99.0,69.8936170212766,5.0,2.0740057859128553
KXNCAAMBPS-25E8G4-LHU,Will Lock Haven make it to the Elite 8?,KXNCAAMBPS-25E8G4,,,2027-03-31T03:59:00Z,,517,6.0,93.0,7.0,94.0,6.5,93.5,100.0,-99.0,sell_both,10000.0,9900.0,99.0,69.8936170212766,1.0,1.8375935350343393
KXNCAAMBPS-25E8G2-OAK,Will Oakwood make it to the Elite 8?,KXNCAAMBPS-25E8G2,,,2027-03-31T03:59:00Z,,517,99.0,78.0,22.0,1.0,60.5,39.5,100.0,-99.0,sell_both,10000.0,9900.0,99.0,69.8936170212766,-77.0,3856.9368789327164
KXIPODISCORD-27APR01,When will Discord IPO?,KXIPODISCORD,,,2027-04-01T03:59:00Z,,518,74.0,16.0,84.0,26.0,79.0,21.0,100.0,-99.0,sell_both,10000.0,9900.0,99.0,69.75868725868726,10.0,0.0
KXIPOOPENAI-27APR01,When will OpenAI IPO?,KXIPOOPENAI,,,2027-04-01T03:59:00Z,,518,10.0,50.0,50.0,90.0,30.0,70.0,100.0,-99.0,sell_both,10000.0,9900.0,99.0,69.75868725868726,40.0,0.0
KXNCAAMBPS-25F4G3-NCU,Will Bushnell make it to the Final Four?,KXNCAAMBPS-25F4G3,,,2027-04-06T03:59:00Z,,523,84.0,14.0,86.0,16.0,85.0,15.0,100.0,-99.0,sell_both,10000.0,9900.0,99.0,69.09177820267686,2.0,2.0155024187532002
KXNCAAMBPS-25F4G3-CIN,Will Cincinnati make it to the Final Four?,KXNCAAMBPS-25F4G3,,,2027-04-06T03:59:00Z,,523,74.0,25.0,75.0,26.0,74.5,25.5,100.0,-99.0,sell_both,10000.0,9900.0,99.0,69.09177820267686,1.0,1.7727803022371385
KXNCAAMBPS-25FING1-URSC,Will Ursuline make it to the Championship game?,KXNCAAMBPS-25FING1,,,2027-04-08T03:59:00Z,,525,46.0,99.0,1.0,54.0,23.5,76.5,100.0,-99.0,sell_both,10000.0,9900.0,99.0,68.82857142857142,-45.0,2256.787875834615
KXNCAAMBPS-25FING1-NCAT,Will North Carolina A&T make it to the Championship game?,KXNCAAMBPS-25FING1,,,2027-04-08T03:59:00Z,,525,99.0,70.0,30.0,1.0,64.5,35.5,100.0,-99.0,sell_both,10000.0,9900.0,99.0,68.82857142857142,-69.0,3456.7519275099157
KXNBAMIMP-26-JJAQ,Who will win Most Improved Player?,KXNBAMIMP-26,,,2027-04-12T14:00:00Z,,529,1.0,2.0,98.0,99.0,49.5,50.5,100.0,-99.0,sell_both,10000.0,9900.0,99.0,68.30812854442344,97.0,0.0
KXNBAMIMP-26-AREA,Who will win Most Improved Player?,KXNBAMIMP-26,,,2027-04-12T14:00:00Z,,529,6.0,2.0,98.0,94.0,52.0,48.0,100.0,-99.0,sell_both,10000.0,9900.0,99.0,68.30812854442344,92.0,0.0
KXNBAMIMP-26-AMIT,Who will win Most Improved Player?,KXNBAMIMP-26,,,2027-04-12T14:00:00Z,,529,1.0,2.0,98.0,99.0,49.5,50.5,100.0,-99.0,sell_both,10000.0,9900.0,99.0,68.30812854442344,97.0,0.0
KXNBASIXTH-26-AMIT,Who will win Sixth Man of the Year?,KXNBASIXTH-26,,,2027-04-12T14:00:00Z,,529,4.0,2.0,98.0,96.0,51.0,49.0,100.0,-99.0,sell_both,10000.0,9900.0,99.0,68.30812854442344,94.0,0.0
KXNBAMIMP-26-ASEN,Who will win Most Improved Player?,KXNBAMIMP-26,,,2027-04-12T14:00:00Z,,529,1.0,93.0,7.0,99.0,4.0,96.0,100.0,-99.0,sell_both,10000.0,9900.0,99.0,68.30812854442344,6.0,0.0
KXNBACOY-26-NNUR,Who will win Coach of the Year?,KXNBACOY-26,,,2027-04-12T14:00:00Z,,529,4.0,66.0,34.0,96.0,19.0,81.0,100.0,-99.0,sell_both,10000.0,9900.0,99.0,68.30812854442344,30.0,0.9250675650999769
KXNBACOY-26-MJOH,Who will win Coach of the Year?,KXNBACOY-26,,,2027-04-12T14:00:00Z,,529,16.0,65.0,35.0,84.0,25.5,74.5,100.0,-99.0,sell_both,10000.0,9900.0,99.0,68.30812854442344,19.0,0.6336402764976355
KXNBACOY-26-MDAI,Who will win Coach of the Year?,KXNBACOY-26,,,2027-04-12T14:00:00Z,,529,1.0,65.0,35.0,99.0,18.0,82.0,100.0,-99.0,sell_both,10000.0,9900.0,99.0,68.30812854442344,34.0,0.43588989435406733
KXNBACOY-26-MBRO,Who will win Coach of the Year?,KXNBACOY-26,,,2027-04-12T14:00:00Z,,529,9.0,66.0,34.0,91.0,21.5,78.5,100.0,-99.0,sell_both,10000.0,9900.0,99.0,68.30812854442344,25.0,1.267675037223657
KXNBACOY-26-IUDO,Who will win Coach of the Year?,KXNBACOY-26,,,2027-04-12T14:00:00Z,,529,1.0,81.0,19.0,99.0,10.0,90.0,100.0,-99.0,sell_both,10000.0,9900.0,99.0,68.30812854442344,18.0,0.8570297544426332
KXNBACOY-26-ESPO,Who will win Coach of the Year?,KXNBACOY-26,,,2027-04-12T14:00:00Z,,529,4.0,66.0,34.0,96.0,19.0,81.0,100.0,-99.0,sell_both,10000.0,9900.0,99.0,68.30812854442344,30.0,0.47037219305566946
KXNBACOY-26-DRAJ,Who will win Coach of the Year?,KXNBACOY-26,,,2027-04-12T14:00:00Z,,529,1.0,87.0,13.0,99.0,7.0,93.0,100.0,-99.0,sell_both,10000.0,9900.0,99.0,68.30812854442344,12.0,0.7151922818375489
KXNBACOY-26-BDON,Who will win Coach of the Year?,KXNBACOY-26,,,2027-04-12T14:00:00Z,,529,1.0,86.0,14.0,99.0,7.5,92.5,100.0,-99.0,sell_both,10000.0,9900.0,99.0,68.30812854442344,13.0,0.5596874127582288
KXNBAMVP-26-VWEM,Who will win MVP?,KXNBAMVP-26,,,2027-04-12T14:00:00Z,,529,29.0,69.0,31.0,71.0,30.0,70.0,100.0,-99.0,sell_both,10000.0,9900.0,99.0,68.30812854442344,2.0,0.6422616289332564
KXNBAMVP-26-TMAX,Who will win MVP?,KXNBAMVP-26,,,2027-04-12T14:00:00Z,,529,1.0,98.0,2.0,99.0,1.5,98.5,100.0,-99.0,sell_both,10000.0,9900.0,99.0,68.30812854442344,1.0,1.2588685396021302
KXNBAMVP-26-SGIL,Who will win MVP?,KXNBAMVP-26,,,2027-04-12T14:00:00Z,,529,28.0,69.0,31.0,72.0,29.5,70.5,100.0,-99.0,sell_both,10000.0,9900.0,99.0,68.30812854442344,3.0,0.5766281297335398
KXNBAMVP-26-NJOK,Who will win MVP?,KXNBAMVP-26,,,2027-04-12T14:00:00Z,,529,19.0,80.0,20.0,81.0,19.5,80.5,100.0,-99.0,sell_both,10000.0,9900.0,99.0,68.30812854442344,1.0,0.3166228039797513
KXNBAMVP-26-LDON,Who will win MVP?,KXNBAMVP-26,,,2027-04-12T14:00:00Z,,529,13.0,86.0,14.0,87.0,13.5,86.5,100.0,-99.0,sell_both,10000.0,9900.0,99.0,68.30812854442344,1.0,0.8756426211645937
KXNBAMVP-26-JBRU,Who will win MVP?,KXNBAMVP-26,,,2027-04-12T14:00:00Z,,529,1.0,98.0,2.0,99.0,1.5,98.5,100.0,-99.0,sell_both,10000.0,9900.0,99.0,68.30812854442344,1.0,0.9344784641713259
KXNBAMVP-26-GANT,Who will win MVP?,KXNBAMVP-26,,,2027-04-12T14:00:00Z,,529,12.0,87.0,13.0,88.0,12.5,87.5,100.0,-99.0,sell_both,10000.0,9900.0,99.0,68.30812854442344,1.0,0.7310950690573695
KXNBAMVP-26-AEDW,Who will win MVP?,KXNBAMVP-26,,,2027-04-12T14:00:00Z,,529,1.0,98.0,2.0,99.0,1.5,98.5,100.0,-99.0,sell_both,10000.0,9900.0,99.0,68.30812854442344,1.0,0.7979661646962232
KXNBACUPMVP-26-VWEM,Who will win Cup Tournament MVP?,KXNBACUPMVP-26,,,2027-04-12T14:00:00Z,,529,5.0,83.0,17.0,95.0,11.0,89.0,100.0,-99.0,sell_both,10000.0,9900.0,99.0,68.30812854442344,12.0,0.0
KXNBACUPMVP-26-SGIL,Who will win Cup Tournament MVP?,KXNBACUPMVP-26,,,2027-04-12T14:00:00Z,,529,12.0,82.0,18.0,88.0,15.0,85.0,100.0,-99.0,sell_both,10000.0,9900.0,99.0,68.30812854442344,6.0,0.7524958471646206
KXNBACUPMVP-26-NJOK,Who will win Cup Tournament MVP?,KXNBACUPMVP-26,,,2027-04-12T14:00:00Z,,529,4.0,91.0,9.0,96.0,6.5,93.5,100.0,-99.0,sell_both,10000.0,9900.0,99.0,68.30812854442344,5.0,0.9230384607371461
KXNBACUPMVP-26-JWIL,Who will win Cup Tournament MVP?,KXNBACUPMVP-26,,,2027-04-12T14:00:00Z,,529,1.0,97.0,3.0,99.0,2.0,98.0,100.0,-99.0,sell_both,10000.0,9900.0,99.0,68.30812854442344,2.0,0.406201920231798
KXNBACUPMVP-26-JMOR,Who will win Cup Tournament MVP?,KXNBACUPMVP-26,,,2027-04-12T14:00:00Z,,529,1.0,97.0,3.0,99.0,2.0,98.0,100.0,-99.0,sell_both,10000.0,9900.0,99.0,68.30812854442344,2.0,0.7039176088151227
KXNBACUPMVP-26-JBRU,Who will win Cup Tournament MVP?,KXNBACUPMVP-26,,,2027-04-12T14:00:00Z,,529,7.0,88.0,12.0,93.0,9.5,90.5,100.0,-99.0,sell_both,10000.0,9900.0,99.0,68.30812854442344,5.0,0.36606010435446257
KXNBACUPMVP-26-DMIT,Who will win Cup Tournament MVP?,KXNBACUPMVP-26,,,2027-04-12T14:00:00Z,,529,5.0,90.0,10.0,95.0,7.5,92.5,100.0,-99.0,sell_both,10000.0,9900.0,99.0,68.30812854442344,5.0,0.7368853370776216
KXNBAFINMVP-26-VWEM,Who will win Finals MVP?,KXNBAFINMVP-26,,,2027-04-12T14:00:00Z,,529,1.0,91.0,9.0,99.0,5.0,95.0,100.0,-99.0,sell_both,10000.0,9900.0,99.0,68.30812854442344,8.0,0.5652433104425032
KXNBAFINMVP-26-SGIL,Who will win Finals MVP?,KXNBAFINMVP-26,,,2027-04-12T14:00:00Z,,529,24.0,72.0,28.0,76.0,26.0,74.0,100.0,-99.0,sell_both,10000.0,9900.0,99.0,68.30812854442344,4.0,0.7919911615668448
KXNBAFINMVP-26-NJOK,Who will win Finals MVP?,KXNBAFINMVP-26,,,2027-04-12T14:00:00Z,,529,6.0,87.0,13.0,94.0,9.5,90.5,100.0,-99.0,sell_both,10000.0,9900.0,99.0,68.30812854442344,7.0,0.9080198235721508
KXNBAFINMVP-26-LDON,Who will win Finals MVP?,KXNBAFINMVP-26,,,2027-04-12T14:00:00Z,,529,3.0,91.0,9.0,97.0,6.0,94.0,100.0,-99.0,sell_both,10000.0,9900.0,99.0,68.30812854442344,6.0,0.9115920140062659
KXNBAFINMVP-26-KDUR,Who will win Finals MVP?,KXNBAFINMVP-26,,,2027-04-12T14:00:00Z,,529,1.0,95.0,5.0,99.0,3.0,97.0,100.0,-99.0,sell_both,10000.0,9900.0,99.0,68.30812854442344,4.0,0.2974894956128703
KXNBAFINMVP-26-JBRU,Who will win Finals MVP?,KXNBAFINMVP-26,,,2027-04-12T14:00:00Z,,529,3.0,91.0,9.0,97.0,6.0,94.0,100.0,-99.0,sell_both,10000.0,9900.0,99.0,68.30812854442344,6.0,0.9896969233053117
KXNBAFINMVP-26-GANT,Who will win Finals MVP?,KXNBAFINMVP-26,,,2027-04-12T14:00:00Z,,529,1.0,95.0,5.0,99.0,3.0,97.0,100.0,-99.0,sell_both,10000.0,9900.0,99.0,68.30812854442344,4.0,0.84335638967165
KXNBAFINMVP-26-DMIT,Who will win Finals MVP?,KXNBAFINMVP-26,,,2027-04-12T14:00:00Z,,529,3.0,90.0,10.0,97.0,6.5,93.5,100.0,-99.0,sell_both,10000.0,9900.0,99.0,68.30812854442344,7.0,0.8942874258313152
KXNBAFINMVP-26-AEDW,Who will win Finals MVP?,KXNBAFINMVP-26,,,2027-04-12T14:00:00Z,,529,1.0,93.0,7.0,99.0,4.0,96.0,100.0,-99.0,sell_both,10000.0,9900.0,99.0,68.30812854442344,6.0,1.2155245781143218
KXNBAMIMP-26-VWEB,Who will win Most Improved Player?,KXNBAMIMP-26,,,2027-04-12T14:00:00Z,,529,9.0,75.0,25.0,91.0,17.0,83.0,100.0,-99.0,sell_both,10000.0,9900.0,99.0,68.30812854442344,16.0,1.1668333214302717
KXNBAMIMP-26-TMUR,Who will win Most Improved Player?,KXNBAMIMP-26,,,2027-04-12T14:00:00Z,,529,1.0,98.0,2.0,99.0,1.5,98.5,100.0,-99.0,sell_both,10000.0,9900.0,99.0,68.30812854442344,1.0,0.6465291950097846
KXNBAMIMP-26-SSHA,Who will win Most Improved Player?,KXNBAMIMP-26,,,2027-04-12T14:00:00Z,,529,1.0,90.0,10.0,99.0,5.5,94.5,100.0,-99.0,sell_both,10000.0,9900.0,99.0,68.30812854442344,9.0,0.8430599029724993
KXNBAMIMP-26-NJOV,Who will win Most Improved Player?,KXNBAMIMP-26,,,2027-04-12T14:00:00Z,,529,1.0,96.0,4.0,99.0,2.5,97.5,100.0,-99.0,sell_both,10000.0,9900.0,99.0,68.30812854442344,3.0,1.1342398335449166
KXNBAMIMP-26-MBUZ,Who will win Most Improved Player?,KXNBAMIMP-26,,,2027-04-12T14:00:00Z,,529,5.0,88.0,12.0,95.0,8.5,91.5,100.0,-99.0,sell_both,10000.0,9900.0,99.0,68.30812854442344,7.0,0.5901271049528228
KXNBAMIMP-26-KWAR,Who will win Most Improved Player?,KXNBAMIMP-26,,,2027-04-12T14:00:00Z,,529,1.0,96.0,4.0,99.0,2.5,97.5,100.0,-99.0,sell_both,10000.0,9900.0,99.0,68.30812854442344,3.0,0.8555699854482975
KXNBAMIMP-26-KGEO,Who will win Most Improved Player?,KXNBAMIMP-26,,,2027-04-12T14:00:00Z,,529,3.0,90.0,10.0,97.0,6.5,93.5,100.0,-99.0,sell_both,10000.0,9900.0,99.0,68.30812854442344,7.0,1.032835901777238
KXNBAMIMP-26-JKUM,Who will win Most Improved Player?,KXNBAMIMP-26,,,2027-04-12T14:00:00Z,,529,1.0,95.0,5.0,99.0,3.0,97.0,100.0,-99.0,sell_both,10000.0,9900.0,99.0,68.30812854442344,4.0,1.4229371033183442
KXNBAMIMP-26-JGID,Who will win Most Improved Player?,KXNBAMIMP-26,,,2027-04-12T14:00:00Z,,529,6.0,82.0,18.0,94.0,12.0,88.0,100.0,-99.0,sell_both,10000.0,9900.0,99.0,68.30812854442344,12.0,1.096813566655701
KXNBAMIMP-26-JDUR,Who will win Most Improved Player?,KXNBAMIMP-26,,,2027-04-12T14:00:00Z,,529,1.0,77.0,23.0,99.0,12.0,88.0,100.0,-99.0,sell_both,10000.0,9900.0,99.0,68.30812854442344,22.0,0.2850438562747845
KXNBAMIMP-26-DWHI,Who will win Most Improved Player?,KXNBAMIMP-26,,,2027-04-12T14:00:00Z,,529,3.0,86.0,14.0,97.0,8.5,91.5,100.0,-99.0,sell_both,10000.0,9900.0,99.0,68.30812854442344,11.0,0.8335166465044355
KXNBAMIMP-26-DAVD,Who will win Most Improved Player?,KXNBAMIMP-26,,,2027-04-12T14:00:00Z,,529,10.0,89.0,11.0,90.0,10.5,89.5,100.0,-99.0,sell_both,10000.0,9900.0,99.0,68.30812854442344,1.0,0.9223611006541852
KXNBAMIMP-26-BMIL,Who will win Most Improved Player?,KXNBAMIMP-26,,,2027-04-12T14:00:00Z,,529,1.0,98.0,2.0,99.0,1.5,98.5,100.0,-99.0,sell_both,10000.0,9900.0,99.0,68.30812854442344,1.0,0.4046603514059661
KXNBAMIMP-26-BMAT,Who will win Most Improved Player?,KXNBAMIMP-26,,,2027-04-12T14:00:00Z,,529,10.0,81.0,19.0,90.0,14.5,85.5,100.0,-99.0,sell_both,10000.0,9900.0,99.0,68.30812854442344,9.0,0.4984977432245807
KXNBAMIMP-26-ATHO,Who will win Most Improved Player?,KXNBAMIMP-26,,,2027-04-12T14:00:00Z,,529,4.0,92.0,8.0,96.0,6.0,94.0,100.0,-99.0,sell_both,10000.0,9900.0,99.0,68.30812854442344,4.0,0.806690770989727
KXNBAMIMP-26-ASAR,Who will win Most Improved Player?,KXNBAMIMP-26,,,2027-04-12T14:00:00Z,,529,1.0,90.0,10.0,99.0,5.5,94.5,100.0,-99.0,sell_both,10000.0,9900.0,99.0,68.30812854442344,9.0,0.48964272689380367
KXNBAMIMP-26-ANEM,Who will win Most Improved Player?,KXNBAMIMP-26,,,2027-04-12T14:00:00Z,,529,1.0,89.0,11.0,99.0,6.0,94.0,100.0,-99.0,sell_both,10000.0,9900.0,99.0,68.30812854442344,10.0,0.7024955515873392
KXNBAMIMP-26-AMTHO,Who will win Most Improved Player?,KXNBAMIMP-26,,,2027-04-12T14:00:00Z,,529,7.0,87.0,13.0,93.0,10.0,90.0,100.0,-99.0,sell_both,10000.0,9900.0,99.0,68.30812854442344,6.0,0.0
KXNBADPOY-26-VWEM,Who will win Defensive Player of the Year?,KXNBADPOY-26,,,2027-04-12T14:00:00Z,,529,67.0,24.0,76.0,33.0,71.5,28.5,100.0,-99.0,sell_both,10000.0,9900.0,99.0,68.30812854442344,9.0,0.8162413858657254
KXNBADPOY-26-JJAC,Who will win Defensive Player of the Year?,KXNBADPOY-26,,,2027-04-12T14:00:00Z,,529,1.0,95.0,5.0,99.0,3.0,97.0,100.0,-99.0,sell_both,10000.0,9900.0,99.0,68.30812854442344,4.0,0.6831910420958401
KXNBADPOY-26-EMOB,Who will win Defensive Player of the Year?,KXNBADPOY-26,,,2027-04-12T14:00:00Z,,529,1.0,92.0,8.0,99.0,4.5,95.5,100.0,-99.0,sell_both,10000.0,9900.0,99.0,68.30812854442344,7.0,0.8561541917201597
KXNBADPOY-26-DGRE,Who will win Defensive Player of the Year?,KXNBADPOY-26,,,2027-04-12T14:00:00Z,,529,1.0,95.0,5.0,99.0,3.0,97.0,100.0,-99.0,sell_both,10000.0,9900.0,99.0,68.30812854442344,4.0,0.7786205751198718
KXNBADPOY-26-DDAN,Who will win Defensive Player of the Year?,KXNBADPOY-26,,,2027-04-12T14:00:00Z,,529,1.0,96.0,4.0,99.0,2.5,97.5,100.0,-99.0,sell_both,10000.0,9900.0,99.0,68.30812854442344,3.0,0.0
KXNBADPOY-26-CHOL,Who will win Defensive Player of the Year?,KXNBADPOY-26,,,2027-04-12T14:00:00Z,,529,7.0,85.0,15.0,93.0,11.0,89.0,100.0,-99.0,sell_both,10000.0,9900.0,99.0,68.30812854442344,8.0,0.5654644109048773
KXNBADPOY-26-AMTHO,Who will win Defensive Player of the Year?,KXNBADPOY-26,,,2027-04-12T14:00:00Z,,529,1.0,93.0,7.0,99.0,4.0,96.0,100.0,-99.0,sell_both,10000.0,9900.0,99.0,68.30812854442344,6.0,0.41743262929483604
KXNBADPOY-26-ADAV,Who will win Defensive Player of the Year?,KXNBADPOY-26,,,2027-04-12T14:00:00Z,,529,1.0,93.0,7.0,99.0,4.0,96.0,100.0,-99.0,sell_both,10000.0,9900.0,99.0,68.30812854442344,6.0,0.0
KXNBAROY-26-VEDG,Who will win Rookie of the Year?,KXNBAROY-26,,,2027-04-12T14:00:00Z,,529,41.0,56.0,44.0,59.0,42.5,57.5,100.0,-99.0,sell_both,10000.0,9900.0,99.0,68.30812854442344,3.0,0.601456565347823
KXNBAROY-26-TJOH,Who will win Rookie of the Year?,KXNBAROY-26,,,2027-04-12T14:00:00Z,,529,3.0,96.0,4.0,97.0,3.5,96.5,100.0,-99.0,sell_both,10000.0,9900.0,99.0,68.30812854442344,1.0,0.7623975340988454
KXNBAROY-26-KKNU,Who will win Rookie of the Year?,KXNBAROY-26,,,2027-04-12T14:00:00Z,,529,2.0,97.0,3.0,98.0,2.5,97.5,100.0,-99.0,sell_both,10000.0,9900.0,99.0,68.30812854442344,1.0,1.0726136303441236
KXNBAROY-26-DHAR,Who will win Rookie of the Year?,KXNBAROY-26,,,2027-04-12T14:00:00Z,,529,6.0,91.0,9.0,94.0,7.5,92.5,100.0,-99.0,sell_both,10000.0,9900.0,99.0,68.30812854442344,3.0,0.5843800133474792
KXNBAROY-26-CFLA,Who will win Rookie of the Year?,KXNBAROY-26,,,2027-04-12T14:00:00Z,,529,36.0,53.0,47.0,64.0,41.5,58.5,100.0,-99.0,sell_both,10000.0,9900.0,99.0,68.30812854442344,11.0,0.6798896969362016
KXNBAROY-26-CCOW,Who will win Rookie of the Year?,KXNBAROY-26,,,2027-04-12T14:00:00Z,,529,3.0,96.0,4.0,97.0,3.5,96.5,100.0,-99.0,sell_both,10000.0,9900.0,99.0,68.30812854442344,1.0,0.7703895118704563
KXNBAROY-26-ABAI,Who will win Rookie of the Year?,KXNBAROY-26,,,2027-04-12T14:00:00Z,,529,1.0,91.0,9.0,99.0,5.0,95.0,100.0,-99.0,sell_both,10000.0,9900.0,99.0,68.30812854442344,8.0,1.0593630161564072
KXNBASIXTH-26-DHUN,Who will win Sixth Man of the Year?,KXNBASIXTH-26,,,2027-04-12T14:00:00Z,,529,2.0,94.0,6.0,98.0,4.0,96.0,100.0,-99.0,sell_both,10000.0,9900.0,99.0,68.30812854442344,4.0,0.6308724118235002
KXNBASIXTH-26-DHAR,Who will win Sixth Man of the Year?,KXNBASIXTH-26,,,2027-04-12T14:00:00Z,,529,1.0,92.0,8.0,99.0,4.5,95.5,100.0,-99.0,sell_both,10000.0,9900.0,99.0,68.30812854442344,7.0,0.43185645763378366
KXNBASIXTH-26-DDIV,Who will win Sixth Man of the Year?,KXNBASIXTH-26,,,2027-04-12T14:00:00Z,,529,2.0,65.0,35.0,98.0,18.5,81.5,100.0,-99.0,sell_both,10000.0,9900.0,99.0,68.30812854442344,33.0,0.6474951737271869
KXNBASIXTH-26-CSEX,Who will win Sixth Man of the Year?,KXNBASIXTH-26,,,2027-04-12T14:00:00Z,,529,1.0,96.0,4.0,99.0,2.5,97.5,100.0,-99.0,sell_both,10000.0,9900.0,99.0,68.30812854442344,3.0,0.6665208173793223
KXFED-27APR-T3.75,"Will the upper bound of the federal funds rate be above 3.75% following the Fed's Apr 28, 2027 meeting?",KXFED-27APR,,,2027-04-28T17:55:00Z,,545,5.0,52.0,48.0,95.0,26.5,73.5,100.0,-99.0,sell_both,10000.0,9900.0,99.0,66.30275229357798,43.0,0.0
KXFED-27APR-T3.50,"Will the upper bound of the federal funds rate be above 3.50% following the Fed's Apr 28, 2027 meeting?",KXFED-27APR,,,2027-04-28T17:55:00Z,,545,12.0,46.0,54.0,88.0,33.0,67.0,100.0,-99.0,sell_both,10000.0,9900.0,99.0,66.30275229357798,42.0,0.0
KXFED-27APR-T3.25,"Will the upper bound of the federal funds rate be above 3.25% following the Fed's Apr 28, 2027 meeting?",KXFED-27APR,,,2027-04-28T17:55:00Z,,545,17.0,46.0,54.0,83.0,35.5,64.5,100.0,-99.0,sell_both,10000.0,9900.0,99.0,66.30275229357798,37.0,0.0
KXFED-27APR-T2.75,"Will the upper bound of the federal funds rate be above 2.75% following the Fed's Apr 28, 2027 meeting?",KXFED-27APR,,,2027-04-28T17:55:00Z,,545,37.0,26.0,74.0,63.0,55.5,44.5,100.0,-99.0,sell_both,10000.0,9900.0,99.0,66.30275229357798,37.0,0.0
KXFED-27APR-T2.50,"Will the upper bound of the federal funds rate be above 2.50% following the Fed's Apr 28, 2027 meeting?",KXFED-27APR,,,2027-04-28T17:55:00Z,,545,42.0,17.0,83.0,58.0,62.5,37.5,100.0,-99.0,sell_both,10000.0,9900.0,99.0,66.30275229357798,41.0,0.0
KXFED-27APR-T2.25,"Will the upper bound of the federal funds rate be above 2.25% following the Fed's Apr 28, 2027 meeting?",KXFED-27APR,,,2027-04-28T17:55:00Z,,545,46.0,12.0,88.0,54.0,67.0,33.0,100.0,-99.0,sell_both,10000.0,9900.0,99.0,66.30275229357798,42.0,0.0
KXFED-27APR-T2.00,"Will the upper bound of the federal funds rate be above 2.00% following the Fed's Apr 28, 2027 meeting?",KXFED-27APR,,,2027-04-28T17:55:00Z,,545,52.0,5.0,95.0,48.0,73.5,26.5,100.0,-99.0,sell_both,10000.0,9900.0,99.0,66.30275229357798,43.0,0.0
KXFEDDECISION-27APR-H0,Will the Federal Reserve Hike rates by 0bps at their April 2027 meeting?,KXFEDDECISION-27APR,,,2027-04-28T17:59:00Z,,545,25.0,9.0,91.0,75.0,58.0,42.0,100.0,-99.0,sell_both,10000.0,9900.0,99.0,66.30275229357798,66.0,0.0
KXFEDDECISION-27APR-C25,Will the Federal Reserve Cut rates by 25bps at their April 2027 meeting?,KXFEDDECISION-27APR,,,2027-04-28T17:59:00Z,,545,2.0,28.0,72.0,98.0,37.0,63.0,100.0,-99.0,sell_both,10000.0,9900.0,99.0,66.30275229357798,70.0,0.0
KXIPODISCORD-27MAY01,When will Discord IPO?,KXIPODISCORD,,,2027-05-01T03:59:00Z,,548,75.0,15.0,85.0,25.0,80.0,20.0,100.0,-99.0,sell_both,10000.0,9900.0,99.0,65.93978102189782,10.0,0.0
KXIPOOPENAI-27MAY01,When will OpenAI IPO?,KXIPOOPENAI,,,2027-05-01T03:59:00Z,,548,3.0,7.0,93.0,97.0,48.0,52.0,100.0,-99.0,sell_both,10000.0,9900.0,99.0,65.93978102189782,90.0,0.0
KXCOLOMBIAPRES-26-ACHA,Who will win the next Colombian presidential election?,KXCOLOMBIAPRES-26,,,2027-05-31T14:00:00Z,,578,8.0,91.0,9.0,92.0,8.5,91.5,100.0,-99.0,sell_both,10000.0,9900.0,99.0,62.517301038062286,1.0,1.7423403800635513
KXDOGEMAX1-27-JUN01-0.99999999,When will Dogecoin hit $1?,KXDOGEMAX1,,,2027-06-01T14:00:00Z,,579,23.0,74.0,26.0,77.0,24.5,75.5,100.0,-99.0,sell_both,10000.0,9900.0,99.0,62.409326424870464,3.0,0.0
KXIPODISCORD-27JUN01,When will Discord IPO?,KXIPODISCORD,,,2027-06-01T03:59:00Z,,579,76.0,14.0,86.0,24.0,81.0,19.0,100.0,-99.0,sell_both,10000.0,9900.0,99.0,62.409326424870464,10.0,0.0
KXIPOOPENAI-27JUN01,When will OpenAI IPO?,KXIPOOPENAI,,,2027-06-01T03:59:00Z,,579,45.0,7.0,93.0,55.0,69.0,31.0,100.0,-99.0,sell_both,10000.0,9900.0,99.0,62.409326424870464,48.0,0.0
KXFEDDECISION-27JUN-H0,Will the Federal Reserve Hike rates by 0bps at their June 2027 meeting?,KXFEDDECISION-27JUN,,,2027-06-09T17:59:00Z,,587,25.0,9.0,91.0,75.0,58.0,42.0,100.0,-99.0,sell_both,10000.0,9900.0,99.0,61.558773424190804,66.0,0.04183300132670378
KXFEDDECISION-27JUN-C25,Will the Federal Reserve Cut rates by 25bps at their June 2027 meeting?,KXFEDDECISION-27JUN,,,2027-06-09T17:59:00Z,,587,2.0,28.0,72.0,98.0,37.0,63.0,100.0,-99.0,sell_both,10000.0,9900.0,99.0,61.558773424190804,70.0,0.13784048752090222
KXMEDIACOVERMADDEN-27-JON,Will Jonathan Taylor be on the cover of Madden NFL 27?,KXMEDIACOVERMADDEN-27,,,2027-07-03T15:00:00Z,,611,10.0,50.0,50.0,90.0,30.0,70.0,100.0,-99.0,sell_both,10000.0,9900.0,99.0,59.14075286415712,40.0,0.0
KXMEDIACOVERMADDEN-27-JAX,Will Jaxon Smith-Njigba be on the cover of Madden NFL 27?,KXMEDIACOVERMADDEN-27,,,2027-07-03T15:00:00Z,,611,8.0,50.0,50.0,92.0,29.0,71.0,100.0,-99.0,sell_both,10000.0,9900.0,99.0,59.14075286415712,42.0,0.0
KXMEDIACOVERMADDEN-27-TRA,Will Travis Kelce be on the cover of Madden NFL 27?,KXMEDIACOVERMADDEN-27,,,2027-07-03T15:00:00Z,,611,1.0,50.0,50.0,99.0,25.5,74.5,100.0,-99.0,sell_both,10000.0,9900.0,99.0,59.14075286415712,49.0,0.0
KXMEDIACOVERMADDEN-27-TJW,Will T.J. Watt be on the cover of Madden NFL 27?,KXMEDIACOVERMADDEN-27,,,2027-07-03T15:00:00Z,,611,1.0,50.0,50.0,99.0,25.5,74.5,100.0,-99.0,sell_both,10000.0,9900.0,99.0,59.14075286415712,49.0,0.0
KXMEDIACOVERMADDEN-27-SEQ,Will Saquon Barkley be on the cover of Madden NFL 27?,KXMEDIACOVERMADDEN-27,,,2027-07-03T15:00:00Z,,611,2.0,96.0,4.0,98.0,3.0,97.0,100.0,-99.0,sell_both,10000.0,9900.0,99.0,59.14075286415712,2.0,0.0
KXMEDIACOVERMADDEN-27-PAT,Will Patrick Mahomes be on the cover of Madden NFL 27?,KXMEDIACOVERMADDEN-27,,,2027-07-03T15:00:00Z,,611,2.0,50.0,50.0,98.0,26.0,74.0,100.0,-99.0,sell_both,10000.0,9900.0,99.0,59.14075286415712,48.0,0.0
KXMEDIACOVERMADDEN-27-MIC,Will Micah Parsons be on the cover of Madden NFL 27?,KXMEDIACOVERMADDEN-27,,,2027-07-03T15:00:00Z,,611,14.0,50.0,50.0,86.0,32.0,68.0,100.0,-99.0,sell_both,10000.0,9900.0,99.0,59.14075286415712,36.0,0.0
KXMEDIACOVERMADDEN-27-LAM,Will Lamar Jackson be on the cover of Madden NFL 27?,KXMEDIACOVERMADDEN-27,,,2027-07-03T15:00:00Z,,611,2.0,50.0,50.0,98.0,26.0,74.0,100.0,-99.0,sell_both,10000.0,9900.0,99.0,59.14075286415712,48.0,0.0
KXMEDIACOVERMADDEN-27-JUS,Will Justin Jefferson be on the cover of Madden NFL 27?,KXMEDIACOVERMADDEN-27,,,2027-07-03T15:00:00Z,,611,1.0,50.0,50.0,99.0,25.5,74.5,100.0,-99.0,sell_both,10000.0,9900.0,99.0,59.14075286415712,49.0,0.0
KXMEDIACOVERMADDEN-27-JOS,Will Josh Allen be on the cover of Madden NFL 27?,KXMEDIACOVERMADDEN-27,,,2027-07-03T15:00:00Z,,611,3.0,50.0,50.0,97.0,26.5,73.5,100.0,-99.0,sell_both,10000.0,9900.0,99.0,59.14075286415712,47.0,0.0
KXMEDIACOVERMADDEN-27-JAM,Will Ja’Marr Chase be on the cover of Madden NFL 27?,KXMEDIACOVERMADDEN-27,,,2027-07-03T15:00:00Z,,611,6.0,50.0,50.0,94.0,28.0,72.0,100.0,-99.0,sell_both,10000.0,9900.0,99.0,59.14075286415712,44.0,0.0
KXMEDIACOVERMADDEN-27-CHR,Will Christian McCaffrey be on the cover of Madden NFL 27?,KXMEDIACOVERMADDEN-27,,,2027-07-03T15:00:00Z,,611,2.0,50.0,50.0,98.0,26.0,74.0,100.0,-99.0,sell_both,10000.0,9900.0,99.0,59.14075286415712,48.0,0.0
KXMEDIACOVERMADDEN-27-CAL,Will Caleb Williams be on the cover of Madden NFL 27?,KXMEDIACOVERMADDEN-27,,,2027-07-03T15:00:00Z,,611,7.0,60.0,40.0,93.0,23.5,76.5,100.0,-99.0,sell_both,10000.0,9900.0,99.0,59.14075286415712,33.0,0.0
KXMEDIACOVERMADDEN-27-BIJ,Will Bijan Robinson be on the cover of Madden NFL 27?,KXMEDIACOVERMADDEN-27,,,2027-07-03T15:00:00Z,,611,2.0,50.0,50.0,98.0,26.0,74.0,100.0,-99.0,sell_both,10000.0,9900.0,99.0,59.14075286415712,48.0,0.0
KXMEDIACOVERMADDEN-27-AID,Will Aidan Hutchinson be on the cover of Madden NFL 27?,KXMEDIACOVERMADDEN-27,,,2027-07-03T15:00:00Z,,611,1.0,55.0,45.0,99.0,23.0,77.0,100.0,-99.0,sell_both,10000.0,9900.0,99.0,59.14075286415712,44.0,0.0
KXFEDDECISION-27JUL-H0,Will the Federal Reserve Hike rates by 0bps at their July 2027 meeting?,KXFEDDECISION-27JUL,,,2027-07-28T17:59:00Z,,636,25.0,9.0,91.0,75.0,58.0,42.0,100.0,-99.0,sell_both,10000.0,9900.0,99.0,56.81603773584906,66.0,0.05916079783099616
KXFEDDECISION-27JUL-C25,Will the Federal Reserve Cut rates by 25bps at their July 2027 meeting?,KXFEDDECISION-27JUL,,,2027-07-28T17:59:00Z,,636,2.0,29.0,71.0,98.0,36.5,63.5,100.0,-99.0,sell_both,10000.0,9900.0,99.0,56.81603773584906,69.0,0.06892024376045111
KXMVENFLMULTIGAME-2025A52D74341A8-B2DA047EC1F,"yes Miami,yes Carolina wins by over 49.5 points,yes Las Vegas wins by over 49.5 points",KXMVENFLMULTIGAME-2025A52D74341A8,,,2027-09-07T17:00:00Z,,677,32.0,65.0,35.0,68.0,33.5,66.5,100.0,-99.0,sell_both,10000.0,9900.0,99.0,53.3751846381093,3.0,0.0
KXMVENFLMULTIGAME-2025F399CE03A4A-949F4533A35,"yes Miami,yes Las Vegas wins by over 49.5 points",KXMVENFLMULTIGAME-2025F399CE03A4A,,,2027-09-07T17:00:00Z,,677,32.0,65.0,35.0,68.0,33.5,66.5,100.0,-99.0,sell_both,10000.0,9900.0,99.0,53.3751846381093,3.0,0.0
KXMVENFLMULTIGAME-2025707D96A94B4-6C1E7FBB268,"yes Miami,yes Dallas wins by over 49.5 points",KXMVENFLMULTIGAME-2025707D96A94B4,,,2027-09-07T17:00:00Z,,677,32.0,65.0,35.0,68.0,33.5,66.5,100.0,-99.0,sell_both,10000.0,9900.0,99.0,53.3751846381093,3.0,0.0
KXFEDDECISION-27SEP-H0,Will the Federal Reserve Hike rates by 0bps at their September 2027 meeting?,KXFEDDECISION-27SEP,,,2027-09-15T17:59:00Z,,685,25.0,9.0,91.0,75.0,58.0,42.0,100.0,-99.0,sell_both,10000.0,9900.0,99.0,52.75182481751825,66.0,0.05916079783099616
KXFEDDECISION-27SEP-C25,Will the Federal Reserve Cut rates by 25bps at their September 2027 meeting?,KXFEDDECISION-27SEP,,,2027-09-15T17:59:00Z,,685,2.0,28.0,72.0,98.0,37.0,63.0,100.0,-99.0,sell_both,10000.0,9900.0,99.0,52.75182481751825,70.0,0.09746794344808964
KXFEDDECISION-27OCT-H0,Will the Federal Reserve Hike rates by 0bps at their October 2027 meeting?,KXFEDDECISION-27OCT,,,2027-10-27T17:59:00Z,,727,25.0,9.0,91.0,75.0,58.0,42.0,100.0,-99.0,sell_both,10000.0,9900.0,99.0,49.70426409903715,66.0,0.05916079783099616
KXFEDDECISION-27OCT-C25,Will the Federal Reserve Cut rates by 25bps at their October 2027 meeting?,KXFEDDECISION-27OCT,,,2027-10-27T17:59:00Z,,727,2.0,28.0,72.0,98.0,37.0,63.0,100.0,-99.0,sell_both,10000.0,9900.0,99.0,49.70426409903715,70.0,0.06892024376045111
KXMLB-25-TOR,Will the Toronto win the Pro Baseball Championship?,KXMLB-25,,,2027-10-27T14:00:00Z,,727,36.0,63.0,37.0,64.0,36.5,63.5,100.0,-99.0,sell_both,10000.0,9900.0,99.0,49.70426409903715,1.0,3.5606881357400564
KXMLB-25-LAD,Will the Los Angeles D win the Pro Baseball Championship?,KXMLB-25,,,2027-10-27T14:00:00Z,,727,63.0,35.0,65.0,37.0,64.0,36.0,100.0,-99.0,sell_both,10000.0,9900.0,99.0,49.70426409903715,2.0,5.0
KXLEAGUEWORLDS-25-KTR,Will KT Rolster win the League Worlds?,KXLEAGUEWORLDS-25,,,2027-11-02T15:00:00Z,,733,6.0,93.0,7.0,94.0,6.5,93.5,100.0,-99.0,sell_both,10000.0,9900.0,99.0,49.29740791268758,1.0,0.0
KXLEAGUEWORLDS-25-AL,Will Anyone's Legend win the League Worlds?,KXLEAGUEWORLDS-25,,,2027-11-02T15:00:00Z,,733,11.0,88.0,12.0,89.0,11.5,88.5,100.0,-99.0,sell_both,10000.0,9900.0,99.0,49.29740791268758,1.0,0.0
KXLEAGUEWORLDS-25-TE,Will the Top Esports win the League Worlds?,KXLEAGUEWORLDS-25,,,2027-11-02T15:00:00Z,,733,3.0,95.0,5.0,97.0,4.0,96.0,100.0,-99.0,sell_both,10000.0,9900.0,99.0,49.29740791268758,2.0,2.4591156947162935
KXLEAGUEWORLDS-25-T1,Will the T1 win the League Worlds?,KXLEAGUEWORLDS-25,,,2027-11-02T15:00:00Z,,733,13.0,86.0,14.0,87.0,13.5,86.5,100.0,-99.0,sell_both,10000.0,9900.0,99.0,49.29740791268758,1.0,1.8284556324942642
KXLEAGUEWORLDS-25-GG,Will the Gen.G win the League Worlds?,KXLEAGUEWORLDS-25,,,2027-11-02T15:00:00Z,,733,67.0,32.0,68.0,33.0,67.5,32.5,100.0,-99.0,sell_both,10000.0,9900.0,99.0,49.29740791268758,1.0,2.4428467000612217
KXGOVCA-26-TSTE,Who will win the governorship in California?,KXGOVCA-26,,,2027-11-03T15:00:00Z,,734,2.0,95.0,5.0,98.0,3.5,96.5,100.0,-99.0,sell_both,10000.0,9900.0,99.0,49.23024523160763,3.0,0.0
KXGOVCA-26-RCAR,Who will win the governorship in California?,KXGOVCA-26,,,2027-11-03T15:00:00Z,,734,10.0,83.0,17.0,90.0,13.5,86.5,100.0,-99.0,sell_both,10000.0,9900.0,99.0,49.23024523160763,7.0,0.0
KXGOVCA-26-KHAR,Who will win the governorship in California?,KXGOVCA-26,,,2027-11-03T15:00:00Z,,734,1.0,97.0,3.0,99.0,2.0,98.0,100.0,-99.0,sell_both,10000.0,9900.0,99.0,49.23024523160763,2.0,0.0
KXGOVCA-26-ALEX,Who will win the governorship in California?,KXGOVCA-26,,,2027-11-03T15:00:00Z,,734,24.0,72.0,28.0,76.0,26.0,74.0,100.0,-99.0,sell_both,10000.0,9900.0,99.0,49.23024523160763,4.0,0.0
KXSECSTATEGA-26-D,Will the Democratic party win the Secretary of State election in Georgia?,KXSECSTATEGA-26,,,2027-11-03T15:00:00Z,,734,79.0,99.0,1.0,21.0,40.0,60.0,100.0,-99.0,sell_both,10000.0,9900.0,99.0,49.23024523160763,-78.0,3906.0727301617835
KXATTYGENNY-26-R,Will the Republican party win the Attorney General race in New York?,KXATTYGENNY-26,,,2027-11-03T15:00:00Z,,734,58.0,41.0,59.0,42.0,58.5,41.5,100.0,-99.0,sell_both,10000.0,9900.0,99.0,49.23024523160763,1.0,1.9001315743916263
KXATTYGENNE-26-R,Will the Republican party win the Attorney General race in Nebraska?,KXATTYGENNE-26,,,2027-11-03T15:00:00Z,,734,18.0,81.0,19.0,82.0,18.5,81.5,100.0,-99.0,sell_both,10000.0,9900.0,99.0,49.23024523160763,1.0,1.6856007831037574
KXATTYGENVT-26-D,Will the Democratic party win the Attorney General race in Vermont?,KXATTYGENVT-26,,,2027-11-03T15:00:00Z,,734,16.0,82.0,18.0,84.0,17.0,83.0,100.0,-99.0,sell_both,10000.0,9900.0,99.0,49.23024523160763,2.0,1.8380696395947569
KXATTYGENMN-26-D,Will the Democratic party win the Attorney General race in Minnesota?,KXATTYGENMN-26,,,2027-11-03T15:00:00Z,,734,54.0,99.0,1.0,46.0,27.5,72.5,100.0,-99.0,sell_both,10000.0,9900.0,99.0,49.23024523160763,-53.0,2656.488119618848
HOUSECA47-26-D,Will Democratic win the House race for CA-47?,HOUSECA47-26,,,2027-11-03T15:00:00Z,,734,58.0,41.0,59.0,42.0,58.5,41.5,100.0,-99.0,sell_both,10000.0,9900.0,99.0,49.23024523160763,1.0,2.0537770083434084
HOUSENY22-26-R,Will a Republican win the House race for NY-22?,HOUSENY22-26,,,2027-11-03T15:00:00Z,,734,99.0,70.0,30.0,1.0,64.5,35.5,100.0,-99.0,sell_both,10000.0,9900.0,99.0,49.23024523160763,-69.0,3457.0112185361118
HOUSETX15-26-D,Will Democratic win the House race for TX-15?,HOUSETX15-26,,,2027-11-03T15:00:00Z,,734,18.0,80.0,20.0,82.0,19.0,81.0,100.0,-99.0,sell_both,10000.0,9900.0,99.0,49.23024523160763,2.0,1.6684573713463584
HOUSEVA2-26-R,Will Republican win the House race for VA-2?,HOUSEVA2-26,,,2027-11-03T15:00:00Z,,734,10.0,89.0,11.0,90.0,10.5,89.5,100.0,-99.0,sell_both,10000.0,9900.0,99.0,49.23024523160763,1.0,1.5413468136665414
HOUSEAZ6-26-D,Will Democratic win the House race for AZ-6?,HOUSEAZ6-26,,,2027-11-03T15:00:00Z,,734,34.0,64.0,36.0,66.0,35.0,65.0,100.0,-99.0,sell_both,10000.0,9900.0,99.0,49.23024523160763,2.0,1.8297540818372287
HOUSEPA10-26-R,Will Republican win the House race for PA-10?,HOUSEPA10-26,,,2027-11-03T15:00:00Z,,734,99.0,82.0,18.0,1.0,58.5,41.5,100.0,-99.0,sell_both,10000.0,9900.0,99.0,49.23024523160763,-81.0,4056.454303957225
KXGOVCA-26-SHIL,Who will win the governorship in California?,KXGOVCA-26,,,2027-11-03T15:00:00Z,,734,8.0,90.0,10.0,92.0,9.0,91.0,100.0,-99.0,sell_both,10000.0,9900.0,99.0,49.23024523160763,2.0,1.8476336216901879
KXGOVCA-26-SCLO,Who will win the governorship in California?,KXGOVCA-26,,,2027-11-03T15:00:00Z,,734,12.0,83.0,17.0,88.0,14.5,85.5,100.0,-99.0,sell_both,10000.0,9900.0,99.0,49.23024523160763,5.0,2.490833193933307
KXGOVCA-26-KPOR,Who will win the governorship in California?,KXGOVCA-26,,,2027-11-03T15:00:00Z,,734,14.0,81.0,19.0,86.0,16.5,83.5,100.0,-99.0,sell_both,10000.0,9900.0,99.0,49.23024523160763,5.0,1.835074930350257
KXGOVCA-26-AVIL,Who will win the governorship in California?,KXGOVCA-26,,,2027-11-03T15:00:00Z,,734,2.0,96.0,4.0,98.0,3.0,97.0,100.0,-99.0,sell_both,10000.0,9900.0,99.0,49.23024523160763,2.0,2.364318083507378
KXGOVCA-26-XBEC,Who will win the governorship in California?,KXGOVCA-26,,,2027-11-03T15:00:00Z,,734,3.0,96.0,4.0,97.0,3.5,96.5,100.0,-99.0,sell_both,10000.0,9900.0,99.0,49.23024523160763,1.0,1.856138464662591
KXGOVCA-26-TATK,Who will win the governorship in California?,KXGOVCA-26,,,2027-11-03T15:00:00Z,,734,1.0,98.0,2.0,99.0,1.5,98.5,100.0,-99.0,sell_both,10000.0,9900.0,99.0,49.23024523160763,1.0,2.436134232754837
KXGOVCA-26-CBIA,Who will win the governorship in California?,KXGOVCA-26,,,2027-11-03T15:00:00Z,,734,3.0,95.0,5.0,97.0,4.0,96.0,100.0,-99.0,sell_both,10000.0,9900.0,99.0,49.23024523160763,2.0,2.101666005815386
GOVPARTYHI-26-D,Will the Democratic party win the governorship in Hawaii,GOVPARTYHI-26,,,2027-11-03T15:00:00Z,,734,90.0,99.0,1.0,10.0,45.5,54.5,100.0,-99.0,sell_both,10000.0,9900.0,99.0,49.23024523160763,-89.0,4457.2626312116645
GOVPARTYMD-26-R,Will the Republican party win the governorship in Maryland,GOVPARTYMD-26,,,2027-11-03T15:00:00Z,,734,35.0,63.0,37.0,65.0,36.0,64.0,100.0,-99.0,sell_both,10000.0,9900.0,99.0,49.23024523160763,2.0,1.8542518707014968
KXMAYORMINN-26-OFAT,Who will win Minneapolis Mayoral Election?,KXMAYORMINN-26,,,2027-11-04T15:00:00Z,,735,24.0,74.0,26.0,76.0,25.0,75.0,100.0,-99.0,sell_both,10000.0,9900.0,99.0,49.16326530612245,2.0,0.0
KXMAYORMINN-26-JFRE,Who will win Minneapolis Mayoral Election?,KXMAYORMINN-26,,,2027-11-04T15:00:00Z,,735,74.0,23.0,77.0,26.0,75.5,24.5,100.0,-99.0,sell_both,10000.0,9900.0,99.0,49.16326530612245,3.0,0.0
KXNCAAFACC-25-PITT,College Football ACC Championship Winner?,KXNCAAFACC-25,,,2027-12-06T15:00:00Z,,767,5.0,90.0,10.0,95.0,7.5,92.5,100.0,-99.0,sell_both,10000.0,9900.0,99.0,47.11212516297262,5.0,1.981476722043436
KXNCAAFACC-25-MIA,College Football ACC Championship Winner?,KXNCAAFACC-25,,,2027-12-06T15:00:00Z,,767,25.0,71.0,29.0,75.0,27.0,73.0,100.0,-99.0,sell_both,10000.0,9900.0,99.0,47.11212516297262,4.0,2.275302177733762
KXNCAAFACC-25-LOU,College Football ACC Championship Winner?,KXNCAAFACC-25,,,2027-12-06T15:00:00Z,,767,13.0,85.0,15.0,87.0,14.0,86.0,100.0,-99.0,sell_both,10000.0,9900.0,99.0,47.11212516297262,2.0,2.1288494545176273
KXNCAAFACC-25-GT,College Football ACC Championship Winner?,KXNCAAFACC-25,,,2027-12-06T15:00:00Z,,767,34.0,64.0,36.0,66.0,35.0,65.0,100.0,-99.0,sell_both,10000.0,9900.0,99.0,47.11212516297262,2.0,2.0156264534878483
KXNCAAFACC-25-DUKE,College Football ACC Championship Winner?,KXNCAAFACC-25,,,2027-12-06T15:00:00Z,,767,5.0,92.0,8.0,95.0,6.5,93.5,100.0,-99.0,sell_both,10000.0,9900.0,99.0,47.11212516297262,3.0,2.657630523605567
KXNCAAFSEC-25-VAN,College Football SEC Championship Winner?,KXNCAAFSEC-25,,,2027-12-06T15:00:00Z,,767,4.0,95.0,5.0,96.0,4.5,95.5,100.0,-99.0,sell_both,10000.0,9900.0,99.0,47.11212516297262,1.0,1.9034836484719273
KXNCAAFSEC-25-UGA,College Football SEC Championship Winner?,KXNCAAFSEC-25,,,2027-12-06T15:00:00Z,,767,12.0,85.0,15.0,88.0,13.5,86.5,100.0,-99.0,sell_both,10000.0,9900.0,99.0,47.11212516297262,3.0,2.3766573164846463
KXNCAAFSEC-25-TXAM,College Football SEC Championship Winner?,KXNCAAFSEC-25,,,2027-12-06T15:00:00Z,,767,32.0,67.0,33.0,68.0,32.5,67.5,100.0,-99.0,sell_both,10000.0,9900.0,99.0,47.11212516297262,1.0,1.7161730681956293
KXNCAAFSEC-25-MISS,College Football SEC Championship Winner?,KXNCAAFSEC-25,,,2027-12-06T15:00:00Z,,767,8.0,91.0,9.0,92.0,8.5,91.5,100.0,-99.0,sell_both,10000.0,9900.0,99.0,47.11212516297262,1.0,2.1408526338821177
KXNCAAFSEC-25-ALA,College Football SEC Championship Winner?,KXNCAAFSEC-25,,,2027-12-06T15:00:00Z,,767,38.0,58.0,42.0,62.0,40.0,60.0,100.0,-99.0,sell_both,10000.0,9900.0,99.0,47.11212516297262,4.0,2.1011901389450696
KXNCAAFSEC-25-TEX,College Football SEC Championship Winner?,KXNCAAFSEC-25,,,2027-12-06T15:00:00Z,,767,2.0,96.0,4.0,98.0,3.0,97.0,100.0,-99.0,sell_both,10000.0,9900.0,99.0,47.11212516297262,2.0,2.00549245822566
KXF1-25-OP,Will the Oscar Piastri win the Formula 1 Drivers Championship?,KXF1-25,,,2027-12-07T15:00:00Z,,768,25.0,72.0,28.0,75.0,26.5,73.5,100.0,-99.0,sell_both,10000.0,9900.0,99.0,47.05078125,3.0,2.0927254956157055
KXF1-25-MV,Will the Max Verstappen win the Formula 1 Drivers Championship?,KXF1-25,,,2027-12-07T15:00:00Z,,768,18.0,80.0,20.0,82.0,19.0,81.0,100.0,-99.0,sell_both,10000.0,9900.0,99.0,47.05078125,2.0,1.7235138525698017
KXF1-25-LN,Will the Lando Norris win the Formula 1 Drivers Championship?,KXF1-25,,,2027-12-07T15:00:00Z,,768,54.0,44.0,56.0,46.0,55.0,45.0,100.0,-99.0,sell_both,10000.0,9900.0,99.0,47.05078125,2.0,2.070688291365941
KXFEDDECISION-27DEC-H0,Will the Federal Reserve Hike rates by 0bps at their December 2027 meeting?,KXFEDDECISION-27DEC,,,2027-12-08T18:59:00Z,,769,25.0,9.0,91.0,75.0,58.0,42.0,100.0,-99.0,sell_both,10000.0,9900.0,99.0,46.98959687906372,66.0,0.0
KXFEDDECISION-27DEC-C25,Will the Federal Reserve Cut rates by 25bps at their December 2027 meeting?,KXFEDDECISION-27DEC,,,2027-12-08T18:59:00Z,,769,2.0,28.0,72.0,98.0,37.0,63.0,100.0,-99.0,sell_both,10000.0,9900.0,99.0,46.98959687906372,70.0,0.0
KXNBACUP-25-OKC,Pro Basketball Cup,KXNBACUP-25,,,2027-12-17T03:00:00Z,,778,14.0,78.0,22.0,86.0,18.0,82.0,100.0,-99.0,sell_both,10000.0,9900.0,99.0,46.44601542416452,8.0,0.0
KXNBACUP-25-CLE,Pro Basketball Cup,KXNBACUP-25,,,2027-12-17T03:00:00Z,,778,8.0,86.0,14.0,92.0,11.0,89.0,100.0,-99.0,sell_both,10000.0,9900.0,99.0,46.44601542416452,6.0,0.0
KXNBACUP-25-TOR,Pro Basketball Cup,KXNBACUP-25,,,2027-12-17T03:00:00Z,,778,2.0,94.0,6.0,98.0,4.0,96.0,100.0,-99.0,sell_both,10000.0,9900.0,99.0,46.44601542416452,4.0,0.0
KXNBACUP-25-SAS,Pro Basketball Cup,KXNBACUP-25,,,2027-12-17T03:00:00Z,,778,5.0,90.0,10.0,95.0,7.5,92.5,100.0,-99.0,sell_both,10000.0,9900.0,99.0,46.44601542416452,5.0,0.0
KXNBACUP-25-PHI,Pro Basketball Cup,KXNBACUP-25,,,2027-12-17T03:00:00Z,,778,2.0,91.0,9.0,98.0,5.5,94.5,100.0,-99.0,sell_both,10000.0,9900.0,99.0,46.44601542416452,7.0,0.0
KXNBACUP-25-ORL,Pro Basketball Cup,KXNBACUP-25,,,2027-12-17T03:00:00Z,,778,2.0,90.0,10.0,98.0,6.0,94.0,100.0,-99.0,sell_both,10000.0,9900.0,99.0,46.44601542416452,8.0,0.0
KXNBACUP-25-NYK,Pro Basketball Cup,KXNBACUP-25,,,2027-12-17T03:00:00Z,,778,7.0,85.0,15.0,93.0,11.0,89.0,100.0,-99.0,sell_both,10000.0,9900.0,99.0,46.44601542416452,8.0,0.0
KXNBACUP-25-MIN,Pro Basketball Cup,KXNBACUP-25,,,2027-12-17T03:00:00Z,,778,1.0,91.0,9.0,99.0,5.0,95.0,100.0,-99.0,sell_both,10000.0,9900.0,99.0,46.44601542416452,8.0,0.0
KXNBACUP-25-MIL,Pro Basketball Cup,KXNBACUP-25,,,2027-12-17T03:00:00Z,,778,3.0,91.0,9.0,97.0,6.0,94.0,100.0,-99.0,sell_both,10000.0,9900.0,99.0,46.44601542416452,6.0,0.0
KXNBACUP-25-LAL,Pro Basketball Cup,KXNBACUP-25,,,2027-12-17T03:00:00Z,,778,4.0,90.0,10.0,96.0,7.0,93.0,100.0,-99.0,sell_both,10000.0,9900.0,99.0,46.44601542416452,6.0,0.0
KXNBACUP-25-LAC,Pro Basketball Cup,KXNBACUP-25,,,2027-12-17T03:00:00Z,,778,3.0,94.0,6.0,97.0,4.5,95.5,100.0,-99.0,sell_both,10000.0,9900.0,99.0,46.44601542416452,3.0,0.0
KXNBACUP-25-IND,Pro Basketball Cup,KXNBACUP-25,,,2027-12-17T03:00:00Z,,778,2.0,95.0,5.0,98.0,3.5,96.5,100.0,-99.0,sell_both,10000.0,9900.0,99.0,46.44601542416452,3.0,0.0
KXNBACUP-25-HOU,Pro Basketball Cup,KXNBACUP-25,,,2027-12-17T03:00:00Z,,778,4.0,90.0,10.0,96.0,7.0,93.0,100.0,-99.0,sell_both,10000.0,9900.0,99.0,46.44601542416452,6.0,0.0
KXNBACUP-25-GSW,Pro Basketball Cup,KXNBACUP-25,,,2027-12-17T03:00:00Z,,778,5.0,90.0,10.0,95.0,7.5,92.5,100.0,-99.0,sell_both,10000.0,9900.0,99.0,46.44601542416452,5.0,0.0
KXNBACUP-25-DET,Pro Basketball Cup,KXNBACUP-25,,,2027-12-17T03:00:00Z,,778,2.0,93.0,7.0,98.0,4.5,95.5,100.0,-99.0,sell_both,10000.0,9900.0,99.0,46.44601542416452,5.0,0.0
KXNBACUP-25-DEN,Pro Basketball Cup,KXNBACUP-25,,,2027-12-17T03:00:00Z,,778,5.0,87.0,13.0,95.0,9.0,91.0,100.0,-99.0,sell_both,10000.0,9900.0,99.0,46.44601542416452,8.0,0.0
KXNBACUP-25-DAL,Pro Basketball Cup,KXNBACUP-25,,,2027-12-17T03:00:00Z,,778,1.0,91.0,9.0,99.0,5.0,95.0,100.0,-99.0,sell_both,10000.0,9900.0,99.0,46.44601542416452,8.0,0.0
KXNBACUP-25-ATL,Pro Basketball Cup,KXNBACUP-25,,,2027-12-17T03:00:00Z,,778,1.0,92.0,8.0,99.0,4.5,95.5,100.0,-99.0,sell_both,10000.0,9900.0,99.0,46.44601542416452,7.0,0.0
KXHEISMAN-26-TCHA,Who will win Heisman Trophy Winner?,KXHEISMAN-26,,,2027-12-31T15:00:00Z,,792,1.0,98.0,2.0,99.0,1.5,98.5,100.0,-99.0,sell_both,10000.0,9900.0,99.0,45.625,1.0,0.0
KXHEISMAN-26-DPAV,Who will win Heisman Trophy Winner?,KXHEISMAN-26,,,2027-12-31T15:00:00Z,,792,8.0,90.0,10.0,92.0,9.0,91.0,100.0,-99.0,sell_both,10000.0,9900.0,99.0,45.625,2.0,0.0
KXHEISMAN-26-HKIN,Who will win Heisman Trophy Winner?,KXHEISMAN-26,,,2027-12-31T15:00:00Z,,792,2.0,97.0,3.0,98.0,2.5,97.5,100.0,-99.0,sell_both,10000.0,9900.0,99.0,45.625,1.0,0.0
KXHEISMAN-26-TSIM,Who will win Heisman Trophy Winner?,KXHEISMAN-26,,,2027-12-31T15:00:00Z,,792,16.0,81.0,19.0,84.0,17.5,82.5,100.0,-99.0,sell_both,10000.0,9900.0,99.0,45.625,3.0,0.0
KXHEISMAN-26-JSMI,Who will win Heisman Trophy Winner?,KXHEISMAN-26,,,2027-12-31T15:00:00Z,,792,1.0,97.0,3.0,99.0,2.0,98.0,100.0,-99.0,sell_both,10000.0,9900.0,99.0,45.625,2.0,0.0
KXHEISMAN-26-JSAY,Who will win Heisman Trophy Winner?,KXHEISMAN-26,,,2027-12-31T15:00:00Z,,792,19.0,80.0,20.0,81.0,19.5,80.5,100.0,-99.0,sell_both,10000.0,9900.0,99.0,45.625,1.0,0.0
KXHEISMAN-26-DMOO,Who will win Heisman Trophy Winner?,KXHEISMAN-26,,,2027-12-31T15:00:00Z,,792,1.0,98.0,2.0,99.0,1.5,98.5,100.0,-99.0,sell_both,10000.0,9900.0,99.0,45.625,1.0,0.0
KXHEISMAN-26-CBEC,Who will win Heisman Trophy Winner?,KXHEISMAN-26,,,2027-12-31T15:00:00Z,,792,1.0,98.0,2.0,99.0,1.5,98.5,100.0,-99.0,sell_both,10000.0,9900.0,99.0,45.625,1.0,0.0
KXHEISMAN-26-MREE,Who will win Heisman Trophy Winner?,KXHEISMAN-26,,,2027-12-31T15:00:00Z,,792,11.0,86.0,14.0,89.0,12.5,87.5,100.0,-99.0,sell_both,10000.0,9900.0,99.0,45.625,3.0,0.0
KXHEISMAN-26-JLOV,Who will win Heisman Trophy Winner?,KXHEISMAN-26,,,2027-12-31T15:00:00Z,,792,2.0,96.0,4.0,98.0,3.0,97.0,100.0,-99.0,sell_both,10000.0,9900.0,99.0,45.625,2.0,0.0
KXHEISMAN-26-GSTO,Who will win Heisman Trophy Winner?,KXHEISMAN-26,,,2027-12-31T15:00:00Z,,792,2.0,96.0,4.0,98.0,3.0,97.0,100.0,-99.0,sell_both,10000.0,9900.0,99.0,45.625,2.0,0.0
KXHEISMAN-26-FMEN,Who will win Heisman Trophy Winner?,KXHEISMAN-26,,,2027-12-31T15:00:00Z,,792,27.0,65.0,35.0,73.0,31.0,69.0,100.0,-99.0,sell_both,10000.0,9900.0,99.0,45.625,8.0,0.1284523257866513
KXDENMARKPARLI-26-DEMOCRATS,Who will win the next Danish general election?,KXDENMARKPARLI-26,,,2027-12-31T15:00:00Z,,792,88.0,11.0,89.0,12.0,88.5,11.5,100.0,-99.0,sell_both,10000.0,9900.0,99.0,45.625,1.0,2.1163648078722157
KXMLSCUP-25-VAN,Will the Vancouver win the 2025 MLS Cup?,KXMLSCUP-25,,,2027-12-31T15:00:00Z,,792,11.0,87.0,13.0,89.0,12.0,88.0,100.0,-99.0,sell_both,10000.0,9900.0,99.0,45.625,2.0,1.9368143948246563
KXMLSCUP-25-SEA,Will the Seattle win the 2025 MLS Cup?,KXMLSCUP-25,,,2027-12-31T15:00:00Z,,792,5.0,92.0,8.0,95.0,6.5,93.5,100.0,-99.0,sell_both,10000.0,9900.0,99.0,45.625,3.0,1.9796464330783918
KXMLSCUP-25-SD,Will the San Diego win the 2025 MLS Cup?,KXMLSCUP-25,,,2027-12-31T15:00:00Z,,792,10.0,87.0,13.0,90.0,11.5,88.5,100.0,-99.0,sell_both,10000.0,9900.0,99.0,45.625,3.0,1.9282764324650135
KXMLSCUP-25-PHI,Will the Philadelphia win the 2025 MLS Cup?,KXMLSCUP-25,,,2027-12-31T15:00:00Z,,792,10.0,88.0,12.0,90.0,11.0,89.0,100.0,-99.0,sell_both,10000.0,9900.0,99.0,45.625,2.0,2.228788908802267
KXMLSCUP-25-NYC,Will the New York City win the 2025 MLS Cup?,KXMLSCUP-25,,,2027-12-31T15:00:00Z,,792,2.0,95.0,5.0,98.0,3.5,96.5,100.0,-99.0,sell_both,10000.0,9900.0,99.0,45.625,3.0,2.1502325455633864
KXMLSCUP-25-NSH,Will the Nashville win the 2025 MLS Cup?,KXMLSCUP-25,,,2027-12-31T15:00:00Z,,792,4.0,94.0,6.0,96.0,5.0,95.0,100.0,-99.0,sell_both,10000.0,9900.0,99.0,45.625,2.0,1.9047309521294602
KXMLSCUP-25-MIN,Will the Minnesota win the 2025 MLS Cup?,KXMLSCUP-25,,,2027-12-31T15:00:00Z,,792,4.0,95.0,5.0,96.0,4.5,95.5,100.0,-99.0,sell_both,10000.0,9900.0,99.0,45.625,1.0,2.3551008470976353
KXMLSCUP-25-MIA,Will the Miami win the 2025 MLS Cup?,KXMLSCUP-25,,,2027-12-31T15:00:00Z,,792,21.0,70.0,30.0,79.0,25.5,74.5,100.0,-99.0,sell_both,10000.0,9900.0,99.0,45.625,9.0,2.1376973593097786
KXMLSCUP-25-LAFC,Will the Los Angeles win the 2025 MLS Cup?,KXMLSCUP-25,,,2027-12-31T15:00:00Z,,792,6.0,75.0,25.0,94.0,15.5,84.5,100.0,-99.0,sell_both,10000.0,9900.0,99.0,45.625,19.0,1.9838094666575217
KXMLSCUP-25-CLB,Will the Columbus win the 2025 MLS Cup?,KXMLSCUP-25,,,2027-12-31T15:00:00Z,,792,4.0,94.0,6.0,96.0,5.0,95.0,100.0,-99.0,sell_both,10000.0,9900.0,99.0,45.625,2.0,2.3747105086725835
KXMLSCUP-25-CIN,Will the Cincinnati win the 2025 MLS Cup?,KXMLSCUP-25,,,2027-12-31T15:00:00Z,,792,8.0,90.0,10.0,92.0,9.0,91.0,100.0,-99.0,sell_both,10000.0,9900.0,99.0,45.625,2.0,2.1087318463948894
KXMLSCUP-25-CLT,Will the Charlotte win the 2025 MLS Cup?,KXMLSCUP-25,,,2027-12-31T15:00:00Z,,792,3.0,96.0,4.0,97.0,3.5,96.5,100.0,-99.0,sell_both,10000.0,9900.0,99.0,45.625,1.0,1.797220075561143
KX2028DRUN-28-JOSS,Who will run for the Democratic presidential nomination in 2028?,KX2028DRUN-28,,,2028-01-01T15:00:00Z,,793,30.0,60.0,40.0,70.0,35.0,65.0,100.0,-99.0,sell_both,10000.0,9900.0,99.0,45.56746532156368,10.0,0.0
KX2028DRUN-28-ESLO,Who will run for the Democratic presidential nomination in 2028?,KX2028DRUN-28,,,2028-01-01T15:00:00Z,,793,21.0,70.0,30.0,79.0,25.5,74.5,100.0,-99.0,sell_both,10000.0,9900.0,99.0,45.56746532156368,9.0,0.0
KX2028DRUN-28-CHOL,Who will run for the Democratic presidential nomination in 2028?,KX2028DRUN-28,,,2028-01-01T15:00:00Z,,793,19.0,71.0,29.0,81.0,24.0,76.0,100.0,-99.0,sell_both,10000.0,9900.0,99.0,45.56746532156368,10.0,0.0
KXDJTVOSTARIFFS,"Will the Supreme Court rule in favor of Trump in V.O.S. Selections, Inc. v. Trump",KXDJTVOSTARIFFS,,,2028-01-01T15:00:00Z,,793,38.0,58.0,42.0,62.0,40.0,60.0,100.0,-99.0,sell_both,10000.0,9900.0,99.0,45.56746532156368,4.0,0.0
KX2028DRUN-28-PMUR,Who will run for the Democratic presidential nomination in 2028?,KX2028DRUN-28,,,2028-01-01T15:00:00Z,,793,30.0,60.0,40.0,70.0,35.0,65.0,100.0,-99.0,sell_both,10000.0,9900.0,99.0,45.56746532156368,10.0,0.0
KX2028DRUN-28-HBID,Who will run for the Democratic presidential nomination in 2028?,KX2028DRUN-28,,,2028-01-01T15:00:00Z,,793,14.0,76.0,24.0,86.0,19.0,81.0,100.0,-99.0,sell_both,10000.0,9900.0,99.0,45.56746532156368,10.0,0.0
KX2028DRUN-28-DPHI,Who will run for the Democratic presidential nomination in 2028?,KX2028DRUN-28,,,2028-01-01T15:00:00Z,,793,24.0,69.0,31.0,76.0,27.5,72.5,100.0,-99.0,sell_both,10000.0,9900.0,99.0,45.56746532156368,7.0,0.0
KX2028DRUN-28-CBOOK,Who will run for the Democratic presidential nomination in 2028?,KX2028DRUN-28,,,2028-01-01T15:00:00Z,,793,47.0,43.0,57.0,53.0,52.0,48.0,100.0,-99.0,sell_both,10000.0,9900.0,99.0,45.56746532156368,10.0,0.0
KX2028DRUN-28-REMA,Who will run for the Democratic presidential nomination in 2028?,KX2028DRUN-28,,,2028-01-01T15:00:00Z,,793,63.0,36.0,64.0,37.0,63.5,36.5,100.0,-99.0,sell_both,10000.0,9900.0,99.0,45.56746532156368,1.0,2.1161876098304706
KX2028DRUN-28-MKEL,Who will run for the Democratic presidential nomination in 2028?,KX2028DRUN-28,,,2028-01-01T15:00:00Z,,793,21.0,69.0,31.0,79.0,26.0,74.0,100.0,-99.0,sell_both,10000.0,9900.0,99.0,45.56746532156368,10.0,1.590911688309568
KX2028DRUN-28-JSTE,Who will run for the Democratic presidential nomination in 2028?,KX2028DRUN-28,,,2028-01-01T15:00:00Z,,793,6.0,85.0,15.0,94.0,10.5,89.5,100.0,-99.0,sell_both,10000.0,9900.0,99.0,45.56746532156368,9.0,2.119315927369018
KX2028DRUN-28-JPOL,Who will run for the Democratic presidential nomination in 2028?,KX2028DRUN-28,,,2028-01-01T15:00:00Z,,793,61.0,31.0,69.0,39.0,65.0,35.0,100.0,-99.0,sell_both,10000.0,9900.0,99.0,45.56746532156368,8.0,2.08716314647418
KX2028DRUN-28-HCLI,Who will run for the Democratic presidential nomination in 2028?,KX2028DRUN-28,,,2028-01-01T15:00:00Z,,793,1.0,95.0,5.0,99.0,3.0,97.0,100.0,-99.0,sell_both,10000.0,9900.0,99.0,45.56746532156368,4.0,1.8553975315279472
KX2028DRUN-28-WMOO,Who will run for the Democratic presidential nomination in 2028?,KX2028DRUN-28,,,2028-01-01T15:00:00Z,,793,59.0,38.0,62.0,41.0,60.5,39.5,100.0,-99.0,sell_both,10000.0,9900.0,99.0,45.56746532156368,3.0,1.9503845774615836
KX2028DRUN-28-TWAL,Who will run for the Democratic presidential nomination in 2028?,KX2028DRUN-28,,,2028-01-01T15:00:00Z,,793,13.0,81.0,19.0,87.0,16.0,84.0,100.0,-99.0,sell_both,10000.0,9900.0,99.0,45.56746532156368,6.0,2.0109077552190207
KX2028DRUN-28-SAS,Who will run for the Democratic presidential nomination in 2028?,KX2028DRUN-28,,,2028-01-01T15:00:00Z,,793,26.0,66.0,34.0,74.0,30.0,70.0,100.0,-99.0,sell_both,10000.0,9900.0,99.0,45.56746532156368,8.0,2.2694162244947487
KX2028DRUN-28-RWAR,Who will run for the Democratic presidential nomination in 2028?,KX2028DRUN-28,,,2028-01-01T15:00:00Z,,793,21.0,69.0,31.0,79.0,26.0,74.0,100.0,-99.0,sell_both,10000.0,9900.0,99.0,45.56746532156368,10.0,2.1048159064393257
KX2028DRUN-28-RCOO,Who will run for the Democratic presidential nomination in 2028?,KX2028DRUN-28,,,2028-01-01T15:00:00Z,,793,31.0,65.0,35.0,69.0,33.0,67.0,100.0,-99.0,sell_both,10000.0,9900.0,99.0,45.56746532156368,4.0,1.5663652192257078
KX2028DRUN-28-PBUT,Who will run for the Democratic presidential nomination in 2028?,KX2028DRUN-28,,,2028-01-01T15:00:00Z,,793,73.0,18.0,82.0,27.0,77.5,22.5,100.0,-99.0,sell_both,10000.0,9900.0,99.0,45.56746532156368,9.0,2.2522211259110416
KX2028DRUN-28-MOBA,Who will run for the Democratic presidential nomination in 2028?,KX2028DRUN-28,,,2028-01-01T15:00:00Z,,793,3.0,94.0,6.0,97.0,4.5,95.5,100.0,-99.0,sell_both,10000.0,9900.0,99.0,45.56746532156368,3.0,2.0868037761131255
KX2028DRUN-28-MCUB,Who will run for the Democratic presidential nomination in 2028?,KX2028DRUN-28,,,2028-01-01T15:00:00Z,,793,21.0,70.0,30.0,79.0,25.5,74.5,100.0,-99.0,sell_both,10000.0,9900.0,99.0,45.56746532156368,9.0,1.6983079814921676
KX2028DRUN-28-KHAR,Who will run for the Democratic presidential nomination in 2028?,KX2028DRUN-28,,,2028-01-01T15:00:00Z,,793,31.0,67.0,33.0,69.0,32.0,68.0,100.0,-99.0,sell_both,10000.0,9900.0,99.0,45.56746532156368,2.0,1.8820201911775547
KX2028DRUN-28-JPRI,Who will run for the Democratic presidential nomination in 2028?,KX2028DRUN-28,,,2028-01-01T15:00:00Z,,793,72.0,25.0,75.0,28.0,73.5,26.5,100.0,-99.0,sell_both,10000.0,9900.0,99.0,45.56746532156368,3.0,1.976486782146544
KX2028DRUN-28-JFET,Who will run for the Democratic presidential nomination in 2028?,KX2028DRUN-28,,,2028-01-01T15:00:00Z,,793,25.0,74.0,26.0,75.0,25.5,74.5,100.0,-99.0,sell_both,10000.0,9900.0,99.0,45.56746532156368,1.0,2.1900342463075777
KX2028DRUN-28-GWHI,Who will run for the Democratic presidential nomination in 2028?,KX2028DRUN-28,,,2028-01-01T15:00:00Z,,793,60.0,35.0,65.0,40.0,62.5,37.5,100.0,-99.0,sell_both,10000.0,9900.0,99.0,45.56746532156368,5.0,1.7491426471274434
KX2028DRUN-28-JSHA,Who will run for the Democratic presidential nomination in 2028?,KX2028DRUN-28,,,2028-01-01T15:00:00Z,,793,75.0,21.0,79.0,25.0,77.0,23.0,100.0,-99.0,sell_both,10000.0,9900.0,99.0,45.56746532156368,4.0,2.0720762534231216
KXNCAAF-26-GT,Will the Georgia Tech win the College Football Playoff National Championship?,KXNCAAF-26,,,2028-01-19T15:00:00Z,,811,1.0,98.0,2.0,99.0,1.5,98.5,100.0,-99.0,sell_both,10000.0,9900.0,99.0,44.55610357583231,1.0,0.18907670401189036
KXNCAAF-26-IND,Will the Indiana win the College Football Playoff National Championship?,KXNCAAF-26,,,2028-01-19T15:00:00Z,,811,14.0,85.0,15.0,86.0,14.5,85.5,100.0,-99.0,sell_both,10000.0,9900.0,99.0,44.55610357583231,1.0,2.27771815640127
KXNCAAF-26-TAM,Will the Texas A&M win the College Football Playoff National Championship?,KXNCAAF-26,,,2028-01-19T15:00:00Z,,811,11.0,88.0,12.0,89.0,11.5,88.5,100.0,-99.0,sell_both,10000.0,9900.0,99.0,44.55610357583231,1.0,3.2743701684446127
KXNCAAF-26-OM,Will the Ole Miss win the College Football Playoff National Championship?,KXNCAAF-26,,,2028-01-19T15:00:00Z,,811,4.0,95.0,5.0,96.0,4.5,95.5,100.0,-99.0,sell_both,10000.0,9900.0,99.0,44.55610357583231,1.0,1.8001388835309347
KXNCAAF-26-MIA,Will the Miami Florida win the College Football Playoff National Championship?,KXNCAAF-26,,,2028-01-19T15:00:00Z,,811,4.0,95.0,5.0,96.0,4.5,95.5,100.0,-99.0,sell_both,10000.0,9900.0,99.0,44.55610357583231,1.0,3.6683783883345513
KXNCAAF-26-BAMA,Will the Alabama win the College Football Playoff National Championship?,KXNCAAF-26,,,2028-01-19T15:00:00Z,,811,10.0,88.0,12.0,90.0,11.0,89.0,100.0,-99.0,sell_both,10000.0,9900.0,99.0,44.55610357583231,2.0,2.1292604349867585
KXNCAAF-26-UT,Will the Texas win the College Football Playoff National Championship?,KXNCAAF-26,,,2028-01-19T15:00:00Z,,811,1.0,98.0,2.0,99.0,1.5,98.5,100.0,-99.0,sell_both,10000.0,9900.0,99.0,44.55610357583231,1.0,3.0573681492420897
KXNCAAF-26-UGA,Will the Georgia win the College Football Playoff National Championship?,KXNCAAF-26,,,2028-01-19T15:00:00Z,,811,4.0,94.0,6.0,96.0,5.0,95.0,100.0,-99.0,sell_both,10000.0,9900.0,99.0,44.55610357583231,2.0,2.905727103497505
KXNCAAF-26-OSU,Will the Ohio State win the College Football Playoff National Championship?,KXNCAAF-26,,,2028-01-19T15:00:00Z,,811,28.0,71.0,29.0,72.0,28.5,71.5,100.0,-99.0,sell_both,10000.0,9900.0,99.0,44.55610357583231,1.0,3.5811311062288684
KXNCAAF-26-ORE,Will the Oregon win the College Football Playoff National Championship?,KXNCAAF-26,,,2028-01-19T15:00:00Z,,811,6.0,93.0,7.0,94.0,6.5,93.5,100.0,-99.0,sell_both,10000.0,9900.0,99.0,44.55610357583231,1.0,3.3536174498591818
KXNCAAF-26-ND,Will the Notre Dame win the College Football Playoff National Championship?,KXNCAAF-26,,,2028-01-19T15:00:00Z,,811,6.0,93.0,7.0,94.0,6.5,93.5,100.0,-99.0,sell_both,10000.0,9900.0,99.0,44.55610357583231,1.0,3.1492062491999473
KXFEDDECISION-28JAN-H0,Will the Federal Reserve Hike rates by 0bps at their January 2028 meeting?,KXFEDDECISION-28JAN,,,2028-01-26T18:59:00Z,,818,25.0,9.0,91.0,75.0,58.0,42.0,100.0,-99.0,sell_both,10000.0,9900.0,99.0,44.17481662591687,66.0,0.04183300132670378
KXFEDDECISION-28JAN-C25,Will the Federal Reserve Cut rates by 25bps at their January 2028 meeting?,KXFEDDECISION-28JAN,,,2028-01-26T18:59:00Z,,818,2.0,32.0,68.0,98.0,35.0,65.0,100.0,-99.0,sell_both,10000.0,9900.0,99.0,44.17481662591687,66.0,0.09746794344808964
KXSB-26-TEN,Will the Tennessee win the 2026 Pro Football Championship?,KXSB-26,,,2028-02-08T15:00:00Z,,831,13.0,99.0,1.0,87.0,7.0,93.0,100.0,-99.0,sell_both,10000.0,9900.0,99.0,43.48375451263538,-12.0,610.0
KXSB-26-TB,Will the Tampa Bay win the 2026 Pro Football Championship?,KXSB-26,,,2028-02-08T15:00:00Z,,831,3.0,96.0,4.0,97.0,3.5,96.5,100.0,-99.0,sell_both,10000.0,9900.0,99.0,43.48375451263538,1.0,2.807267354563865
KXSB-26-SF,Will the San Francisco win the 2026 Pro Football Championship?,KXSB-26,,,2028-02-08T15:00:00Z,,831,2.0,97.0,3.0,98.0,2.5,97.5,100.0,-99.0,sell_both,10000.0,9900.0,99.0,43.48375451263538,1.0,1.963733688665548
KXSB-26-SEA,Will the Seattle win the 2026 Pro Football Championship?,KXSB-26,,,2028-02-08T15:00:00Z,,831,3.0,96.0,4.0,97.0,3.5,96.5,100.0,-99.0,sell_both,10000.0,9900.0,99.0,43.48375451263538,1.0,4.546372180101405
KXSB-26-PIT,Will the Pittsburgh win the 2026 Pro Football Championship?,KXSB-26,,,2028-02-08T15:00:00Z,,831,1.0,98.0,2.0,99.0,1.5,98.5,100.0,-99.0,sell_both,10000.0,9900.0,99.0,43.48375451263538,1.0,2.7252522818997877
KXSB-26-PHI,Will the Philadelphia win the 2026 Pro Football Championship?,KXSB-26,,,2028-02-08T15:00:00Z,,831,9.0,90.0,10.0,91.0,9.5,90.5,100.0,-99.0,sell_both,10000.0,9900.0,99.0,43.48375451263538,1.0,5.0
KXSB-26-NE,Will the New England win the 2026 Pro Football Championship?,KXSB-26,,,2028-02-08T15:00:00Z,,831,3.0,96.0,4.0,97.0,3.5,96.5,100.0,-99.0,sell_both,10000.0,9900.0,99.0,43.48375451263538,1.0,2.826083862874561
KXSB-26-LAR,Will the Los Angeles R win the 2026 Pro Football Championship?,KXSB-26,,,2028-02-08T15:00:00Z,,831,6.0,93.0,7.0,94.0,6.5,93.5,100.0,-99.0,sell_both,10000.0,9900.0,99.0,43.48375451263538,1.0,2.209977375449803
KXSB-26-LAC,Will the Los Angeles C win the 2026 Pro Football Championship?,KXSB-26,,,2028-02-08T15:00:00Z,,831,2.0,97.0,3.0,98.0,2.5,97.5,100.0,-99.0,sell_both,10000.0,9900.0,99.0,43.48375451263538,1.0,2.861293413825293
KXSB-26-KC,Will the Kansas City win the 2026 Pro Football Championship?,KXSB-26,,,2028-02-08T15:00:00Z,,831,15.0,84.0,16.0,85.0,15.5,84.5,100.0,-99.0,sell_both,10000.0,9900.0,99.0,43.48375451263538,1.0,5.0
KXSB-26-IND,Will the Indianapolis win the 2026 Pro Football Championship?,KXSB-26,,,2028-02-08T15:00:00Z,,831,7.0,91.0,9.0,93.0,8.0,92.0,100.0,-99.0,sell_both,10000.0,9900.0,99.0,43.48375451263538,2.0,3.2157425270067876
KXSB-26-HOU,Will the Houston win the 2026 Pro Football Championship?,KXSB-26,,,2028-02-08T15:00:00Z,,831,1.0,98.0,2.0,99.0,1.5,98.5,100.0,-99.0,sell_both,10000.0,9900.0,99.0,43.48375451263538,1.0,5.0
KXSB-26-GB,Will the Green Bay win the 2026 Pro Football Championship?,KXSB-26,,,2028-02-08T15:00:00Z,,831,9.0,89.0,11.0,91.0,10.0,90.0,100.0,-99.0,sell_both,10000.0,9900.0,99.0,43.48375451263538,2.0,2.6684733463162043
KXSB-26-DET,Will the Detroit win the 2026 Pro Football Championship?,KXSB-26,,,2028-02-08T15:00:00Z,,831,11.0,87.0,13.0,89.0,12.0,88.0,100.0,-99.0,sell_both,10000.0,9900.0,99.0,43.48375451263538,2.0,3.3131933236682705
KXSB-26-DEN,Will the Denver win the 2026 Pro Football Championship?,KXSB-26,,,2028-02-08T15:00:00Z,,831,4.0,95.0,5.0,96.0,4.5,95.5,100.0,-99.0,sell_both,10000.0,9900.0,99.0,43.48375451263538,1.0,2.701110882581461
KXSB-26-BUF,Will the Buffalo win the 2026 Pro Football Championship?,KXSB-26,,,2028-02-08T15:00:00Z,,831,11.0,88.0,12.0,89.0,11.5,88.5,100.0,-99.0,sell_both,10000.0,9900.0,99.0,43.48375451263538,1.0,4.379668937259984
KXSB-26-BAL,Will the Baltimore win the 2026 Pro Football Championship?,KXSB-26,,,2028-02-08T15:00:00Z,,831,4.0,95.0,5.0,96.0,4.5,95.5,100.0,-99.0,sell_both,10000.0,9900.0,99.0,43.48375451263538,1.0,5.0
KXPRESNIGERIA-27-POBI,Who will win the next Nigerian presidential election?,KXPRESNIGERIA-27,,,2028-02-28T15:00:00Z,,851,46.0,49.0,51.0,54.0,48.5,51.5,100.0,-99.0,sell_both,10000.0,9900.0,99.0,42.46180963572268,5.0,1.9990622801703803
KXNBAPLAYOFF-26-WAS,Pro Basketball Playoff Qualifiers Winner?,KXNBAPLAYOFF-26,,,2028-04-17T14:00:00Z,,900,3.0,87.0,13.0,97.0,8.0,92.0,100.0,-99.0,sell_both,10000.0,9900.0,99.0,40.15,10.0,2.2369622258768698
KXNBAPLAYOFF-26-UTA,Pro Basketball Playoff Qualifiers Winner?,KXNBAPLAYOFF-26,,,2028-04-17T14:00:00Z,,900,3.0,81.0,19.0,97.0,11.0,89.0,100.0,-99.0,sell_both,10000.0,9900.0,99.0,40.15,16.0,2.15626992744415
KXNBAPLAYOFF-26-TOR,Pro Basketball Playoff Qualifiers Winner?,KXNBAPLAYOFF-26,,,2028-04-17T14:00:00Z,,900,35.0,49.0,51.0,65.0,43.0,57.0,100.0,-99.0,sell_both,10000.0,9900.0,99.0,40.15,16.0,1.4519814048396074
KXNBAPLAYOFF-26-SAS,Pro Basketball Playoff Qualifiers Winner?,KXNBAPLAYOFF-26,,,2028-04-17T14:00:00Z,,900,74.0,21.0,79.0,26.0,76.5,23.5,100.0,-99.0,sell_both,10000.0,9900.0,99.0,40.15,5.0,1.9565275362232957
KXNBAPLAYOFF-26-SAC,Pro Basketball Playoff Qualifiers Winner?,KXNBAPLAYOFF-26,,,2028-04-17T14:00:00Z,,900,12.0,75.0,25.0,88.0,18.5,81.5,100.0,-99.0,sell_both,10000.0,9900.0,99.0,40.15,13.0,1.9919211831796961
KXNBAPLAYOFF-26-POR,Pro Basketball Playoff Qualifiers Winner?,KXNBAPLAYOFF-26,,,2028-04-17T14:00:00Z,,900,8.0,61.0,39.0,92.0,23.5,76.5,100.0,-99.0,sell_both,10000.0,9900.0,99.0,40.15,31.0,1.9164420158199413
KXNBAPLAYOFF-26-PHX,Pro Basketball Playoff Qualifiers Winner?,KXNBAPLAYOFF-26,,,2028-04-17T14:00:00Z,,900,10.0,76.0,24.0,90.0,17.0,83.0,100.0,-99.0,sell_both,10000.0,9900.0,99.0,40.15,14.0,1.622960258293468
KXNBAPLAYOFF-26-PHI,Pro Basketball Playoff Qualifiers Winner?,KXNBAPLAYOFF-26,,,2028-04-17T14:00:00Z,,900,68.0,23.0,77.0,32.0,72.5,27.5,100.0,-99.0,sell_both,10000.0,9900.0,99.0,40.15,9.0,1.7419098713768173
KXNBAPLAYOFF-26-ORL,Pro Basketball Playoff Qualifiers Winner?,KXNBAPLAYOFF-26,,,2028-04-17T14:00:00Z,,900,81.0,4.0,96.0,19.0,88.5,11.5,100.0,-99.0,sell_both,10000.0,9900.0,99.0,40.15,15.0,1.80284497392316
KXNBAPLAYOFF-26-OKC,Pro Basketball Playoff Qualifiers Winner?,KXNBAPLAYOFF-26,,,2028-04-17T14:00:00Z,,900,90.0,1.0,99.0,10.0,94.5,5.5,100.0,-99.0,sell_both,10000.0,9900.0,99.0,40.15,9.0,1.8048545647780045
KXNBAPLAYOFF-26-NYK,Pro Basketball Playoff Qualifiers Winner?,KXNBAPLAYOFF-26,,,2028-04-17T14:00:00Z,,900,90.0,2.0,98.0,10.0,94.0,6.0,100.0,-99.0,sell_both,10000.0,9900.0,99.0,40.15,8.0,1.7251811499086118
KXNBAPLAYOFF-26-NOP,Pro Basketball Playoff Qualifiers Winner?,KXNBAPLAYOFF-26,,,2028-04-17T14:00:00Z,,900,3.0,88.0,12.0,97.0,7.5,92.5,100.0,-99.0,sell_both,10000.0,9900.0,99.0,40.15,9.0,1.9836204274003633
KXNBAPLAYOFF-26-MIN,Pro Basketball Playoff Qualifiers Winner?,KXNBAPLAYOFF-26,,,2028-04-17T14:00:00Z,,900,78.0,9.0,91.0,22.0,84.5,15.5,100.0,-99.0,sell_both,10000.0,9900.0,99.0,40.15,13.0,2.1625216761919406
KXNBAPLAYOFF-26-MIL,Pro Basketball Playoff Qualifiers Winner?,KXNBAPLAYOFF-26,,,2028-04-17T14:00:00Z,,900,66.0,23.0,77.0,34.0,71.5,28.5,100.0,-99.0,sell_both,10000.0,9900.0,99.0,40.15,11.0,2.129964788441349
KXNBAPLAYOFF-26-MIA,Pro Basketball Playoff Qualifiers Winner?,KXNBAPLAYOFF-26,,,2028-04-17T14:00:00Z,,900,47.0,30.0,70.0,53.0,58.5,41.5,100.0,-99.0,sell_both,10000.0,9900.0,99.0,40.15,23.0,1.9812243689193811
KXNBAPLAYOFF-26-MEM,Pro Basketball Playoff Qualifiers Winner?,KXNBAPLAYOFF-26,,,2028-04-17T14:00:00Z,,900,27.0,54.0,46.0,73.0,36.5,63.5,100.0,-99.0,sell_both,10000.0,9900.0,99.0,40.15,19.0,1.853982200561807
KXNBAPLAYOFF-26-LAL,Pro Basketball Playoff Qualifiers Winner?,KXNBAPLAYOFF-26,,,2028-04-17T14:00:00Z,,900,66.0,25.0,75.0,34.0,70.5,29.5,100.0,-99.0,sell_both,10000.0,9900.0,99.0,40.15,9.0,1.8335757415498275
KXNBAPLAYOFF-26-LAC,Pro Basketball Playoff Qualifiers Winner?,KXNBAPLAYOFF-26,,,2028-04-17T14:00:00Z,,900,54.0,21.0,79.0,46.0,66.5,33.5,100.0,-99.0,sell_both,10000.0,9900.0,99.0,40.15,25.0,1.8802925304324325
KXNBAPLAYOFF-26-IND,Pro Basketball Playoff Qualifiers Winner?,KXNBAPLAYOFF-26,,,2028-04-17T14:00:00Z,,900,23.0,70.0,30.0,77.0,26.5,73.5,100.0,-99.0,sell_both,10000.0,9900.0,99.0,40.15,7.0,1.8521609001379982
KXNBAPLAYOFF-26-HOU,Pro Basketball Playoff Qualifiers Winner?,KXNBAPLAYOFF-26,,,2028-04-17T14:00:00Z,,900,75.0,12.0,88.0,25.0,81.5,18.5,100.0,-99.0,sell_both,10000.0,9900.0,99.0,40.15,13.0,1.8745666165810164
KXNBAPLAYOFF-26-GSW,Pro Basketball Playoff Qualifiers Winner?,KXNBAPLAYOFF-26,,,2028-04-17T14:00:00Z,,900,76.0,9.0,91.0,24.0,83.5,16.5,100.0,-99.0,sell_both,10000.0,9900.0,99.0,40.15,15.0,2.0674863965695156
KXNBAPLAYOFF-26-DET,Pro Basketball Playoff Qualifiers Winner?,KXNBAPLAYOFF-26,,,2028-04-17T14:00:00Z,,900,61.0,19.0,81.0,39.0,71.0,29.0,100.0,-99.0,sell_both,10000.0,9900.0,99.0,40.15,20.0,1.8292758129926716
KXNBAPLAYOFF-26-DEN,Pro Basketball Playoff Qualifiers Winner?,KXNBAPLAYOFF-26,,,2028-04-17T14:00:00Z,,900,80.0,1.0,99.0,20.0,89.5,10.5,100.0,-99.0,sell_both,10000.0,9900.0,99.0,40.15,19.0,1.9786990675693967
KXNBAPLAYOFF-26-DAL,Pro Basketball Playoff Qualifiers Winner?,KXNBAPLAYOFF-26,,,2028-04-17T14:00:00Z,,900,31.0,57.0,43.0,69.0,37.0,63.0,100.0,-99.0,sell_both,10000.0,9900.0,99.0,40.15,12.0,1.280527235165266
KXNBAPLAYOFF-26-CLE,Pro Basketball Playoff Qualifiers Winner?,KXNBAPLAYOFF-26,,,2028-04-17T14:00:00Z,,900,81.0,1.0,99.0,19.0,90.0,10.0,100.0,-99.0,sell_both,10000.0,9900.0,99.0,40.15,18.0,2.370601189571962
KXNBAPLAYOFF-26-CHI,Pro Basketball Playoff Qualifiers Winner?,KXNBAPLAYOFF-26,,,2028-04-17T14:00:00Z,,900,32.0,60.0,40.0,68.0,36.0,64.0,100.0,-99.0,sell_both,10000.0,9900.0,99.0,40.15,8.0,1.9958707372973832
KXNBAPLAYOFF-26-CHA,Pro Basketball Playoff Qualifiers Winner?,KXNBAPLAYOFF-26,,,2028-04-17T14:00:00Z,,900,10.0,82.0,18.0,90.0,14.0,86.0,100.0,-99.0,sell_both,10000.0,9900.0,99.0,40.15,8.0,1.7159545448525144
KXNBAPLAYOFF-26-BOS,Pro Basketball Playoff Qualifiers Winner?,KXNBAPLAYOFF-26,,,2028-04-17T14:00:00Z,,900,48.0,40.0,60.0,52.0,54.0,46.0,100.0,-99.0,sell_both,10000.0,9900.0,99.0,40.15,12.0,1.6915229824037272
KXNBAPLAYOFF-26-ATL,Pro Basketball Playoff Qualifiers Winner?,KXNBAPLAYOFF-26,,,2028-04-17T14:00:00Z,,900,75.0,18.0,82.0,25.0,78.5,21.5,100.0,-99.0,sell_both,10000.0,9900.0,99.0,40.15,7.0,2.0355588913121627
KXLALIGA-26-RMA,Will Real Madrid win the La Liga?,KXLALIGA-26,,,2028-05-23T14:00:00Z,,936,66.0,30.0,70.0,34.0,68.0,32.0,100.0,-99.0,sell_both,10000.0,9900.0,99.0,38.60576923076923,4.0,0.0
KXLALIGA-26-BAR,Will Barcelona win the La Liga?,KXLALIGA-26,,,2028-05-23T14:00:00Z,,936,28.0,70.0,30.0,72.0,29.0,71.0,100.0,-99.0,sell_both,10000.0,9900.0,99.0,38.60576923076923,2.0,0.0
KXFRENCHPRES-27-BCAZ,Will Bernard Cazeneuve win the 2027 French presidential election?,KXFRENCHPRES-27,,,2028-05-30T14:00:00Z,,943,53.0,45.0,55.0,47.0,54.0,46.0,100.0,-99.0,sell_both,10000.0,9900.0,99.0,38.31919406150583,2.0,2.232991267336261
KXFRENCHPRES-27-MLEP,Will Marine Le Pen win the 2027 French presidential election?,KXFRENCHPRES-27,,,2028-05-30T14:00:00Z,,943,56.0,41.0,59.0,44.0,57.5,42.5,100.0,-99.0,sell_both,10000.0,9900.0,99.0,38.31919406150583,3.0,1.9998124912101134
KXFRENCHPRES-27-MBAR,Will Michel Barnier win the 2027 French presidential election?,KXFRENCHPRES-27,,,2028-05-30T14:00:00Z,,943,88.0,11.0,89.0,12.0,88.5,11.5,100.0,-99.0,sell_both,10000.0,9900.0,99.0,38.31919406150583,1.0,1.6002343578363765
KXNBA-26-SAS,Will the San Antonio win the 2026 Pro Basketball Finals?,KXNBA-26,,,2028-06-29T14:00:00Z,,973,5.0,93.0,7.0,95.0,6.0,94.0,100.0,-99.0,sell_both,10000.0,9900.0,99.0,37.1377183967112,2.0,1.6186414056238645
KXNBA-26-PHI,Will the Philadelphia win the 2026 Pro Basketball Finals?,KXNBA-26,,,2028-06-29T14:00:00Z,,973,4.0,95.0,5.0,96.0,4.5,95.5,100.0,-99.0,sell_both,10000.0,9900.0,99.0,37.1377183967112,1.0,1.8300956259168535
KXNBA-26-ORL,Will the Orlando win the 2026 Pro Basketball Finals?,KXNBA-26,,,2028-06-29T14:00:00Z,,973,2.0,97.0,3.0,98.0,2.5,97.5,100.0,-99.0,sell_both,10000.0,9900.0,99.0,37.1377183967112,1.0,2.225589809466246
KXNBA-26-OKC,Will the Oklahoma City win the 2026 Pro Basketball Finals?,KXNBA-26,,,2028-06-29T14:00:00Z,,973,28.0,70.0,30.0,72.0,29.0,71.0,100.0,-99.0,sell_both,10000.0,9900.0,99.0,37.1377183967112,2.0,5.0
KXNBA-26-NYK,Will the New York win the 2026 Pro Basketball Finals?,KXNBA-26,,,2028-06-29T14:00:00Z,,973,7.0,92.0,8.0,93.0,7.5,92.5,100.0,-99.0,sell_both,10000.0,9900.0,99.0,37.1377183967112,1.0,1.9042058712229621
KXNBA-26-MIN,Will the Minnesota win the 2026 Pro Basketball Finals?,KXNBA-26,,,2028-06-29T14:00:00Z,,973,4.0,95.0,5.0,96.0,4.5,95.5,100.0,-99.0,sell_both,10000.0,9900.0,99.0,37.1377183967112,1.0,2.048841135861929
KXNBA-26-MIL,Will the Milwaukee win the 2026 Pro Basketball Finals?,KXNBA-26,,,2028-06-29T14:00:00Z,,973,1.0,98.0,2.0,99.0,1.5,98.5,100.0,-99.0,sell_both,10000.0,9900.0,99.0,37.1377183967112,1.0,2.038994850410368
KXNBA-26-LAL,Will the Los Angeles L win the 2026 Pro Basketball Finals?,KXNBA-26,,,2028-06-29T14:00:00Z,,973,3.0,95.0,5.0,97.0,4.0,96.0,100.0,-99.0,sell_both,10000.0,9900.0,99.0,37.1377183967112,2.0,1.5592466129512674
KXNBA-26-LAC,Will the Los Angeles C win the 2026 Pro Basketball Finals?,KXNBA-26,,,2028-06-29T14:00:00Z,,973,3.0,96.0,4.0,97.0,3.5,96.5,100.0,-99.0,sell_both,10000.0,9900.0,99.0,37.1377183967112,1.0,2.2304708023195463
KXNBA-26-HOU,Will the Houston win the 2026 Pro Basketball Finals?,KXNBA-26,,,2028-06-29T14:00:00Z,,973,5.0,94.0,6.0,95.0,5.5,94.5,100.0,-99.0,sell_both,10000.0,9900.0,99.0,37.1377183967112,1.0,1.698455180450753
KXNBA-26-GSW,Will the Golden State win the 2026 Pro Basketball Finals?,KXNBA-26,,,2028-06-29T14:00:00Z,,973,6.0,92.0,8.0,94.0,7.0,93.0,100.0,-99.0,sell_both,10000.0,9900.0,99.0,37.1377183967112,2.0,1.5697929799817554
KXNBA-26-DET,Will the Detroit win the 2026 Pro Basketball Finals?,KXNBA-26,,,2028-06-29T14:00:00Z,,973,1.0,98.0,2.0,99.0,1.5,98.5,100.0,-99.0,sell_both,10000.0,9900.0,99.0,37.1377183967112,1.0,2.0001874912117614
KXNBA-26-DEN,Will the Denver win the 2026 Pro Basketball Finals?,KXNBA-26,,,2028-06-29T14:00:00Z,,973,12.0,86.0,14.0,88.0,13.0,87.0,100.0,-99.0,sell_both,10000.0,9900.0,99.0,37.1377183967112,2.0,1.998999749874922
KXNBA-26-DAL,Will the Dallas win the 2026 Pro Basketball Finals?,KXNBA-26,,,2028-06-29T14:00:00Z,,973,1.0,98.0,2.0,99.0,1.5,98.5,100.0,-99.0,sell_both,10000.0,9900.0,99.0,37.1377183967112,1.0,1.536635936062931
KXNBA-26-CLE,Will the Cleveland win the 2026 Pro Basketball Finals?,KXNBA-26,,,2028-06-29T14:00:00Z,,973,10.0,89.0,11.0,90.0,10.5,89.5,100.0,-99.0,sell_both,10000.0,9900.0,99.0,37.1377183967112,1.0,1.6749626861515452
KXNBA-26-BOS,Will the Boston win the 2026 Pro Basketball Finals?,KXNBA-26,,,2028-06-29T14:00:00Z,,973,2.0,97.0,3.0,98.0,2.5,97.5,100.0,-99.0,sell_both,10000.0,9900.0,99.0,37.1377183967112,1.0,1.9239932432313789
KXNBA-26-ATL,Will the Atlanta win the 2026 Pro Basketball Finals?,KXNBA-26,,,2028-06-29T14:00:00Z,,973,1.0,98.0,2.0,99.0,1.5,98.5,100.0,-99.0,sell_both,10000.0,9900.0,99.0,37.1377183967112,1.0,1.9534584715319647
KXNBAEAST-26-TOR,Will the Toronto win the 2026 Pro Basketball Eastern Conference Championship?,KXNBAEAST-26,,,2028-06-29T14:00:00Z,,973,1.0,98.0,2.0,99.0,1.5,98.5,100.0,-99.0,sell_both,10000.0,9900.0,99.0,37.1377183967112,1.0,1.6806992592370593
KXNBAEAST-26-PHI,Will the Philadelphia win the 2026 Pro Basketball Eastern Conference Championship?,KXNBAEAST-26,,,2028-06-29T14:00:00Z,,973,9.0,90.0,10.0,91.0,9.5,90.5,100.0,-99.0,sell_both,10000.0,9900.0,99.0,37.1377183967112,1.0,1.9847543928657772
KXNBAEAST-26-ORL,Will the Orlando win the 2026 Pro Basketball Eastern Conference Championship?,KXNBAEAST-26,,,2028-06-29T14:00:00Z,,973,10.0,88.0,12.0,90.0,11.0,89.0,100.0,-99.0,sell_both,10000.0,9900.0,99.0,37.1377183967112,2.0,1.658990656995994
KXNBAEAST-26-NYK,Will the New York win the 2026 Pro Basketball Eastern Conference Championship?,KXNBAEAST-26,,,2028-06-29T14:00:00Z,,973,19.0,77.0,23.0,81.0,21.0,79.0,100.0,-99.0,sell_both,10000.0,9900.0,99.0,37.1377183967112,4.0,1.9460858151684883
KXNBAEAST-26-MIL,Will the Milwaukee win the 2026 Pro Basketball Eastern Conference Championship?,KXNBAEAST-26,,,2028-06-29T14:00:00Z,,973,5.0,92.0,8.0,95.0,6.5,93.5,100.0,-99.0,sell_both,10000.0,9900.0,99.0,37.1377183967112,3.0,2.1161876098304706
KXNBAEAST-26-MIA,Will the Miami win the 2026 Pro Basketball Eastern Conference Championship?,KXNBAEAST-26,,,2028-06-29T14:00:00Z,,973,1.0,94.0,6.0,99.0,3.5,96.5,100.0,-99.0,sell_both,10000.0,9900.0,99.0,37.1377183967112,5.0,2.288394633798987
KXNBAEAST-26-IND,Will the Indiana win the 2026 Pro Basketball Eastern Conference Championship?,KXNBAEAST-26,,,2028-06-29T14:00:00Z,,973,1.0,98.0,2.0,99.0,1.5,98.5,100.0,-99.0,sell_both,10000.0,9900.0,99.0,37.1377183967112,1.0,2.6057628441590768
KXNBAEAST-26-DAL,Will the Detroit win the 2026 Pro Basketball Eastern Conference Championship?,KXNBAEAST-26,,,2028-06-29T14:00:00Z,,973,2.0,93.0,7.0,98.0,4.5,95.5,100.0,-99.0,sell_both,10000.0,9900.0,99.0,37.1377183967112,5.0,1.8112150617748297
KXNBAEAST-26-CLE,Will the Cleveland win the 2026 Pro Basketball Eastern Conference Championship?,KXNBAEAST-26,,,2028-06-29T14:00:00Z,,973,27.0,71.0,29.0,73.0,28.0,72.0,100.0,-99.0,sell_both,10000.0,9900.0,99.0,37.1377183967112,2.0,2.0153163523377664
KXNBAEAST-26-BOS,Will the Boston win the 2026 Pro Basketball Eastern Conference Championship?,KXNBAEAST-26,,,2028-06-29T14:00:00Z,,973,5.0,94.0,6.0,95.0,5.5,94.5,100.0,-99.0,sell_both,10000.0,9900.0,99.0,37.1377183967112,1.0,1.5786069808536893
KXNBAEAST-26-ATL,Will the Atlanta win the 2026 Pro Basketball Eastern Conference Championship?,KXNBAEAST-26,,,2028-06-29T14:00:00Z,,973,6.0,93.0,7.0,94.0,6.5,93.5,100.0,-99.0,sell_both,10000.0,9900.0,99.0,37.1377183967112,1.0,2.2930874383677566
KXMENWORLDCUP-26-NO,Will the Norway win the 2026 Men's World Cup?,KXMENWORLDCUP-26,,,2028-07-18T14:00:00Z,,992,4.0,94.0,6.0,96.0,5.0,95.0,100.0,-99.0,sell_both,10000.0,9900.0,99.0,36.42641129032258,2.0,1.9977487329491666
KXMENWORLDCUP-26-MA,Will the Morocco win the 2026 Men's World Cup?,KXMENWORLDCUP-26,,,2028-07-18T14:00:00Z,,992,4.0,95.0,5.0,96.0,4.5,95.5,100.0,-99.0,sell_both,10000.0,9900.0,99.0,36.42641129032258,1.0,2.4144875232645124
KXMENWORLDCUP-26-CO,Will the Colombia win the 2026 Men's World Cup?,KXMENWORLDCUP-26,,,2028-07-18T14:00:00Z,,992,1.0,97.0,3.0,99.0,2.0,98.0,100.0,-99.0,sell_both,10000.0,9900.0,99.0,36.42641129032258,2.0,2.1516272911450067
KXMENWORLDCUP-26-UY,Will the Uruguay win the 2026 Men's World Cup?,KXMENWORLDCUP-26,,,2028-07-18T14:00:00Z,,992,2.0,97.0,3.0,98.0,2.5,97.5,100.0,-99.0,sell_both,10000.0,9900.0,99.0,36.42641129032258,1.0,1.7664229391626458
KXMENWORLDCUP-26-US,Will the USA win the 2026 Men's World Cup?,KXMENWORLDCUP-26,,,2028-07-18T14:00:00Z,,992,2.0,97.0,3.0,98.0,2.5,97.5,100.0,-99.0,sell_both,10000.0,9900.0,99.0,36.42641129032258,1.0,2.2380795338861397
KXMENWORLDCUP-26-PT,Will the Portugal win the 2026 Men's World Cup?,KXMENWORLDCUP-26,,,2028-07-18T14:00:00Z,,992,6.0,93.0,7.0,94.0,6.5,93.5,100.0,-99.0,sell_both,10000.0,9900.0,99.0,36.42641129032258,1.0,2.172325942394465
KXMENWORLDCUP-26-NL,Will the Netherlands win the 2026 Men's World Cup?,KXMENWORLDCUP-26,,,2028-07-18T14:00:00Z,,992,3.0,96.0,4.0,97.0,3.5,96.5,100.0,-99.0,sell_both,10000.0,9900.0,99.0,36.42641129032258,1.0,1.7723571874766102
KXMENWORLDCUP-26-MX,Will the Mexico win the 2026 Men's World Cup?,KXMENWORLDCUP-26,,,2028-07-18T14:00:00Z,,992,1.0,98.0,2.0,99.0,1.5,98.5,100.0,-99.0,sell_both,10000.0,9900.0,99.0,36.42641129032258,1.0,2.0342689104442413
KXMENWORLDCUP-26-IT,Will the Italy win the 2026 Men's World Cup?,KXMENWORLDCUP-26,,,2028-07-18T14:00:00Z,,992,2.0,97.0,3.0,98.0,2.5,97.5,100.0,-99.0,sell_both,10000.0,9900.0,99.0,36.42641129032258,1.0,2.0921878500746534
KXMENWORLDCUP-26-DE,Will the Germany win the 2026 Men's World Cup?,KXMENWORLDCUP-26,,,2028-07-18T14:00:00Z,,992,7.0,92.0,8.0,93.0,7.5,92.5,100.0,-99.0,sell_both,10000.0,9900.0,99.0,36.42641129032258,1.0,1.6298006013006623
KXMENWORLDCUP-26-BE,Will the Belgium win the 2026 Men's World Cup?,KXMENWORLDCUP-26,,,2028-07-18T14:00:00Z,,992,1.0,98.0,2.0,99.0,1.5,98.5,100.0,-99.0,sell_both,10000.0,9900.0,99.0,36.42641129032258,1.0,2.140268674722872
KXMENWORLDCUP-26-AR,Will the Argentina win the 2026 Men's World Cup?,KXMENWORLDCUP-26,,,2028-07-18T14:00:00Z,,992,8.0,91.0,9.0,92.0,8.5,91.5,100.0,-99.0,sell_both,10000.0,9900.0,99.0,36.42641129032258,1.0,1.9957454747537322
KXMENWORLDCUP-26-GB,Will the England win the 2026 Men's World Cup?,KXMENWORLDCUP-26,,,2028-07-18T14:00:00Z,,992,11.0,88.0,12.0,89.0,11.5,88.5,100.0,-99.0,sell_both,10000.0,9900.0,99.0,36.42641129032258,1.0,2.180882848756439
KXMENWORLDCUP-26-FR,Will the France win the 2026 Men's World Cup?,KXMENWORLDCUP-26,,,2028-07-18T14:00:00Z,,992,12.0,86.0,14.0,88.0,13.0,87.0,100.0,-99.0,sell_both,10000.0,9900.0,99.0,36.42641129032258,2.0,1.935846068260594
KXMENWORLDCUP-26-ES,Will the Spain win the 2026 Men's World Cup?,KXMENWORLDCUP-26,,,2028-07-18T14:00:00Z,,992,15.0,84.0,16.0,85.0,15.5,84.5,100.0,-99.0,sell_both,10000.0,9900.0,99.0,36.42641129032258,1.0,2.445199378373878
KXMENWORLDCUP-26-BR,Will the Brazil win the 2026 Men's World Cup?,KXMENWORLDCUP-26,,,2028-07-18T14:00:00Z,,992,10.0,89.0,11.0,90.0,10.5,89.5,100.0,-99.0,sell_both,10000.0,9900.0,99.0,36.42641129032258,1.0,1.8106628620480403
KXINTERNETINVITATIONAL-25-JOS,Will Josh Richards win Internet Invitational?,KXINTERNETINVITATIONAL-25,,,2028-08-01T14:00:00Z,,1006,26.0,52.0,48.0,74.0,37.0,63.0,100.0,-99.0,sell_both,10000.0,9900.0,99.0,35.919483101391656,22.0,1.9170941552255591
KXINTERNETINVITATIONAL-25-GRA,Will Grant Horvat win Internet Invitational?,KXINTERNETINVITATIONAL-25,,,2028-08-01T14:00:00Z,,1006,7.0,72.0,28.0,93.0,17.5,82.5,100.0,-99.0,sell_both,10000.0,9900.0,99.0,35.919483101391656,21.0,1.6261918705983005
KXINTERNETINVITATIONAL-25-GEO,Will George Bryan win Internet Invitational?,KXINTERNETINVITATIONAL-25,,,2028-08-01T14:00:00Z,,1006,1.0,90.0,10.0,99.0,5.5,94.5,100.0,-99.0,sell_both,10000.0,9900.0,99.0,35.919483101391656,9.0,1.6748880559607557
KXINTERNETINVITATIONAL-25-BRA,Will Brad Dalke win Internet Invitational?,KXINTERNETINVITATIONAL-25,,,2028-08-01T14:00:00Z,,1006,31.0,44.0,56.0,69.0,43.5,56.5,100.0,-99.0,sell_both,10000.0,9900.0,99.0,35.919483101391656,25.0,1.541103500742244
KXGUATEMALACONGRESS-27-SEMILLA,Who will win the next Guatemalan Congressional election?,KXGUATEMALACONGRESS-27,,,2028-08-30T14:00:00Z,,1035,97.0,99.0,1.0,3.0,49.0,51.0,100.0,-99.0,sell_both,10000.0,9900.0,99.0,34.91304347826087,-96.0,4806.554911573048
KXSLOVAKIAPARLI-27-PS,Who will win the next Slovak parliamentary election?,KXSLOVAKIAPARLI-27,,,2028-09-29T14:00:00Z,,1065,99.0,49.0,51.0,1.0,75.0,25.0,100.0,-99.0,sell_both,10000.0,9900.0,99.0,33.929577464788736,-48.0,2406.58658438162
KXPRESNOMD-28-RKHA,Will Ro Khanna be the nominee for the Presidency for the Democratic party?,KXPRESNOMD-28,,,2028-11-07T15:00:00Z,,1104,1.0,98.0,2.0,99.0,1.5,98.5,100.0,-99.0,sell_both,10000.0,9900.0,99.0,32.73097826086957,1.0,0.015811388300841896
KXPRESNOMD-28-RGAL,Will Ruben Gallego be the nominee for the Presidency for the Democratic party?,KXPRESNOMD-28,,,2028-11-07T15:00:00Z,,1104,1.0,98.0,2.0,99.0,1.5,98.5,100.0,-99.0,sell_both,10000.0,9900.0,99.0,32.73097826086957,1.0,0.0
KXPRESNOMD-28-JOSS,Will Jon Ossoff be the nominee for the Presidency for the Democratic party?,KXPRESNOMD-28,,,2028-11-07T15:00:00Z,,1104,4.0,95.0,5.0,96.0,4.5,95.5,100.0,-99.0,sell_both,10000.0,9900.0,99.0,32.73097826086957,1.0,0.130384048104053
KXPRESNOMD-28-CBOO,Will Cory Booker be the nominee for the Presidency for the Democratic party?,KXPRESNOMD-28,,,2028-11-07T15:00:00Z,,1104,1.0,98.0,2.0,99.0,1.5,98.5,100.0,-99.0,sell_both,10000.0,9900.0,99.0,32.73097826086957,1.0,2.2273302404448247
KXPRESNOMD-28-JSTE,Will Jon Stewart be the nominee for the Presidency for the Democratic party?,KXPRESNOMD-28,,,2028-11-07T15:00:00Z,,1104,2.0,97.0,3.0,98.0,2.5,97.5,100.0,-99.0,sell_both,10000.0,9900.0,99.0,32.73097826086957,1.0,1.5903615941036806
KXPRESNOMD-28-REMA,Will Rahm Emanuel be the nominee for the Presidency for the Democratic party?,KXPRESNOMD-28,,,2028-11-07T15:00:00Z,,1104,1.0,98.0,2.0,99.0,1.5,98.5,100.0,-99.0,sell_both,10000.0,9900.0,99.0,32.73097826086957,1.0,2.249888886145269
KXPRESNOMD-28-MK,Will Mark Kelly be the nominee for the Presidency for the Democratic party?,KXPRESNOMD-28,,,2028-11-07T15:00:00Z,,1104,1.0,98.0,2.0,99.0,1.5,98.5,100.0,-99.0,sell_both,10000.0,9900.0,99.0,32.73097826086957,1.0,5.0
KXPRESNOMD-28-SAS,Will Stephen A. Smith be the nominee for the Presidency for the Democratic party?,KXPRESNOMD-28,,,2028-11-07T15:00:00Z,,1104,1.0,98.0,2.0,99.0,1.5,98.5,100.0,-99.0,sell_both,10000.0,9900.0,99.0,32.73097826086957,1.0,2.530711362443374
KXPRESNOMD-28-WM,Will Wes Moore be the nominee for the Presidency for the Democratic party?,KXPRESNOMD-28,,,2028-11-07T15:00:00Z,,1104,5.0,94.0,6.0,95.0,5.5,94.5,100.0,-99.0,sell_both,10000.0,9900.0,99.0,32.73097826086957,1.0,2.145868122695335
KXPRESNOMD-28-RW,Will Raphael Warnock be the nominee for the Presidency for the Democratic party?,KXPRESNOMD-28,,,2028-11-07T15:00:00Z,,1104,1.0,98.0,2.0,99.0,1.5,98.5,100.0,-99.0,sell_both,10000.0,9900.0,99.0,32.73097826086957,1.0,1.4657762448614045
KXPRESNOMD-28-PB,Will Pete Buttigieg be the nominee for the Presidency for the Democratic party?,KXPRESNOMD-28,,,2028-11-07T15:00:00Z,,1104,5.0,94.0,6.0,95.0,5.5,94.5,100.0,-99.0,sell_both,10000.0,9900.0,99.0,32.73097826086957,1.0,2.917019026334933
KXPRESNOMD-28-MC,Will Mark Cuban be the nominee for the Presidency for the Democratic party?,KXPRESNOMD-28,,,2028-11-07T15:00:00Z,,1104,1.0,98.0,2.0,99.0,1.5,98.5,100.0,-99.0,sell_both,10000.0,9900.0,99.0,32.73097826086957,1.0,2.1849485119791723
KXPRESNOMD-28-JBP,Will J.B. Pritzker be the nominee for the Presidency for the Democratic party?,KXPRESNOMD-28,,,2028-11-07T15:00:00Z,,1104,2.0,97.0,3.0,98.0,2.5,97.5,100.0,-99.0,sell_both,10000.0,9900.0,99.0,32.73097826086957,1.0,1.8461446313872594
KXPRESNOMD-28-AOC,Will Alexandria Ocasio-Cortez be the nominee for the Presidency for the Democratic party?,KXPRESNOMD-28,,,2028-11-07T15:00:00Z,,1104,9.0,90.0,10.0,91.0,9.5,90.5,100.0,-99.0,sell_both,10000.0,9900.0,99.0,32.73097826086957,1.0,3.390390832927673
KXPRESNOMD-28-AB,Will Andy Beshear be the nominee for the Presidency for the Democratic party?,KXPRESNOMD-28,,,2028-11-07T15:00:00Z,,1104,3.0,96.0,4.0,97.0,3.5,96.5,100.0,-99.0,sell_both,10000.0,9900.0,99.0,32.73097826086957,1.0,2.3746578700941323
KXPRESNOMD-28-KH,Will Kamala Harris be the nominee for the Presidency for the Democratic party?,KXPRESNOMD-28,,,2028-11-07T15:00:00Z,,1104,5.0,93.0,7.0,95.0,6.0,94.0,100.0,-99.0,sell_both,10000.0,9900.0,99.0,32.73097826086957,2.0,2.7166615541874184
KXPRESNOMD-28-JS,Will Josh Shapiro be the nominee for the Presidency for the Democratic party?,KXPRESNOMD-28,,,2028-11-07T15:00:00Z,,1104,4.0,95.0,5.0,96.0,4.5,95.5,100.0,-99.0,sell_both,10000.0,9900.0,99.0,32.73097826086957,1.0,4.787979740976355
KXPRESNOMD-28-GW,Will Gretchen Whitmer be the nominee for the Presidency for the Democratic party?,KXPRESNOMD-28,,,2028-11-07T15:00:00Z,,1104,3.0,96.0,4.0,97.0,3.5,96.5,100.0,-99.0,sell_both,10000.0,9900.0,99.0,32.73097826086957,1.0,2.7425353233823624
KXPRESNOMD-28-GN,Will Gavin Newsom be the nominee for the Presidency for the Democratic party?,KXPRESNOMD-28,,,2028-11-07T15:00:00Z,,1104,34.0,65.0,35.0,66.0,34.5,65.5,100.0,-99.0,sell_both,10000.0,9900.0,99.0,32.73097826086957,1.0,2.692953768633988
KXPOLANDSEJM-27-LEFT,Who will win the next Polish general election?,KXPOLANDSEJM-27,,,2028-11-10T15:00:00Z,,1107,7.0,92.0,8.0,93.0,7.5,92.5,100.0,-99.0,sell_both,10000.0,9900.0,99.0,32.642276422764226,1.0,0.6300793600809346
KXPOLANDSEJM-27-CONFED,Who will win the next Polish general election?,KXPOLANDSEJM-27,,,2028-11-10T15:00:00Z,,1107,39.0,59.0,41.0,61.0,40.0,60.0,100.0,-99.0,sell_both,10000.0,9900.0,99.0,32.642276422764226,2.0,2.3251344047172844
KXCHESSWORLDCHAMPION-CHESS26-RPRA,Will the Rameshbabu Praggnanandhaa win the World Chess Championship?,KXCHESSWORLDCHAMPION-CHESS26,,,2028-12-30T15:00:00Z,,1157,2.0,88.0,12.0,98.0,7.0,93.0,100.0,-99.0,sell_both,10000.0,9900.0,99.0,31.23163353500432,10.0,1.4769901827703529
KXCHESSWORLDCHAMPION-CHESS26-INEP,Will the Ian Nepomniachtchi win the World Chess Championship?,KXCHESSWORLDCHAMPION-CHESS26,,,2028-12-30T15:00:00Z,,1157,2.0,91.0,9.0,98.0,5.5,94.5,100.0,-99.0,sell_both,10000.0,9900.0,99.0,31.23163353500432,7.0,1.4310835055998654
KXCHESSWORLDCHAMPION-CHESS26-HNAK,Will the Hikaru Nakamura win the World Chess Championship?,KXCHESSWORLDCHAMPION-CHESS26,,,2028-12-30T15:00:00Z,,1157,3.0,87.0,13.0,97.0,8.0,92.0,100.0,-99.0,sell_both,10000.0,9900.0,99.0,31.23163353500432,10.0,1.5375304875026055
KXCHESSWORLDCHAMPION-CHESS26-GDOM,Will the Gukesh Dommaraju win the World Chess Championship?,KXCHESSWORLDCHAMPION-CHESS26,,,2028-12-30T15:00:00Z,,1157,43.0,48.0,52.0,57.0,47.5,52.5,100.0,-99.0,sell_both,10000.0,9900.0,99.0,31.23163353500432,9.0,1.7334935823359716
KXCHESSWORLDCHAMPION-CHESS26-FCAR,Will the Fabiano Caruana win the World Chess Championship?,KXCHESSWORLDCHAMPION-CHESS26,,,2028-12-30T15:00:00Z,,1157,10.0,80.0,20.0,90.0,15.0,85.0,100.0,-99.0,sell_both,10000.0,9900.0,99.0,31.23163353500432,10.0,1.1635076278220096
KXEPSTEIN-26-29,"Will Trump release any documents about Epstein's associates before Jan 20, 2029?",KXEPSTEIN-26,,,2029-01-20T15:00:00Z,,1178,47.0,52.0,48.0,53.0,47.5,52.5,100.0,-99.0,sell_both,10000.0,9900.0,99.0,30.674872665534803,1.0,0.0
KXFEDCHAIRNOM-29-SMIR,Will Trump next nominate Stephen Miran as Fed Chair?,KXFEDCHAIRNOM-29,,,2029-01-20T15:00:00Z,,1178,5.0,94.0,6.0,95.0,5.5,94.5,100.0,-99.0,sell_both,10000.0,9900.0,99.0,30.674872665534803,1.0,0.0
KXFEDCHAIRNOM-29-SBES,Will Trump next nominate Scott Bessent as Fed Chair?,KXFEDCHAIRNOM-29,,,2029-01-20T15:00:00Z,,1178,7.0,90.0,10.0,93.0,8.5,91.5,100.0,-99.0,sell_both,10000.0,9900.0,99.0,30.674872665534803,3.0,0.0
KXFEDCHAIRNOM-29-RREI,Will Trump next nominate Rick Reider as Fed Chair?,KXFEDCHAIRNOM-29,,,2029-01-20T15:00:00Z,,1178,7.0,92.0,8.0,93.0,7.5,92.5,100.0,-99.0,sell_both,10000.0,9900.0,99.0,30.674872665534803,1.0,0.0
KXFEDCHAIRNOM-29-MBOW,Will Trump next nominate Michelle Bowman as Fed Chair?,KXFEDCHAIRNOM-29,,,2029-01-20T15:00:00Z,,1178,5.0,94.0,6.0,95.0,5.5,94.5,100.0,-99.0,sell_both,10000.0,9900.0,99.0,30.674872665534803,1.0,0.0
KXFREEIVF-29,Will Trump make IVF free?,KXFREEIVF-29,,,2029-01-20T04:59:00Z,,1178,26.0,69.0,31.0,74.0,28.5,71.5,100.0,-99.0,sell_both,10000.0,9900.0,99.0,30.674872665534803,5.0,1.6644068012358035
KXFEDCHAIRNOM-29-CWAL,Will Trump next nominate Christopher Waller as Fed Chair?,KXFEDCHAIRNOM-29,,,2029-01-20T15:00:00Z,,1178,14.0,85.0,15.0,86.0,14.5,85.5,100.0,-99.0,sell_both,10000.0,9900.0,99.0,30.674872665534803,1.0,2.4781545553092528
KXFTAPRC-29,"Will Trump make a new free trade agreement with China before Jan 20, 2029?",KXFTAPRC-29,,,2029-01-20T15:00:00Z,,1178,45.0,47.0,53.0,55.0,49.0,51.0,100.0,-99.0,sell_both,10000.0,9900.0,99.0,30.674872665534803,8.0,2.1619435700313736
KXCABOUT-29-SM,Will Stephen Miran be the first person to leave the Trump Cabinet?,KXCABOUT-29,,,2029-01-20T15:00:00Z,,1178,10.0,87.0,13.0,90.0,11.5,88.5,100.0,-99.0,sell_both,10000.0,9900.0,99.0,30.674872665534803,3.0,1.8910314645716502
KXCABOUT-29-RV,Will Russell T. Vought be the first person to leave the Trump Cabinet?,KXCABOUT-29,,,2029-01-20T15:00:00Z,,1178,1.0,98.0,2.0,99.0,1.5,98.5,100.0,-99.0,sell_both,10000.0,9900.0,99.0,30.674872665534803,1.0,2.1491277300337455
KXCABOUT-29-LM,Will Linda McMahon be the first person to leave the Trump Cabinet?,KXCABOUT-29,,,2029-01-20T15:00:00Z,,1178,1.0,98.0,2.0,99.0,1.5,98.5,100.0,-99.0,sell_both,10000.0,9900.0,99.0,30.674872665534803,1.0,2.260973241770013
KXCABOUT-29-JG,Will Jamieson Greer be the first person to leave the Trump Cabinet?,KXCABOUT-29,,,2029-01-20T15:00:00Z,,1178,1.0,98.0,2.0,99.0,1.5,98.5,100.0,-99.0,sell_both,10000.0,9900.0,99.0,30.674872665534803,1.0,2.008046314206921
KXCABOUT-29-HL,Will Howard Lutnick be the first person to leave the Trump Cabinet?,KXCABOUT-29,,,2029-01-20T15:00:00Z,,1178,2.0,97.0,3.0,98.0,2.5,97.5,100.0,-99.0,sell_both,10000.0,9900.0,99.0,30.674872665534803,1.0,2.345953963742682
KXCABOUT-29-CW,Will Chris Wright be the first person to leave the Trump Cabinet?,KXCABOUT-29,,,2029-01-20T15:00:00Z,,1178,2.0,97.0,3.0,98.0,2.5,97.5,100.0,-99.0,sell_both,10000.0,9900.0,99.0,30.674872665534803,1.0,2.4342349927646674
KXCABOUT-29-TG,Will Tulsi Gabbard be the first person to leave the Trump Cabinet?,KXCABOUT-29,,,2029-01-20T15:00:00Z,,1178,2.0,95.0,5.0,98.0,3.5,96.5,100.0,-99.0,sell_both,10000.0,9900.0,99.0,30.674872665534803,3.0,2.1632151996507423
KXCABOUT-29-ST,Will Scott Turner be the first person to leave the Trump Cabinet?,KXCABOUT-29,,,2029-01-20T15:00:00Z,,1178,1.0,98.0,2.0,99.0,1.5,98.5,100.0,-99.0,sell_both,10000.0,9900.0,99.0,30.674872665534803,1.0,1.5513703619703454
KXCABOUT-29-SD,Will Sean Duffy be the first person to leave the Trump Cabinet?,KXCABOUT-29,,,2029-01-20T15:00:00Z,,1178,4.0,95.0,5.0,96.0,4.5,95.5,100.0,-99.0,sell_both,10000.0,9900.0,99.0,30.674872665534803,1.0,1.5469324484281788
KXCABOUT-29-SB,Will Scott Bessent be the first person to leave the Trump Cabinet?,KXCABOUT-29,,,2029-01-20T15:00:00Z,,1178,2.0,97.0,3.0,98.0,2.5,97.5,100.0,-99.0,sell_both,10000.0,9900.0,99.0,30.674872665534803,1.0,1.623807254571798
KXCABOUT-29-RFK,Will Robert F. Kennedy Jr. be the first person to leave the Trump Cabinet?,KXCABOUT-29,,,2029-01-20T15:00:00Z,,1178,3.0,96.0,4.0,97.0,3.5,96.5,100.0,-99.0,sell_both,10000.0,9900.0,99.0,30.674872665534803,1.0,1.6126065856246525
KXCABOUT-29-PH,Will Pete Hegseth be the first person to leave the Trump Cabinet?,KXCABOUT-29,,,2029-01-20T15:00:00Z,,1178,19.0,79.0,21.0,81.0,20.0,80.0,100.0,-99.0,sell_both,10000.0,9900.0,99.0,30.674872665534803,2.0,1.9118708115351308
KXCABOUT-29-PB,Will Pam Bondi be the first person to leave the Trump Cabinet?,KXCABOUT-29,,,2029-01-20T15:00:00Z,,1178,8.0,91.0,9.0,92.0,8.5,91.5,100.0,-99.0,sell_both,10000.0,9900.0,99.0,30.674872665534803,1.0,2.0405881505095533
KXCABOUT-29-MK,Will Michael Kratsios be the first person to leave the Trump Cabinet?,KXCABOUT-29,,,2029-01-20T15:00:00Z,,1178,1.0,98.0,2.0,99.0,1.5,98.5,100.0,-99.0,sell_both,10000.0,9900.0,99.0,30.674872665534803,1.0,1.9835574103110805
KXCABOUT-29-KN,Will Kristi Noem be the first person to leave the Trump Cabinet?,KXCABOUT-29,,,2029-01-20T15:00:00Z,,1178,4.0,94.0,6.0,96.0,5.0,95.0,100.0,-99.0,sell_both,10000.0,9900.0,99.0,30.674872665534803,2.0,2.1068934477092096
KXCABOUT-29-DC,Will Doug Collins be the first person to leave the Trump Cabinet?,KXCABOUT-29,,,2029-01-20T15:00:00Z,,1178,1.0,98.0,2.0,99.0,1.5,98.5,100.0,-99.0,sell_both,10000.0,9900.0,99.0,30.674872665534803,1.0,2.1842618890600094
KXCABOUT-29-DB,Will Doug Burgum be the first person to leave the Trump Cabinet?,KXCABOUT-29,,,2029-01-20T15:00:00Z,,1178,1.0,98.0,2.0,99.0,1.5,98.5,100.0,-99.0,sell_both,10000.0,9900.0,99.0,30.674872665534803,1.0,2.3095454098155335
KXCABOUT-29-SW,Will Susie WIles be the first person to leave the Trump Cabinet?,KXCABOUT-29,,,2029-01-20T15:00:00Z,,1178,1.0,98.0,2.0,99.0,1.5,98.5,100.0,-99.0,sell_both,10000.0,9900.0,99.0,30.674872665534803,1.0,1.744348015735392
KXCANAL-29,Will Trump take back the Panama Canal?,KXCANAL-29,,,2029-01-20T15:00:00Z,,1178,27.0,72.0,28.0,73.0,27.5,72.5,100.0,-99.0,sell_both,10000.0,9900.0,99.0,30.674872665534803,1.0,1.6740669042783207
KXGREENLAND-29,Will Trump buy Greenland?,KXGREENLAND-29,,,2029-01-20T15:00:00Z,,1178,25.0,74.0,26.0,75.0,25.5,74.5,100.0,-99.0,sell_both,10000.0,9900.0,99.0,30.674872665534803,1.0,2.347019386370722
KXFEDCHAIRNOM-29-KH,Will Trump next nominate Kevin Hassett as Fed Chair?,KXFEDCHAIRNOM-29,,,2029-01-20T15:00:00Z,,1178,40.0,59.0,41.0,60.0,40.5,59.5,100.0,-99.0,sell_both,10000.0,9900.0,99.0,30.674872665534803,1.0,1.8356878819668663
KXFEDCHAIRNOM-29-KW,Will Trump next nominate Kevin Warsh as Fed Chair?,KXFEDCHAIRNOM-29,,,2029-01-20T15:00:00Z,,1178,14.0,81.0,19.0,86.0,16.5,83.5,100.0,-99.0,sell_both,10000.0,9900.0,99.0,30.674872665534803,5.0,2.369651873166183
KXFEDEND-29-JAN20,"Will Trump end the Federal Reserve before Jan 20, 2029?",KXFEDEND-29,,,2029-01-20T15:00:00Z,,1178,9.0,87.0,13.0,91.0,11.0,89.0,100.0,-99.0,sell_both,10000.0,9900.0,99.0,30.674872665534803,4.0,2.4667286028260182
KXNEWSCOTUSCONF-29JAN20-5,Will the next President confirm 5 Supreme Court justices?,KXNEWSCOTUSCONF-29JAN20,,,2029-01-20T15:00:00Z,,1178,1.0,98.0,2.0,99.0,1.5,98.5,100.0,-99.0,sell_both,10000.0,9900.0,99.0,30.674872665534803,1.0,2.1639085008382404
KXNEWSCOTUSCONF-29JAN20-4,Will the next President confirm 4 Supreme Court justices?,KXNEWSCOTUSCONF-29JAN20,,,2029-01-20T15:00:00Z,,1178,2.0,97.0,3.0,98.0,2.5,97.5,100.0,-99.0,sell_both,10000.0,9900.0,99.0,30.674872665534803,1.0,2.180940164241101
KXNEWSCOTUSCONF-29JAN20-3,Will the next President confirm 3 Supreme Court justices?,KXNEWSCOTUSCONF-29JAN20,,,2029-01-20T15:00:00Z,,1178,15.0,84.0,16.0,85.0,15.5,84.5,100.0,-99.0,sell_both,10000.0,9900.0,99.0,30.674872665534803,1.0,2.0441379601191305
KXNEWSCOTUSCONF-29JAN20-2,Will the next President confirm 2 Supreme Court justices?,KXNEWSCOTUSCONF-29JAN20,,,2029-01-20T15:00:00Z,,1178,42.0,57.0,43.0,58.0,42.5,57.5,100.0,-99.0,sell_both,10000.0,9900.0,99.0,30.674872665534803,1.0,2.0372162379089755
KXNEWSCOTUSCONF-29JAN20-1,Will the next President confirm 1 Supreme Court justices?,KXNEWSCOTUSCONF-29JAN20,,,2029-01-20T15:00:00Z,,1178,22.0,77.0,23.0,78.0,22.5,77.5,100.0,-99.0,sell_both,10000.0,9900.0,99.0,30.674872665534803,1.0,2.1961329650091774
KXNEWSCOTUSCONF-29JAN20-0,Will the next President confirm 0 Supreme Court justices?,KXNEWSCOTUSCONF-29JAN20,,,2029-01-20T15:00:00Z,,1178,20.0,78.0,22.0,80.0,21.0,79.0,100.0,-99.0,sell_both,10000.0,9900.0,99.0,30.674872665534803,2.0,2.199829538850681
KXGREENTERRITORY-29,Will the United States acquire any part of Greenland before 2029?,KXGREENTERRITORY-29,,,2029-01-21T15:00:00Z,,1179,30.0,69.0,31.0,70.0,30.5,69.5,100.0,-99.0,sell_both,10000.0,9900.0,99.0,30.64885496183206,1.0,2.057850820637881
KXGDPUSMAX-28-5,Will quarterly GDP be above 5% in any quarter in Q1 2025 to Q4 2028?,KXGDPUSMAX-28,,,2029-01-26T13:25:00Z,,1184,60.0,36.0,64.0,40.0,62.0,38.0,100.0,-99.0,sell_both,10000.0,9900.0,99.0,30.519425675675677,4.0,2.04266982158155
KXPARAGUAYDEPUTIES-28-PCN,Who will win the next Paraguayan Chamber of Deputies election?,KXPARAGUAYDEPUTIES-28,,,2029-04-30T14:00:00Z,,1278,67.0,32.0,68.0,33.0,67.5,32.5,100.0,-99.0,sell_both,10000.0,9900.0,99.0,28.274647887323944,1.0,1.826061335223984
KXPRESTURKEYR1-28-RTAY,Who will win the first round of the next Turkish presidential election?,KXPRESTURKEYR1-28,,,2029-05-07T14:00:00Z,,1285,89.0,99.0,1.0,11.0,45.0,55.0,100.0,-99.0,sell_both,10000.0,9900.0,99.0,28.120622568093385,-88.0,4407.019715326475
KXPHILIPPINESPRES-28-LROB,Who will win the next Philippine presidential election?,KXPHILIPPINESPRES-28,,,2029-05-31T14:00:00Z,,1309,88.0,11.0,89.0,12.0,88.5,11.5,100.0,-99.0,sell_both,10000.0,9900.0,99.0,27.60504201680672,1.0,1.8810901094843915
KXPHILIPPINESPRES-28-FPAN,Who will win the next Philippine presidential election?,KXPHILIPPINESPRES-28,,,2029-05-31T14:00:00Z,,1309,61.0,38.0,62.0,39.0,61.5,38.5,100.0,-99.0,sell_both,10000.0,9900.0,99.0,27.60504201680672,1.0,1.8
KXAUSTRALIAHOUSE-28-GREENS,Who will win the next Australian House election?,KXAUSTRALIAHOUSE-28,,,2029-09-30T14:00:00Z,,1431,32.0,67.0,33.0,68.0,32.5,67.5,100.0,-99.0,sell_both,10000.0,9900.0,99.0,25.251572327044027,1.0,1.4268847185389575
KXALBERTAREFYES-29,Will Alberta vote to secede from Canada before the next general election?,KXALBERTAREFYES-29,,,2029-10-15T14:00:00Z,,1446,9.0,86.0,14.0,91.0,11.5,88.5,100.0,-99.0,sell_both,10000.0,9900.0,99.0,24.989626556016596,5.0,1.9256167843057455
KXGEORGIAPARLI-28-GD,Who will win the next Georgian parliamentary election?,KXGEORGIAPARLI-28,,,2029-10-31T14:00:00Z,,1462,54.0,44.0,56.0,46.0,55.0,45.0,100.0,-99.0,sell_both,10000.0,9900.0,99.0,24.71614227086183,2.0,2.057850820637881
KXJAPANHOUSE-28-CDP,Who will win the next Japanese general election?,KXJAPANHOUSE-28,,,2029-10-31T14:00:00Z,,1462,82.0,16.0,84.0,18.0,83.0,17.0,100.0,-99.0,sell_both,10000.0,9900.0,99.0,24.71614227086183,2.0,1.8614510468986285
SENATECO-28-D,Will Democratics win the Senate race in Colorado?,SENATECO-28,,,2029-11-07T15:00:00Z,,1469,53.0,46.0,54.0,47.0,53.5,46.5,100.0,-99.0,sell_both,10000.0,9900.0,99.0,24.598366235534378,1.0,1.8443155912153428
SENATEND-28-D,Will Democratics win the Senate race in North Dakota?,SENATEND-28,,,2029-11-07T15:00:00Z,,1469,58.0,40.0,60.0,42.0,59.0,41.0,100.0,-99.0,sell_both,10000.0,9900.0,99.0,24.598366235534378,2.0,2.1426618958669144
KXPRESPERSON-28-WMOO,Who will win the next presidential election?,KXPRESPERSON-28,,,2029-11-07T15:00:00Z,,1469,2.0,97.0,3.0,98.0,2.5,97.5,100.0,-99.0,sell_both,10000.0,9900.0,99.0,24.598366235534378,1.0,2.2538300734527437
KXPRESPERSON-28-RDES,Who will win the next presidential election?,KXPRESPERSON-28,,,2029-11-07T15:00:00Z,,1469,1.0,98.0,2.0,99.0,1.5,98.5,100.0,-99.0,sell_both,10000.0,9900.0,99.0,24.598366235534378,1.0,2.5335252120316465
KXPRESPERSON-28-MRUB,Who will win the next presidential election?,KXPRESPERSON-28,,,2029-11-07T15:00:00Z,,1469,3.0,96.0,4.0,97.0,3.5,96.5,100.0,-99.0,sell_both,10000.0,9900.0,99.0,24.598366235534378,1.0,2.2310311517323105
KXPRESPERSON-28-JVAN,Who will win the next presidential election?,KXPRESPERSON-28,,,2029-11-07T15:00:00Z,,1469,30.0,68.0,32.0,70.0,31.0,69.0,100.0,-99.0,sell_both,10000.0,9900.0,99.0,24.598366235534378,2.0,4.052715139261579
KXPRESPERSON-28-JPRI,Who will win the next presidential election?,KXPRESPERSON-28,,,2029-11-07T15:00:00Z,,1469,1.0,98.0,2.0,99.0,1.5,98.5,100.0,-99.0,sell_both,10000.0,9900.0,99.0,24.598366235534378,1.0,2.525717719777885
KXPRESPERSON-28-GWHI,Who will win the next presidential election?,KXPRESPERSON-28,,,2029-11-07T15:00:00Z,,1469,2.0,97.0,3.0,98.0,2.5,97.5,100.0,-99.0,sell_both,10000.0,9900.0,99.0,24.598366235534378,1.0,2.3356476617846282
KXPRESPERSON-28-DTRUJR,Who will win the next presidential election?,KXPRESPERSON-28,,,2029-11-07T15:00:00Z,,1469,1.0,98.0,2.0,99.0,1.5,98.5,100.0,-99.0,sell_both,10000.0,9900.0,99.0,24.598366235534378,1.0,2.169101196348386
KXPRESPERSON-28-DTRU,Who will win the next presidential election?,KXPRESPERSON-28,,,2029-11-07T15:00:00Z,,1469,4.0,93.0,7.0,96.0,5.5,94.5,100.0,-99.0,sell_both,10000.0,9900.0,99.0,24.598366235534378,3.0,2.964540436560109
KXPRESPERSON-28-ABES,Who will win the next presidential election?,KXPRESPERSON-28,,,2029-11-07T15:00:00Z,,1469,2.0,97.0,3.0,98.0,2.5,97.5,100.0,-99.0,sell_both,10000.0,9900.0,99.0,24.598366235534378,1.0,2.4665765749313358
KXPRESPERSON-28-PBUT,Who will win the next presidential election?,KXPRESPERSON-28,,,2029-11-07T15:00:00Z,,1469,3.0,96.0,4.0,97.0,3.5,96.5,100.0,-99.0,sell_both,10000.0,9900.0,99.0,24.598366235534378,1.0,2.3547292838031297
KXPRESPERSON-28-KHAR,Who will win the next presidential election?,KXPRESPERSON-28,,,2029-11-07T15:00:00Z,,1469,2.0,97.0,3.0,98.0,2.5,97.5,100.0,-99.0,sell_both,10000.0,9900.0,99.0,24.598366235534378,1.0,2.636759374687042
KXPRESPERSON-28-JSHA,Who will win the next presidential election?,KXPRESPERSON-28,,,2029-11-07T15:00:00Z,,1469,2.0,97.0,3.0,98.0,2.5,97.5,100.0,-99.0,sell_both,10000.0,9900.0,99.0,24.598366235534378,1.0,2.4750757564163566
KXPRESPERSON-28-GNEWS,Who will win the next presidential election?,KXPRESPERSON-28,,,2029-11-07T15:00:00Z,,1469,21.0,78.0,22.0,79.0,21.5,78.5,100.0,-99.0,sell_both,10000.0,9900.0,99.0,24.598366235534378,1.0,2.013144306799689
KXPRESPERSON-28-AOCA,Who will win the next presidential election?,KXPRESPERSON-28,,,2029-11-07T15:00:00Z,,1469,6.0,93.0,7.0,94.0,6.5,93.5,100.0,-99.0,sell_both,10000.0,9900.0,99.0,24.598366235534378,1.0,2.708320512790168
KXGTAPRICE-90,What will the price of GTA VI be?,KXGTAPRICE,,,2030-01-01T15:00:00Z,,1524,20.0,75.0,25.0,80.0,22.5,77.5,100.0,-99.0,sell_both,10000.0,9900.0,99.0,23.71062992125984,5.0,2.0375230060050855
KXGTAPRICE-80,What will the price of GTA VI be?,KXGTAPRICE,,,2030-01-01T15:00:00Z,,1524,37.0,56.0,44.0,63.0,40.5,59.5,100.0,-99.0,sell_both,10000.0,9900.0,99.0,23.71062992125984,7.0,2.165987072906946
KXGTAPRICE-70,What will the price of GTA VI be?,KXGTAPRICE,,,2030-01-01T15:00:00Z,,1524,67.0,29.0,71.0,33.0,69.0,31.0,100.0,-99.0,sell_both,10000.0,9900.0,99.0,23.71062992125984,4.0,2.13383457653118
KXGTAPRICE-100,What will the price of GTA VI be?,KXGTAPRICE,,,2030-01-01T15:00:00Z,,1524,11.0,84.0,16.0,89.0,13.5,86.5,100.0,-99.0,sell_both,10000.0,9900.0,99.0,23.71062992125984,5.0,2.4319745064453286
KXGTAPRICE-60,What will the price of GTA VI be?,KXGTAPRICE,,,2030-01-01T15:00:00Z,,1524,96.0,2.0,98.0,4.0,97.0,3.0,100.0,-99.0,sell_both,10000.0,9900.0,99.0,23.71062992125984,2.0,2.096365903176256
KXNEWPOPE-70-PERD,Who will the next Pope be?,KXNEWPOPE-70,,,2070-01-01T15:00:00Z,,16134,1.0,1.0,99.0,99.0,50.0,50.0,100.0,-99.0,sell_both,10000.0,9900.0,99.0,2.2396801785050204,98.0,0.5869412236331675
